model_checkpoint,run_dir,checkpoint,ood_accuracy,layer,head,readout,pattern,n_valid,prop_met,mean_score
question_D_hier90_linear10_two_phase_200k_seed100_13748191__checkpoint_300000,question_D_hier90_linear10_two_phase_200k_seed100_13748191,300000,0.9999513626098633,0,0,quest,matrix_aux_detector_raw,406,0.0,2.5470897223945104e-19
question_D_hier90_linear10_two_phase_200k_seed100_13748191__checkpoint_300000,question_D_hier90_linear10_two_phase_200k_seed100_13748191,300000,0.9999513626098633,0,1,quest,matrix_aux_detector_raw,406,0.0,3.198194162095512e-22
question_D_hier90_linear10_two_phase_200k_seed100_13748191__checkpoint_300000,question_D_hier90_linear10_two_phase_200k_seed100_13748191,300000,0.9999513626098633,0,2,quest,matrix_aux_detector_raw,406,0.0,1.5516919311393455e-08
question_D_hier90_linear10_two_phase_200k_seed100_13748191__checkpoint_300000,question_D_hier90_linear10_two_phase_200k_seed100_13748191,300000,0.9999513626098633,0,3,quest,matrix_aux_detector_raw,406,0.2684729064039409,0.24375396315898093
question_D_hier90_linear10_two_phase_200k_seed100_13748191__checkpoint_300000,question_D_hier90_linear10_two_phase_200k_seed100_13748191,300000,0.9999513626098633,0,4,quest,matrix_aux_detector_raw,406,0.8152709359605911,0.801512422176609
question_D_hier90_linear10_two_phase_200k_seed100_13748191__checkpoint_300000,question_D_hier90_linear10_two_phase_200k_seed100_13748191,300000,0.9999513626098633,0,5,quest,matrix_aux_detector_raw,406,0.0,2.1441318921023958e-21
question_D_hier90_linear10_two_phase_200k_seed100_13748191__checkpoint_300000,question_D_hier90_linear10_two_phase_200k_seed100_13748191,300000,0.9999513626098633,0,6,quest,matrix_aux_detector_raw,406,0.49261083743842365,0.47621660973572644
question_D_hier90_linear10_two_phase_200k_seed100_13748191__checkpoint_300000,question_D_hier90_linear10_two_phase_200k_seed100_13748191,300000,0.9999513626098633,0,7,quest,matrix_aux_detector_raw,406,0.9137931034482759,0.8906097778472603
question_D_hier90_linear10_two_phase_200k_seed100_13748191__checkpoint_300000,question_D_hier90_linear10_two_phase_200k_seed100_13748191,300000,0.9999513626098633,1,0,quest,matrix_aux_detector_raw,406,0.4088669950738916,0.31948587984546406
question_D_hier90_linear10_two_phase_200k_seed100_13748191__checkpoint_300000,question_D_hier90_linear10_two_phase_200k_seed100_13748191,300000,0.9999513626098633,1,1,quest,matrix_aux_detector_raw,406,0.0,2.4617608535373884e-07
question_D_hier90_linear10_two_phase_200k_seed100_13748191__checkpoint_300000,question_D_hier90_linear10_two_phase_200k_seed100_13748191,300000,0.9999513626098633,1,2,quest,matrix_aux_detector_raw,406,0.0,0.0018670759357019722
question_D_hier90_linear10_two_phase_200k_seed100_13748191__checkpoint_300000,question_D_hier90_linear10_two_phase_200k_seed100_13748191,300000,0.9999513626098633,1,3,quest,matrix_aux_detector_raw,406,0.0,2.316329383795024e-06
question_D_hier90_linear10_two_phase_200k_seed100_13748191__checkpoint_300000,question_D_hier90_linear10_two_phase_200k_seed100_13748191,300000,0.9999513626098633,1,4,quest,matrix_aux_detector_raw,406,0.0,0.0004009804844176135
question_D_hier90_linear10_two_phase_200k_seed100_13748191__checkpoint_300000,question_D_hier90_linear10_two_phase_200k_seed100_13748191,300000,0.9999513626098633,1,5,quest,matrix_aux_detector_raw,406,0.11330049261083744,0.07264372190054456
question_D_hier90_linear10_two_phase_200k_seed100_13748191__checkpoint_300000,question_D_hier90_linear10_two_phase_200k_seed100_13748191,300000,0.9999513626098633,1,6,quest,matrix_aux_detector_raw,406,0.23645320197044334,0.16272441391552284
question_D_hier90_linear10_two_phase_200k_seed100_13748191__checkpoint_300000,question_D_hier90_linear10_two_phase_200k_seed100_13748191,300000,0.9999513626098633,1,7,quest,matrix_aux_detector_raw,406,0.5123152709359606,0.4948765361720827
question_D_hier90_linear10_two_phase_200k_seed100_13748191__checkpoint_300000,question_D_hier90_linear10_two_phase_200k_seed100_13748191,300000,0.9999513626098633,2,0,quest,matrix_aux_detector_raw,406,0.45073891625615764,0.4151173802135583
question_D_hier90_linear10_two_phase_200k_seed100_13748191__checkpoint_300000,question_D_hier90_linear10_two_phase_200k_seed100_13748191,300000,0.9999513626098633,2,1,quest,matrix_aux_detector_raw,406,0.0,8.072838330296741e-13
question_D_hier90_linear10_two_phase_200k_seed100_13748191__checkpoint_300000,question_D_hier90_linear10_two_phase_200k_seed100_13748191,300000,0.9999513626098633,2,2,quest,matrix_aux_detector_raw,406,0.7118226600985221,0.7075272840475574
question_D_hier90_linear10_two_phase_200k_seed100_13748191__checkpoint_300000,question_D_hier90_linear10_two_phase_200k_seed100_13748191,300000,0.9999513626098633,2,3,quest,matrix_aux_detector_raw,406,1.0,0.9999978756669707
question_D_hier90_linear10_two_phase_200k_seed100_13748191__checkpoint_300000,question_D_hier90_linear10_two_phase_200k_seed100_13748191,300000,0.9999513626098633,2,4,quest,matrix_aux_detector_raw,406,0.0,3.360960114166066e-06
question_D_hier90_linear10_two_phase_200k_seed100_13748191__checkpoint_300000,question_D_hier90_linear10_two_phase_200k_seed100_13748191,300000,0.9999513626098633,2,5,quest,matrix_aux_detector_raw,406,0.0,2.7823469713643622e-05
question_D_hier90_linear10_two_phase_200k_seed100_13748191__checkpoint_300000,question_D_hier90_linear10_two_phase_200k_seed100_13748191,300000,0.9999513626098633,2,6,quest,matrix_aux_detector_raw,406,0.0,2.761061219056349e-11
question_D_hier90_linear10_two_phase_200k_seed100_13748191__checkpoint_300000,question_D_hier90_linear10_two_phase_200k_seed100_13748191,300000,0.9999513626098633,2,7,quest,matrix_aux_detector_raw,406,0.0,6.368520930279238e-08
question_D_hier90_linear10_two_phase_200k_seed100_13748191__checkpoint_300000,question_D_hier90_linear10_two_phase_200k_seed100_13748191,300000,0.9999513626098633,3,0,quest,matrix_aux_detector_raw,406,0.0,9.66260558387702e-09
question_D_hier90_linear10_two_phase_200k_seed100_13748191__checkpoint_300000,question_D_hier90_linear10_two_phase_200k_seed100_13748191,300000,0.9999513626098633,3,1,quest,matrix_aux_detector_raw,406,0.14285714285714285,0.11102684612160782
question_D_hier90_linear10_two_phase_200k_seed100_13748191__checkpoint_300000,question_D_hier90_linear10_two_phase_200k_seed100_13748191,300000,0.9999513626098633,3,2,quest,matrix_aux_detector_raw,406,0.0,1.863296884585456e-12
question_D_hier90_linear10_two_phase_200k_seed100_13748191__checkpoint_300000,question_D_hier90_linear10_two_phase_200k_seed100_13748191,300000,0.9999513626098633,3,3,quest,matrix_aux_detector_raw,406,0.9975369458128078,0.9829059139701534
question_D_hier90_linear10_two_phase_200k_seed100_13748191__checkpoint_300000,question_D_hier90_linear10_two_phase_200k_seed100_13748191,300000,0.9999513626098633,3,4,quest,matrix_aux_detector_raw,406,0.0,0.0016023679430069479
question_D_hier90_linear10_two_phase_200k_seed100_13748191__checkpoint_300000,question_D_hier90_linear10_two_phase_200k_seed100_13748191,300000,0.9999513626098633,3,5,quest,matrix_aux_detector_raw,406,0.0,9.4033320236117e-07
question_D_hier90_linear10_two_phase_200k_seed100_13748191__checkpoint_300000,question_D_hier90_linear10_two_phase_200k_seed100_13748191,300000,0.9999513626098633,3,6,quest,matrix_aux_detector_raw,406,0.0,5.081159266230581e-06
question_D_hier90_linear10_two_phase_200k_seed100_13748191__checkpoint_300000,question_D_hier90_linear10_two_phase_200k_seed100_13748191,300000,0.9999513626098633,3,7,quest,matrix_aux_detector_raw,406,0.0,1.889843264852711e-11
question_D_hier90_linear10_two_phase_200k_seed100_13748191__checkpoint_300000,question_D_hier90_linear10_two_phase_200k_seed100_13748191,300000,0.9999513626098633,4,0,quest,matrix_aux_detector_raw,406,1.0,0.9999990357554017
question_D_hier90_linear10_two_phase_200k_seed100_13748191__checkpoint_300000,question_D_hier90_linear10_two_phase_200k_seed100_13748191,300000,0.9999513626098633,4,1,quest,matrix_aux_detector_raw,406,0.0,2.909957508947905e-05
question_D_hier90_linear10_two_phase_200k_seed100_13748191__checkpoint_300000,question_D_hier90_linear10_two_phase_200k_seed100_13748191,300000,0.9999513626098633,4,2,quest,matrix_aux_detector_raw,406,0.0,7.888856135908656e-15
question_D_hier90_linear10_two_phase_200k_seed100_13748191__checkpoint_300000,question_D_hier90_linear10_two_phase_200k_seed100_13748191,300000,0.9999513626098633,4,3,quest,matrix_aux_detector_raw,406,0.0,7.848730494887997e-08
question_D_hier90_linear10_two_phase_200k_seed100_13748191__checkpoint_300000,question_D_hier90_linear10_two_phase_200k_seed100_13748191,300000,0.9999513626098633,4,4,quest,matrix_aux_detector_raw,406,0.0,2.1628158260379198e-05
question_D_hier90_linear10_two_phase_200k_seed100_13748191__checkpoint_300000,question_D_hier90_linear10_two_phase_200k_seed100_13748191,300000,0.9999513626098633,4,5,quest,matrix_aux_detector_raw,406,0.0,1.5330227239889435e-06
question_D_hier90_linear10_two_phase_200k_seed100_13748191__checkpoint_300000,question_D_hier90_linear10_two_phase_200k_seed100_13748191,300000,0.9999513626098633,4,6,quest,matrix_aux_detector_raw,406,0.0,3.686152998576705e-08
question_D_hier90_linear10_two_phase_200k_seed100_13748191__checkpoint_300000,question_D_hier90_linear10_two_phase_200k_seed100_13748191,300000,0.9999513626098633,4,7,quest,matrix_aux_detector_raw,406,0.0,3.584199828845294e-12
question_D_hier90_linear10_two_phase_200k_seed100_13748191__checkpoint_300000,question_D_hier90_linear10_two_phase_200k_seed100_13748191,300000,0.9999513626098633,5,0,quest,matrix_aux_detector_raw,406,0.0,0.0016678167886791519
question_D_hier90_linear10_two_phase_200k_seed100_13748191__checkpoint_300000,question_D_hier90_linear10_two_phase_200k_seed100_13748191,300000,0.9999513626098633,5,1,quest,matrix_aux_detector_raw,406,0.0,1.4227526559567592e-07
question_D_hier90_linear10_two_phase_200k_seed100_13748191__checkpoint_300000,question_D_hier90_linear10_two_phase_200k_seed100_13748191,300000,0.9999513626098633,5,2,quest,matrix_aux_detector_raw,406,0.0,6.140861064122977e-06
question_D_hier90_linear10_two_phase_200k_seed100_13748191__checkpoint_300000,question_D_hier90_linear10_two_phase_200k_seed100_13748191,300000,0.9999513626098633,5,3,quest,matrix_aux_detector_raw,406,0.0,0.001459584957213452
question_D_hier90_linear10_two_phase_200k_seed100_13748191__checkpoint_300000,question_D_hier90_linear10_two_phase_200k_seed100_13748191,300000,0.9999513626098633,5,4,quest,matrix_aux_detector_raw,406,0.0,0.0026433831617878887
question_D_hier90_linear10_two_phase_200k_seed100_13748191__checkpoint_300000,question_D_hier90_linear10_two_phase_200k_seed100_13748191,300000,0.9999513626098633,5,5,quest,matrix_aux_detector_raw,406,0.0,0.0011062007655398283
question_D_hier90_linear10_two_phase_200k_seed100_13748191__checkpoint_300000,question_D_hier90_linear10_two_phase_200k_seed100_13748191,300000,0.9999513626098633,5,6,quest,matrix_aux_detector_raw,406,0.0,4.634047291824076e-08
question_D_hier90_linear10_two_phase_200k_seed100_13748191__checkpoint_300000,question_D_hier90_linear10_two_phase_200k_seed100_13748191,300000,0.9999513626098633,5,7,quest,matrix_aux_detector_raw,406,0.0,3.007641824228916e-08
question_D_hier90_linear10_two_phase_200k_seed101_13911728__checkpoint_300000,question_D_hier90_linear10_two_phase_200k_seed101_13911728,300000,0.2570793926715851,0,0,quest,matrix_aux_detector_raw,406,0.0049261083743842365,0.002601249068399411
question_D_hier90_linear10_two_phase_200k_seed101_13911728__checkpoint_300000,question_D_hier90_linear10_two_phase_200k_seed101_13911728,300000,0.2570793926715851,0,1,quest,matrix_aux_detector_raw,406,0.0,4.5318196672859705e-26
question_D_hier90_linear10_two_phase_200k_seed101_13911728__checkpoint_300000,question_D_hier90_linear10_two_phase_200k_seed101_13911728,300000,0.2570793926715851,0,2,quest,matrix_aux_detector_raw,406,0.0,6.348509307340534e-34
question_D_hier90_linear10_two_phase_200k_seed101_13911728__checkpoint_300000,question_D_hier90_linear10_two_phase_200k_seed101_13911728,300000,0.2570793926715851,0,3,quest,matrix_aux_detector_raw,406,0.007389162561576354,0.004645374600712971
question_D_hier90_linear10_two_phase_200k_seed101_13911728__checkpoint_300000,question_D_hier90_linear10_two_phase_200k_seed101_13911728,300000,0.2570793926715851,0,4,quest,matrix_aux_detector_raw,406,0.0,2.819217131105918e-17
question_D_hier90_linear10_two_phase_200k_seed101_13911728__checkpoint_300000,question_D_hier90_linear10_two_phase_200k_seed101_13911728,300000,0.2570793926715851,0,5,quest,matrix_aux_detector_raw,406,0.0,4.553767512076985e-30
question_D_hier90_linear10_two_phase_200k_seed101_13911728__checkpoint_300000,question_D_hier90_linear10_two_phase_200k_seed101_13911728,300000,0.2570793926715851,0,6,quest,matrix_aux_detector_raw,406,0.0,7.86494266233155e-20
question_D_hier90_linear10_two_phase_200k_seed101_13911728__checkpoint_300000,question_D_hier90_linear10_two_phase_200k_seed101_13911728,300000,0.2570793926715851,0,7,quest,matrix_aux_detector_raw,406,0.09359605911330049,0.07963993474706549
question_D_hier90_linear10_two_phase_200k_seed101_13911728__checkpoint_300000,question_D_hier90_linear10_two_phase_200k_seed101_13911728,300000,0.2570793926715851,1,0,quest,matrix_aux_detector_raw,406,0.027093596059113302,0.016653074958831074
question_D_hier90_linear10_two_phase_200k_seed101_13911728__checkpoint_300000,question_D_hier90_linear10_two_phase_200k_seed101_13911728,300000,0.2570793926715851,1,1,quest,matrix_aux_detector_raw,406,0.07142857142857142,0.04708628334940583
question_D_hier90_linear10_two_phase_200k_seed101_13911728__checkpoint_300000,question_D_hier90_linear10_two_phase_200k_seed101_13911728,300000,0.2570793926715851,1,2,quest,matrix_aux_detector_raw,406,0.2019704433497537,0.12215500805542574
question_D_hier90_linear10_two_phase_200k_seed101_13911728__checkpoint_300000,question_D_hier90_linear10_two_phase_200k_seed101_13911728,300000,0.2570793926715851,1,3,quest,matrix_aux_detector_raw,406,0.0,7.033463569897051e-07
question_D_hier90_linear10_two_phase_200k_seed101_13911728__checkpoint_300000,question_D_hier90_linear10_two_phase_200k_seed101_13911728,300000,0.2570793926715851,1,4,quest,matrix_aux_detector_raw,406,0.20935960591133004,0.20483694522569765
question_D_hier90_linear10_two_phase_200k_seed101_13911728__checkpoint_300000,question_D_hier90_linear10_two_phase_200k_seed101_13911728,300000,0.2570793926715851,1,5,quest,matrix_aux_detector_raw,406,0.0,0.0003073401514499129
question_D_hier90_linear10_two_phase_200k_seed101_13911728__checkpoint_300000,question_D_hier90_linear10_two_phase_200k_seed101_13911728,300000,0.2570793926715851,1,6,quest,matrix_aux_detector_raw,406,0.0,2.203301383997313e-08
question_D_hier90_linear10_two_phase_200k_seed101_13911728__checkpoint_300000,question_D_hier90_linear10_two_phase_200k_seed101_13911728,300000,0.2570793926715851,1,7,quest,matrix_aux_detector_raw,406,0.625615763546798,0.49576601764678113
question_D_hier90_linear10_two_phase_200k_seed101_13911728__checkpoint_300000,question_D_hier90_linear10_two_phase_200k_seed101_13911728,300000,0.2570793926715851,2,0,quest,matrix_aux_detector_raw,406,0.0,1.0492938092198975e-10
question_D_hier90_linear10_two_phase_200k_seed101_13911728__checkpoint_300000,question_D_hier90_linear10_two_phase_200k_seed101_13911728,300000,0.2570793926715851,2,1,quest,matrix_aux_detector_raw,406,0.0,2.4544428751633494e-15
question_D_hier90_linear10_two_phase_200k_seed101_13911728__checkpoint_300000,question_D_hier90_linear10_two_phase_200k_seed101_13911728,300000,0.2570793926715851,2,2,quest,matrix_aux_detector_raw,406,0.0,0.00043937757662238555
question_D_hier90_linear10_two_phase_200k_seed101_13911728__checkpoint_300000,question_D_hier90_linear10_two_phase_200k_seed101_13911728,300000,0.2570793926715851,2,3,quest,matrix_aux_detector_raw,406,0.05172413793103448,0.030487711126369086
question_D_hier90_linear10_two_phase_200k_seed101_13911728__checkpoint_300000,question_D_hier90_linear10_two_phase_200k_seed101_13911728,300000,0.2570793926715851,2,4,quest,matrix_aux_detector_raw,406,0.0,9.462834010508942e-07
question_D_hier90_linear10_two_phase_200k_seed101_13911728__checkpoint_300000,question_D_hier90_linear10_two_phase_200k_seed101_13911728,300000,0.2570793926715851,2,5,quest,matrix_aux_detector_raw,406,0.0,3.642461091235494e-14
question_D_hier90_linear10_two_phase_200k_seed101_13911728__checkpoint_300000,question_D_hier90_linear10_two_phase_200k_seed101_13911728,300000,0.2570793926715851,2,6,quest,matrix_aux_detector_raw,406,0.0,1.1351279515630737e-10
question_D_hier90_linear10_two_phase_200k_seed101_13911728__checkpoint_300000,question_D_hier90_linear10_two_phase_200k_seed101_13911728,300000,0.2570793926715851,2,7,quest,matrix_aux_detector_raw,406,0.0,3.398884074805814e-07
question_D_hier90_linear10_two_phase_200k_seed101_13911728__checkpoint_300000,question_D_hier90_linear10_two_phase_200k_seed101_13911728,300000,0.2570793926715851,3,0,quest,matrix_aux_detector_raw,406,0.0,9.503423283691268e-12
question_D_hier90_linear10_two_phase_200k_seed101_13911728__checkpoint_300000,question_D_hier90_linear10_two_phase_200k_seed101_13911728,300000,0.2570793926715851,3,1,quest,matrix_aux_detector_raw,406,0.0,1.5880101579336007e-09
question_D_hier90_linear10_two_phase_200k_seed101_13911728__checkpoint_300000,question_D_hier90_linear10_two_phase_200k_seed101_13911728,300000,0.2570793926715851,3,2,quest,matrix_aux_detector_raw,406,1.0,0.999852521959784
question_D_hier90_linear10_two_phase_200k_seed101_13911728__checkpoint_300000,question_D_hier90_linear10_two_phase_200k_seed101_13911728,300000,0.2570793926715851,3,3,quest,matrix_aux_detector_raw,406,0.0,0.0012490473945574979
question_D_hier90_linear10_two_phase_200k_seed101_13911728__checkpoint_300000,question_D_hier90_linear10_two_phase_200k_seed101_13911728,300000,0.2570793926715851,3,4,quest,matrix_aux_detector_raw,406,0.0,2.79341142389883e-09
question_D_hier90_linear10_two_phase_200k_seed101_13911728__checkpoint_300000,question_D_hier90_linear10_two_phase_200k_seed101_13911728,300000,0.2570793926715851,3,5,quest,matrix_aux_detector_raw,406,0.0,1.9821761417362018e-11
question_D_hier90_linear10_two_phase_200k_seed101_13911728__checkpoint_300000,question_D_hier90_linear10_two_phase_200k_seed101_13911728,300000,0.2570793926715851,3,6,quest,matrix_aux_detector_raw,406,0.9901477832512315,0.9850273202058717
question_D_hier90_linear10_two_phase_200k_seed101_13911728__checkpoint_300000,question_D_hier90_linear10_two_phase_200k_seed101_13911728,300000,0.2570793926715851,3,7,quest,matrix_aux_detector_raw,406,1.0,0.9999982964229114
question_D_hier90_linear10_two_phase_200k_seed101_13911728__checkpoint_300000,question_D_hier90_linear10_two_phase_200k_seed101_13911728,300000,0.2570793926715851,4,0,quest,matrix_aux_detector_raw,406,0.0024630541871921183,0.0015604541234147298
question_D_hier90_linear10_two_phase_200k_seed101_13911728__checkpoint_300000,question_D_hier90_linear10_two_phase_200k_seed101_13911728,300000,0.2570793926715851,4,1,quest,matrix_aux_detector_raw,406,0.8472906403940886,0.8201832118899304
question_D_hier90_linear10_two_phase_200k_seed101_13911728__checkpoint_300000,question_D_hier90_linear10_two_phase_200k_seed101_13911728,300000,0.2570793926715851,4,2,quest,matrix_aux_detector_raw,406,0.0,7.979599002800209e-09
question_D_hier90_linear10_two_phase_200k_seed101_13911728__checkpoint_300000,question_D_hier90_linear10_two_phase_200k_seed101_13911728,300000,0.2570793926715851,4,3,quest,matrix_aux_detector_raw,406,0.08374384236453201,0.05381493799094162
question_D_hier90_linear10_two_phase_200k_seed101_13911728__checkpoint_300000,question_D_hier90_linear10_two_phase_200k_seed101_13911728,300000,0.2570793926715851,4,4,quest,matrix_aux_detector_raw,406,0.029556650246305417,0.01738090784563692
question_D_hier90_linear10_two_phase_200k_seed101_13911728__checkpoint_300000,question_D_hier90_linear10_two_phase_200k_seed101_13911728,300000,0.2570793926715851,4,5,quest,matrix_aux_detector_raw,406,1.0,0.9999996740829769
question_D_hier90_linear10_two_phase_200k_seed101_13911728__checkpoint_300000,question_D_hier90_linear10_two_phase_200k_seed101_13911728,300000,0.2570793926715851,4,6,quest,matrix_aux_detector_raw,406,0.9088669950738916,0.855435286745184
question_D_hier90_linear10_two_phase_200k_seed101_13911728__checkpoint_300000,question_D_hier90_linear10_two_phase_200k_seed101_13911728,300000,0.2570793926715851,4,7,quest,matrix_aux_detector_raw,406,1.0,0.9912452988436656
question_D_hier90_linear10_two_phase_200k_seed101_13911728__checkpoint_300000,question_D_hier90_linear10_two_phase_200k_seed101_13911728,300000,0.2570793926715851,5,0,quest,matrix_aux_detector_raw,406,0.0,0.0034367070323960457
question_D_hier90_linear10_two_phase_200k_seed101_13911728__checkpoint_300000,question_D_hier90_linear10_two_phase_200k_seed101_13911728,300000,0.2570793926715851,5,1,quest,matrix_aux_detector_raw,406,0.0,7.622662151999867e-06
question_D_hier90_linear10_two_phase_200k_seed101_13911728__checkpoint_300000,question_D_hier90_linear10_two_phase_200k_seed101_13911728,300000,0.2570793926715851,5,2,quest,matrix_aux_detector_raw,406,0.0,0.0004294832688910689
question_D_hier90_linear10_two_phase_200k_seed101_13911728__checkpoint_300000,question_D_hier90_linear10_two_phase_200k_seed101_13911728,300000,0.2570793926715851,5,3,quest,matrix_aux_detector_raw,406,0.0,0.0003052504910254228
question_D_hier90_linear10_two_phase_200k_seed101_13911728__checkpoint_300000,question_D_hier90_linear10_two_phase_200k_seed101_13911728,300000,0.2570793926715851,5,4,quest,matrix_aux_detector_raw,406,0.0,1.4783272319819034e-08
question_D_hier90_linear10_two_phase_200k_seed101_13911728__checkpoint_300000,question_D_hier90_linear10_two_phase_200k_seed101_13911728,300000,0.2570793926715851,5,5,quest,matrix_aux_detector_raw,406,0.0,7.711371534883319e-08
question_D_hier90_linear10_two_phase_200k_seed101_13911728__checkpoint_300000,question_D_hier90_linear10_two_phase_200k_seed101_13911728,300000,0.2570793926715851,5,6,quest,matrix_aux_detector_raw,406,0.0,1.0863753610923907e-06
question_D_hier90_linear10_two_phase_200k_seed101_13911728__checkpoint_300000,question_D_hier90_linear10_two_phase_200k_seed101_13911728,300000,0.2570793926715851,5,7,quest,matrix_aux_detector_raw,406,0.0,9.061839575728232e-06
question_D_hier90_linear10_two_phase_200k_seed102_13911850__checkpoint_300000,question_D_hier90_linear10_two_phase_200k_seed102_13911850,300000,0.0025156689807772636,0,0,quest,matrix_aux_detector_raw,406,0.0,1.962508144864756e-43
question_D_hier90_linear10_two_phase_200k_seed102_13911850__checkpoint_300000,question_D_hier90_linear10_two_phase_200k_seed102_13911850,300000,0.0025156689807772636,0,1,quest,matrix_aux_detector_raw,406,0.0,4.012345486144159e-42
question_D_hier90_linear10_two_phase_200k_seed102_13911850__checkpoint_300000,question_D_hier90_linear10_two_phase_200k_seed102_13911850,300000,0.0025156689807772636,0,2,quest,matrix_aux_detector_raw,406,0.0,3.7157180121338093e-29
question_D_hier90_linear10_two_phase_200k_seed102_13911850__checkpoint_300000,question_D_hier90_linear10_two_phase_200k_seed102_13911850,300000,0.0025156689807772636,0,3,quest,matrix_aux_detector_raw,406,0.0,5.454375932570231e-26
question_D_hier90_linear10_two_phase_200k_seed102_13911850__checkpoint_300000,question_D_hier90_linear10_two_phase_200k_seed102_13911850,300000,0.0025156689807772636,0,4,quest,matrix_aux_detector_raw,406,0.0,0.0005214089827834579
question_D_hier90_linear10_two_phase_200k_seed102_13911850__checkpoint_300000,question_D_hier90_linear10_two_phase_200k_seed102_13911850,300000,0.0025156689807772636,0,5,quest,matrix_aux_detector_raw,406,0.0,1.24833509999673e-10
question_D_hier90_linear10_two_phase_200k_seed102_13911850__checkpoint_300000,question_D_hier90_linear10_two_phase_200k_seed102_13911850,300000,0.0025156689807772636,0,6,quest,matrix_aux_detector_raw,406,0.0,1.8313620675330138e-07
question_D_hier90_linear10_two_phase_200k_seed102_13911850__checkpoint_300000,question_D_hier90_linear10_two_phase_200k_seed102_13911850,300000,0.0025156689807772636,0,7,quest,matrix_aux_detector_raw,406,0.0,4.2780913476077137e-16
question_D_hier90_linear10_two_phase_200k_seed102_13911850__checkpoint_300000,question_D_hier90_linear10_two_phase_200k_seed102_13911850,300000,0.0025156689807772636,1,0,quest,matrix_aux_detector_raw,406,0.0,0.0006944651213741164
question_D_hier90_linear10_two_phase_200k_seed102_13911850__checkpoint_300000,question_D_hier90_linear10_two_phase_200k_seed102_13911850,300000,0.0025156689807772636,1,1,quest,matrix_aux_detector_raw,406,0.0,5.555631097615907e-06
question_D_hier90_linear10_two_phase_200k_seed102_13911850__checkpoint_300000,question_D_hier90_linear10_two_phase_200k_seed102_13911850,300000,0.0025156689807772636,1,2,quest,matrix_aux_detector_raw,406,0.0,7.978708733088604e-11
question_D_hier90_linear10_two_phase_200k_seed102_13911850__checkpoint_300000,question_D_hier90_linear10_two_phase_200k_seed102_13911850,300000,0.0025156689807772636,1,3,quest,matrix_aux_detector_raw,406,0.0,5.206273531364973e-20
question_D_hier90_linear10_two_phase_200k_seed102_13911850__checkpoint_300000,question_D_hier90_linear10_two_phase_200k_seed102_13911850,300000,0.0025156689807772636,1,4,quest,matrix_aux_detector_raw,406,0.03940886699507389,0.028275009483290998
question_D_hier90_linear10_two_phase_200k_seed102_13911850__checkpoint_300000,question_D_hier90_linear10_two_phase_200k_seed102_13911850,300000,0.0025156689807772636,1,5,quest,matrix_aux_detector_raw,406,0.0,9.639461737096375e-06
question_D_hier90_linear10_two_phase_200k_seed102_13911850__checkpoint_300000,question_D_hier90_linear10_two_phase_200k_seed102_13911850,300000,0.0025156689807772636,1,6,quest,matrix_aux_detector_raw,406,0.0024630541871921183,0.0010671514416658603
question_D_hier90_linear10_two_phase_200k_seed102_13911850__checkpoint_300000,question_D_hier90_linear10_two_phase_200k_seed102_13911850,300000,0.0025156689807772636,1,7,quest,matrix_aux_detector_raw,406,0.0,1.4208512798576285e-12
question_D_hier90_linear10_two_phase_200k_seed102_13911850__checkpoint_300000,question_D_hier90_linear10_two_phase_200k_seed102_13911850,300000,0.0025156689807772636,2,0,quest,matrix_aux_detector_raw,406,0.012315270935960592,0.008407997507001478
question_D_hier90_linear10_two_phase_200k_seed102_13911850__checkpoint_300000,question_D_hier90_linear10_two_phase_200k_seed102_13911850,300000,0.0025156689807772636,2,1,quest,matrix_aux_detector_raw,406,0.0,2.2516981180968176e-07
question_D_hier90_linear10_two_phase_200k_seed102_13911850__checkpoint_300000,question_D_hier90_linear10_two_phase_200k_seed102_13911850,300000,0.0025156689807772636,2,2,quest,matrix_aux_detector_raw,406,0.0024630541871921183,0.001491192326887561
question_D_hier90_linear10_two_phase_200k_seed102_13911850__checkpoint_300000,question_D_hier90_linear10_two_phase_200k_seed102_13911850,300000,0.0025156689807772636,2,3,quest,matrix_aux_detector_raw,406,0.0,1.834542855868828e-08
question_D_hier90_linear10_two_phase_200k_seed102_13911850__checkpoint_300000,question_D_hier90_linear10_two_phase_200k_seed102_13911850,300000,0.0025156689807772636,2,4,quest,matrix_aux_detector_raw,406,0.0,0.000603878088312939
question_D_hier90_linear10_two_phase_200k_seed102_13911850__checkpoint_300000,question_D_hier90_linear10_two_phase_200k_seed102_13911850,300000,0.0025156689807772636,2,5,quest,matrix_aux_detector_raw,406,0.0,0.0003102899238556078
question_D_hier90_linear10_two_phase_200k_seed102_13911850__checkpoint_300000,question_D_hier90_linear10_two_phase_200k_seed102_13911850,300000,0.0025156689807772636,2,6,quest,matrix_aux_detector_raw,406,0.0,6.756718488537207e-06
question_D_hier90_linear10_two_phase_200k_seed102_13911850__checkpoint_300000,question_D_hier90_linear10_two_phase_200k_seed102_13911850,300000,0.0025156689807772636,2,7,quest,matrix_aux_detector_raw,406,0.0,2.2990772737741048e-08
question_D_hier90_linear10_two_phase_200k_seed102_13911850__checkpoint_300000,question_D_hier90_linear10_two_phase_200k_seed102_13911850,300000,0.0025156689807772636,3,0,quest,matrix_aux_detector_raw,406,0.0,9.617416200352524e-09
question_D_hier90_linear10_two_phase_200k_seed102_13911850__checkpoint_300000,question_D_hier90_linear10_two_phase_200k_seed102_13911850,300000,0.0025156689807772636,3,1,quest,matrix_aux_detector_raw,406,0.0,4.408035675038201e-09
question_D_hier90_linear10_two_phase_200k_seed102_13911850__checkpoint_300000,question_D_hier90_linear10_two_phase_200k_seed102_13911850,300000,0.0025156689807772636,3,2,quest,matrix_aux_detector_raw,406,0.0,4.6003363792619e-06
question_D_hier90_linear10_two_phase_200k_seed102_13911850__checkpoint_300000,question_D_hier90_linear10_two_phase_200k_seed102_13911850,300000,0.0025156689807772636,3,3,quest,matrix_aux_detector_raw,406,0.0,0.0019831743267034593
question_D_hier90_linear10_two_phase_200k_seed102_13911850__checkpoint_300000,question_D_hier90_linear10_two_phase_200k_seed102_13911850,300000,0.0025156689807772636,3,4,quest,matrix_aux_detector_raw,406,0.0,0.00029696368300182775
question_D_hier90_linear10_two_phase_200k_seed102_13911850__checkpoint_300000,question_D_hier90_linear10_two_phase_200k_seed102_13911850,300000,0.0025156689807772636,3,5,quest,matrix_aux_detector_raw,406,0.0,0.0006809321971306428
question_D_hier90_linear10_two_phase_200k_seed102_13911850__checkpoint_300000,question_D_hier90_linear10_two_phase_200k_seed102_13911850,300000,0.0025156689807772636,3,6,quest,matrix_aux_detector_raw,406,0.0,2.6496255954956206e-05
question_D_hier90_linear10_two_phase_200k_seed102_13911850__checkpoint_300000,question_D_hier90_linear10_two_phase_200k_seed102_13911850,300000,0.0025156689807772636,3,7,quest,matrix_aux_detector_raw,406,0.0,5.9783388792499985e-06
question_D_hier90_linear10_two_phase_200k_seed102_13911850__checkpoint_300000,question_D_hier90_linear10_two_phase_200k_seed102_13911850,300000,0.0025156689807772636,4,0,quest,matrix_aux_detector_raw,406,0.6798029556650246,0.6621779623206907
question_D_hier90_linear10_two_phase_200k_seed102_13911850__checkpoint_300000,question_D_hier90_linear10_two_phase_200k_seed102_13911850,300000,0.0025156689807772636,4,1,quest,matrix_aux_detector_raw,406,0.0,1.160032414251848e-05
question_D_hier90_linear10_two_phase_200k_seed102_13911850__checkpoint_300000,question_D_hier90_linear10_two_phase_200k_seed102_13911850,300000,0.0025156689807772636,4,2,quest,matrix_aux_detector_raw,406,0.0,4.131355718639759e-05
question_D_hier90_linear10_two_phase_200k_seed102_13911850__checkpoint_300000,question_D_hier90_linear10_two_phase_200k_seed102_13911850,300000,0.0025156689807772636,4,3,quest,matrix_aux_detector_raw,406,0.017241379310344827,0.01128379087645596
question_D_hier90_linear10_two_phase_200k_seed102_13911850__checkpoint_300000,question_D_hier90_linear10_two_phase_200k_seed102_13911850,300000,0.0025156689807772636,4,4,quest,matrix_aux_detector_raw,406,0.03940886699507389,0.02650864395759129
question_D_hier90_linear10_two_phase_200k_seed102_13911850__checkpoint_300000,question_D_hier90_linear10_two_phase_200k_seed102_13911850,300000,0.0025156689807772636,4,5,quest,matrix_aux_detector_raw,406,0.03201970443349754,0.03090146378102016
question_D_hier90_linear10_two_phase_200k_seed102_13911850__checkpoint_300000,question_D_hier90_linear10_two_phase_200k_seed102_13911850,300000,0.0025156689807772636,4,6,quest,matrix_aux_detector_raw,406,0.0,1.6581241614696892e-09
question_D_hier90_linear10_two_phase_200k_seed102_13911850__checkpoint_300000,question_D_hier90_linear10_two_phase_200k_seed102_13911850,300000,0.0025156689807772636,4,7,quest,matrix_aux_detector_raw,406,0.0,1.1526783147125676e-06
question_D_hier90_linear10_two_phase_200k_seed102_13911850__checkpoint_300000,question_D_hier90_linear10_two_phase_200k_seed102_13911850,300000,0.0025156689807772636,5,0,quest,matrix_aux_detector_raw,406,0.0,1.1939470695436213e-05
question_D_hier90_linear10_two_phase_200k_seed102_13911850__checkpoint_300000,question_D_hier90_linear10_two_phase_200k_seed102_13911850,300000,0.0025156689807772636,5,1,quest,matrix_aux_detector_raw,406,0.0,1.905808936272558e-05
question_D_hier90_linear10_two_phase_200k_seed102_13911850__checkpoint_300000,question_D_hier90_linear10_two_phase_200k_seed102_13911850,300000,0.0025156689807772636,5,2,quest,matrix_aux_detector_raw,406,0.0,1.3507058731759714e-07
question_D_hier90_linear10_two_phase_200k_seed102_13911850__checkpoint_300000,question_D_hier90_linear10_two_phase_200k_seed102_13911850,300000,0.0025156689807772636,5,3,quest,matrix_aux_detector_raw,406,0.0,3.540153615584787e-11
question_D_hier90_linear10_two_phase_200k_seed102_13911850__checkpoint_300000,question_D_hier90_linear10_two_phase_200k_seed102_13911850,300000,0.0025156689807772636,5,4,quest,matrix_aux_detector_raw,406,0.0,5.946164249232461e-08
question_D_hier90_linear10_two_phase_200k_seed102_13911850__checkpoint_300000,question_D_hier90_linear10_two_phase_200k_seed102_13911850,300000,0.0025156689807772636,5,5,quest,matrix_aux_detector_raw,406,0.0,1.6991739707089093e-05
question_D_hier90_linear10_two_phase_200k_seed102_13911850__checkpoint_300000,question_D_hier90_linear10_two_phase_200k_seed102_13911850,300000,0.0025156689807772636,5,6,quest,matrix_aux_detector_raw,406,0.0,2.3996692560939506e-07
question_D_hier90_linear10_two_phase_200k_seed102_13911850__checkpoint_300000,question_D_hier90_linear10_two_phase_200k_seed102_13911850,300000,0.0025156689807772636,5,7,quest,matrix_aux_detector_raw,406,0.0,0.0021145997720389597
question_D_hier90_linear10_two_phase_200k_seed103_13911974__checkpoint_300000,question_D_hier90_linear10_two_phase_200k_seed103_13911974,300000,0.010333126410841942,0,0,quest,matrix_aux_detector_raw,406,0.0,0.007540801139973038
question_D_hier90_linear10_two_phase_200k_seed103_13911974__checkpoint_300000,question_D_hier90_linear10_two_phase_200k_seed103_13911974,300000,0.010333126410841942,0,1,quest,matrix_aux_detector_raw,406,0.0,6.638318776187872e-18
question_D_hier90_linear10_two_phase_200k_seed103_13911974__checkpoint_300000,question_D_hier90_linear10_two_phase_200k_seed103_13911974,300000,0.010333126410841942,0,2,quest,matrix_aux_detector_raw,406,0.0,8.502280550758873e-10
question_D_hier90_linear10_two_phase_200k_seed103_13911974__checkpoint_300000,question_D_hier90_linear10_two_phase_200k_seed103_13911974,300000,0.010333126410841942,0,3,quest,matrix_aux_detector_raw,406,0.0,5.940314704325212e-31
question_D_hier90_linear10_two_phase_200k_seed103_13911974__checkpoint_300000,question_D_hier90_linear10_two_phase_200k_seed103_13911974,300000,0.010333126410841942,0,4,quest,matrix_aux_detector_raw,406,0.0,8.376280284709173e-28
question_D_hier90_linear10_two_phase_200k_seed103_13911974__checkpoint_300000,question_D_hier90_linear10_two_phase_200k_seed103_13911974,300000,0.010333126410841942,0,5,quest,matrix_aux_detector_raw,406,0.0,5.9299692841210504e-27
question_D_hier90_linear10_two_phase_200k_seed103_13911974__checkpoint_300000,question_D_hier90_linear10_two_phase_200k_seed103_13911974,300000,0.010333126410841942,0,6,quest,matrix_aux_detector_raw,406,0.37192118226600984,0.35912228803607443
question_D_hier90_linear10_two_phase_200k_seed103_13911974__checkpoint_300000,question_D_hier90_linear10_two_phase_200k_seed103_13911974,300000,0.010333126410841942,0,7,quest,matrix_aux_detector_raw,406,0.0,3.466920208543444e-10
question_D_hier90_linear10_two_phase_200k_seed103_13911974__checkpoint_300000,question_D_hier90_linear10_two_phase_200k_seed103_13911974,300000,0.010333126410841942,1,0,quest,matrix_aux_detector_raw,406,0.0,0.00048708463760287196
question_D_hier90_linear10_two_phase_200k_seed103_13911974__checkpoint_300000,question_D_hier90_linear10_two_phase_200k_seed103_13911974,300000,0.010333126410841942,1,1,quest,matrix_aux_detector_raw,406,0.0,0.0020321247882463325
question_D_hier90_linear10_two_phase_200k_seed103_13911974__checkpoint_300000,question_D_hier90_linear10_two_phase_200k_seed103_13911974,300000,0.010333126410841942,1,2,quest,matrix_aux_detector_raw,406,0.0,2.7384278568412444e-07
question_D_hier90_linear10_two_phase_200k_seed103_13911974__checkpoint_300000,question_D_hier90_linear10_two_phase_200k_seed103_13911974,300000,0.010333126410841942,1,3,quest,matrix_aux_detector_raw,406,0.0,5.260808294899552e-13
question_D_hier90_linear10_two_phase_200k_seed103_13911974__checkpoint_300000,question_D_hier90_linear10_two_phase_200k_seed103_13911974,300000,0.010333126410841942,1,4,quest,matrix_aux_detector_raw,406,0.017241379310344827,0.007759412534133168
question_D_hier90_linear10_two_phase_200k_seed103_13911974__checkpoint_300000,question_D_hier90_linear10_two_phase_200k_seed103_13911974,300000,0.010333126410841942,1,5,quest,matrix_aux_detector_raw,406,0.0,4.294097909540714e-05
question_D_hier90_linear10_two_phase_200k_seed103_13911974__checkpoint_300000,question_D_hier90_linear10_two_phase_200k_seed103_13911974,300000,0.010333126410841942,1,6,quest,matrix_aux_detector_raw,406,0.0,6.628791953351415e-07
question_D_hier90_linear10_two_phase_200k_seed103_13911974__checkpoint_300000,question_D_hier90_linear10_two_phase_200k_seed103_13911974,300000,0.010333126410841942,1,7,quest,matrix_aux_detector_raw,406,0.0,0.0008983696534801551
question_D_hier90_linear10_two_phase_200k_seed103_13911974__checkpoint_300000,question_D_hier90_linear10_two_phase_200k_seed103_13911974,300000,0.010333126410841942,2,0,quest,matrix_aux_detector_raw,406,0.0,5.959136716998205e-08
question_D_hier90_linear10_two_phase_200k_seed103_13911974__checkpoint_300000,question_D_hier90_linear10_two_phase_200k_seed103_13911974,300000,0.010333126410841942,2,1,quest,matrix_aux_detector_raw,406,0.9408866995073891,0.9014314612605034
question_D_hier90_linear10_two_phase_200k_seed103_13911974__checkpoint_300000,question_D_hier90_linear10_two_phase_200k_seed103_13911974,300000,0.010333126410841942,2,2,quest,matrix_aux_detector_raw,406,0.0,2.581526821758894e-13
question_D_hier90_linear10_two_phase_200k_seed103_13911974__checkpoint_300000,question_D_hier90_linear10_two_phase_200k_seed103_13911974,300000,0.010333126410841942,2,3,quest,matrix_aux_detector_raw,406,0.0,1.8274183322313083e-07
question_D_hier90_linear10_two_phase_200k_seed103_13911974__checkpoint_300000,question_D_hier90_linear10_two_phase_200k_seed103_13911974,300000,0.010333126410841942,2,4,quest,matrix_aux_detector_raw,406,0.7610837438423645,0.6125072075164156
question_D_hier90_linear10_two_phase_200k_seed103_13911974__checkpoint_300000,question_D_hier90_linear10_two_phase_200k_seed103_13911974,300000,0.010333126410841942,2,5,quest,matrix_aux_detector_raw,406,0.0,5.1553960105741816e-05
question_D_hier90_linear10_two_phase_200k_seed103_13911974__checkpoint_300000,question_D_hier90_linear10_two_phase_200k_seed103_13911974,300000,0.010333126410841942,2,6,quest,matrix_aux_detector_raw,406,0.5985221674876847,0.5323349608267823
question_D_hier90_linear10_two_phase_200k_seed103_13911974__checkpoint_300000,question_D_hier90_linear10_two_phase_200k_seed103_13911974,300000,0.010333126410841942,2,7,quest,matrix_aux_detector_raw,406,0.7955665024630542,0.6832203967043707
question_D_hier90_linear10_two_phase_200k_seed103_13911974__checkpoint_300000,question_D_hier90_linear10_two_phase_200k_seed103_13911974,300000,0.010333126410841942,3,0,quest,matrix_aux_detector_raw,406,0.0,2.451253934302893e-08
question_D_hier90_linear10_two_phase_200k_seed103_13911974__checkpoint_300000,question_D_hier90_linear10_two_phase_200k_seed103_13911974,300000,0.010333126410841942,3,1,quest,matrix_aux_detector_raw,406,0.0,4.805103573970864e-06
question_D_hier90_linear10_two_phase_200k_seed103_13911974__checkpoint_300000,question_D_hier90_linear10_two_phase_200k_seed103_13911974,300000,0.010333126410841942,3,2,quest,matrix_aux_detector_raw,406,0.0,3.470189464572554e-09
question_D_hier90_linear10_two_phase_200k_seed103_13911974__checkpoint_300000,question_D_hier90_linear10_two_phase_200k_seed103_13911974,300000,0.010333126410841942,3,3,quest,matrix_aux_detector_raw,406,1.0,0.9985872925502326
question_D_hier90_linear10_two_phase_200k_seed103_13911974__checkpoint_300000,question_D_hier90_linear10_two_phase_200k_seed103_13911974,300000,0.010333126410841942,3,4,quest,matrix_aux_detector_raw,406,0.0,2.5979224514609e-08
question_D_hier90_linear10_two_phase_200k_seed103_13911974__checkpoint_300000,question_D_hier90_linear10_two_phase_200k_seed103_13911974,300000,0.010333126410841942,3,5,quest,matrix_aux_detector_raw,406,0.0,4.20691075845623e-06
question_D_hier90_linear10_two_phase_200k_seed103_13911974__checkpoint_300000,question_D_hier90_linear10_two_phase_200k_seed103_13911974,300000,0.010333126410841942,3,6,quest,matrix_aux_detector_raw,406,0.0,2.060420315796614e-05
question_D_hier90_linear10_two_phase_200k_seed103_13911974__checkpoint_300000,question_D_hier90_linear10_two_phase_200k_seed103_13911974,300000,0.010333126410841942,3,7,quest,matrix_aux_detector_raw,406,1.0,0.999999244224849
question_D_hier90_linear10_two_phase_200k_seed103_13911974__checkpoint_300000,question_D_hier90_linear10_two_phase_200k_seed103_13911974,300000,0.010333126410841942,4,0,quest,matrix_aux_detector_raw,406,0.0,1.3651712961345458e-07
question_D_hier90_linear10_two_phase_200k_seed103_13911974__checkpoint_300000,question_D_hier90_linear10_two_phase_200k_seed103_13911974,300000,0.010333126410841942,4,1,quest,matrix_aux_detector_raw,406,0.0,0.0011207650830037052
question_D_hier90_linear10_two_phase_200k_seed103_13911974__checkpoint_300000,question_D_hier90_linear10_two_phase_200k_seed103_13911974,300000,0.010333126410841942,4,2,quest,matrix_aux_detector_raw,406,0.0,0.0015289449584788889
question_D_hier90_linear10_two_phase_200k_seed103_13911974__checkpoint_300000,question_D_hier90_linear10_two_phase_200k_seed103_13911974,300000,0.010333126410841942,4,3,quest,matrix_aux_detector_raw,406,0.0,2.869371980212622e-05
question_D_hier90_linear10_two_phase_200k_seed103_13911974__checkpoint_300000,question_D_hier90_linear10_two_phase_200k_seed103_13911974,300000,0.010333126410841942,4,4,quest,matrix_aux_detector_raw,406,0.0,1.3403813131136908e-09
question_D_hier90_linear10_two_phase_200k_seed103_13911974__checkpoint_300000,question_D_hier90_linear10_two_phase_200k_seed103_13911974,300000,0.010333126410841942,4,5,quest,matrix_aux_detector_raw,406,0.0,3.051182908269e-08
question_D_hier90_linear10_two_phase_200k_seed103_13911974__checkpoint_300000,question_D_hier90_linear10_two_phase_200k_seed103_13911974,300000,0.010333126410841942,4,6,quest,matrix_aux_detector_raw,406,0.9876847290640394,0.9606163347222535
question_D_hier90_linear10_two_phase_200k_seed103_13911974__checkpoint_300000,question_D_hier90_linear10_two_phase_200k_seed103_13911974,300000,0.010333126410841942,4,7,quest,matrix_aux_detector_raw,406,0.0,5.248993589987411e-06
question_D_hier90_linear10_two_phase_200k_seed103_13911974__checkpoint_300000,question_D_hier90_linear10_two_phase_200k_seed103_13911974,300000,0.010333126410841942,5,0,quest,matrix_aux_detector_raw,406,0.007389162561576354,0.006034810230389945
question_D_hier90_linear10_two_phase_200k_seed103_13911974__checkpoint_300000,question_D_hier90_linear10_two_phase_200k_seed103_13911974,300000,0.010333126410841942,5,1,quest,matrix_aux_detector_raw,406,0.0,6.121792135891954e-07
question_D_hier90_linear10_two_phase_200k_seed103_13911974__checkpoint_300000,question_D_hier90_linear10_two_phase_200k_seed103_13911974,300000,0.010333126410841942,5,2,quest,matrix_aux_detector_raw,406,0.0,1.0570568306846952e-06
question_D_hier90_linear10_two_phase_200k_seed103_13911974__checkpoint_300000,question_D_hier90_linear10_two_phase_200k_seed103_13911974,300000,0.010333126410841942,5,3,quest,matrix_aux_detector_raw,406,0.0,2.1011776749230383e-11
question_D_hier90_linear10_two_phase_200k_seed103_13911974__checkpoint_300000,question_D_hier90_linear10_two_phase_200k_seed103_13911974,300000,0.010333126410841942,5,4,quest,matrix_aux_detector_raw,406,0.0,8.040673758114663e-08
question_D_hier90_linear10_two_phase_200k_seed103_13911974__checkpoint_300000,question_D_hier90_linear10_two_phase_200k_seed103_13911974,300000,0.010333126410841942,5,5,quest,matrix_aux_detector_raw,406,0.0,4.0678170550659186e-07
question_D_hier90_linear10_two_phase_200k_seed103_13911974__checkpoint_300000,question_D_hier90_linear10_two_phase_200k_seed103_13911974,300000,0.010333126410841942,5,6,quest,matrix_aux_detector_raw,406,0.0,4.34892499145942e-06
question_D_hier90_linear10_two_phase_200k_seed103_13911974__checkpoint_300000,question_D_hier90_linear10_two_phase_200k_seed103_13911974,300000,0.010333126410841942,5,7,quest,matrix_aux_detector_raw,406,0.0,0.0020851768535858502
question_D_hier90_linear10_two_phase_200k_seed104_13912033__checkpoint_300000,question_D_hier90_linear10_two_phase_200k_seed104_13912033,300000,0.045379865914583206,0,0,quest,matrix_aux_detector_raw,406,0.0,6.975882108843514e-11
question_D_hier90_linear10_two_phase_200k_seed104_13912033__checkpoint_300000,question_D_hier90_linear10_two_phase_200k_seed104_13912033,300000,0.045379865914583206,0,1,quest,matrix_aux_detector_raw,406,0.0,1.1269993901541984e-10
question_D_hier90_linear10_two_phase_200k_seed104_13912033__checkpoint_300000,question_D_hier90_linear10_two_phase_200k_seed104_13912033,300000,0.045379865914583206,0,2,quest,matrix_aux_detector_raw,406,0.0,2.57660633755244e-29
question_D_hier90_linear10_two_phase_200k_seed104_13912033__checkpoint_300000,question_D_hier90_linear10_two_phase_200k_seed104_13912033,300000,0.045379865914583206,0,3,quest,matrix_aux_detector_raw,406,0.0,1.3982859816300205e-16
question_D_hier90_linear10_two_phase_200k_seed104_13912033__checkpoint_300000,question_D_hier90_linear10_two_phase_200k_seed104_13912033,300000,0.045379865914583206,0,4,quest,matrix_aux_detector_raw,406,0.0,1.2464475050035577e-19
question_D_hier90_linear10_two_phase_200k_seed104_13912033__checkpoint_300000,question_D_hier90_linear10_two_phase_200k_seed104_13912033,300000,0.045379865914583206,0,5,quest,matrix_aux_detector_raw,406,0.3891625615763547,0.37085577318625607
question_D_hier90_linear10_two_phase_200k_seed104_13912033__checkpoint_300000,question_D_hier90_linear10_two_phase_200k_seed104_13912033,300000,0.045379865914583206,0,6,quest,matrix_aux_detector_raw,406,0.0,4.6094276881207593e-07
question_D_hier90_linear10_two_phase_200k_seed104_13912033__checkpoint_300000,question_D_hier90_linear10_two_phase_200k_seed104_13912033,300000,0.045379865914583206,0,7,quest,matrix_aux_detector_raw,406,0.0,3.7817058938130795e-19
question_D_hier90_linear10_two_phase_200k_seed104_13912033__checkpoint_300000,question_D_hier90_linear10_two_phase_200k_seed104_13912033,300000,0.045379865914583206,1,0,quest,matrix_aux_detector_raw,406,0.0,1.7478771337134706e-10
question_D_hier90_linear10_two_phase_200k_seed104_13912033__checkpoint_300000,question_D_hier90_linear10_two_phase_200k_seed104_13912033,300000,0.045379865914583206,1,1,quest,matrix_aux_detector_raw,406,0.0,1.6059393970636883e-10
question_D_hier90_linear10_two_phase_200k_seed104_13912033__checkpoint_300000,question_D_hier90_linear10_two_phase_200k_seed104_13912033,300000,0.045379865914583206,1,2,quest,matrix_aux_detector_raw,406,0.16748768472906403,0.11504128430318175
question_D_hier90_linear10_two_phase_200k_seed104_13912033__checkpoint_300000,question_D_hier90_linear10_two_phase_200k_seed104_13912033,300000,0.045379865914583206,1,3,quest,matrix_aux_detector_raw,406,0.9876847290640394,0.9788539282050847
question_D_hier90_linear10_two_phase_200k_seed104_13912033__checkpoint_300000,question_D_hier90_linear10_two_phase_200k_seed104_13912033,300000,0.045379865914583206,1,4,quest,matrix_aux_detector_raw,406,0.0,5.094384763414959e-06
question_D_hier90_linear10_two_phase_200k_seed104_13912033__checkpoint_300000,question_D_hier90_linear10_two_phase_200k_seed104_13912033,300000,0.045379865914583206,1,5,quest,matrix_aux_detector_raw,406,0.046798029556650245,0.031612936876598136
question_D_hier90_linear10_two_phase_200k_seed104_13912033__checkpoint_300000,question_D_hier90_linear10_two_phase_200k_seed104_13912033,300000,0.045379865914583206,1,6,quest,matrix_aux_detector_raw,406,0.03940886699507389,0.028991527868293288
question_D_hier90_linear10_two_phase_200k_seed104_13912033__checkpoint_300000,question_D_hier90_linear10_two_phase_200k_seed104_13912033,300000,0.045379865914583206,1,7,quest,matrix_aux_detector_raw,406,0.8497536945812808,0.7435978410088542
question_D_hier90_linear10_two_phase_200k_seed104_13912033__checkpoint_300000,question_D_hier90_linear10_two_phase_200k_seed104_13912033,300000,0.045379865914583206,2,0,quest,matrix_aux_detector_raw,406,0.0024630541871921183,0.005732553424951195
question_D_hier90_linear10_two_phase_200k_seed104_13912033__checkpoint_300000,question_D_hier90_linear10_two_phase_200k_seed104_13912033,300000,0.045379865914583206,2,1,quest,matrix_aux_detector_raw,406,0.0,3.226622184094189e-10
question_D_hier90_linear10_two_phase_200k_seed104_13912033__checkpoint_300000,question_D_hier90_linear10_two_phase_200k_seed104_13912033,300000,0.045379865914583206,2,2,quest,matrix_aux_detector_raw,406,0.0,2.887351506534102e-07
question_D_hier90_linear10_two_phase_200k_seed104_13912033__checkpoint_300000,question_D_hier90_linear10_two_phase_200k_seed104_13912033,300000,0.045379865914583206,2,3,quest,matrix_aux_detector_raw,406,0.0,7.048976214720441e-14
question_D_hier90_linear10_two_phase_200k_seed104_13912033__checkpoint_300000,question_D_hier90_linear10_two_phase_200k_seed104_13912033,300000,0.045379865914583206,2,4,quest,matrix_aux_detector_raw,406,0.0,5.031487031241586e-06
question_D_hier90_linear10_two_phase_200k_seed104_13912033__checkpoint_300000,question_D_hier90_linear10_two_phase_200k_seed104_13912033,300000,0.045379865914583206,2,5,quest,matrix_aux_detector_raw,406,0.0,0.0001913610550242743
question_D_hier90_linear10_two_phase_200k_seed104_13912033__checkpoint_300000,question_D_hier90_linear10_two_phase_200k_seed104_13912033,300000,0.045379865914583206,2,6,quest,matrix_aux_detector_raw,406,0.9753694581280788,0.930672596527603
question_D_hier90_linear10_two_phase_200k_seed104_13912033__checkpoint_300000,question_D_hier90_linear10_two_phase_200k_seed104_13912033,300000,0.045379865914583206,2,7,quest,matrix_aux_detector_raw,406,0.0,9.457822497314623e-10
question_D_hier90_linear10_two_phase_200k_seed104_13912033__checkpoint_300000,question_D_hier90_linear10_two_phase_200k_seed104_13912033,300000,0.045379865914583206,3,0,quest,matrix_aux_detector_raw,406,0.0,0.0026024233479214226
question_D_hier90_linear10_two_phase_200k_seed104_13912033__checkpoint_300000,question_D_hier90_linear10_two_phase_200k_seed104_13912033,300000,0.045379865914583206,3,1,quest,matrix_aux_detector_raw,406,0.9261083743842364,0.7928222176696866
question_D_hier90_linear10_two_phase_200k_seed104_13912033__checkpoint_300000,question_D_hier90_linear10_two_phase_200k_seed104_13912033,300000,0.045379865914583206,3,2,quest,matrix_aux_detector_raw,406,0.0,0.0007927753693220794
question_D_hier90_linear10_two_phase_200k_seed104_13912033__checkpoint_300000,question_D_hier90_linear10_two_phase_200k_seed104_13912033,300000,0.045379865914583206,3,3,quest,matrix_aux_detector_raw,406,0.0,1.2340637989528247e-07
question_D_hier90_linear10_two_phase_200k_seed104_13912033__checkpoint_300000,question_D_hier90_linear10_two_phase_200k_seed104_13912033,300000,0.045379865914583206,3,4,quest,matrix_aux_detector_raw,406,0.9975369458128078,0.9955141469102188
question_D_hier90_linear10_two_phase_200k_seed104_13912033__checkpoint_300000,question_D_hier90_linear10_two_phase_200k_seed104_13912033,300000,0.045379865914583206,3,5,quest,matrix_aux_detector_raw,406,0.0,2.926002859759519e-09
question_D_hier90_linear10_two_phase_200k_seed104_13912033__checkpoint_300000,question_D_hier90_linear10_two_phase_200k_seed104_13912033,300000,0.045379865914583206,3,6,quest,matrix_aux_detector_raw,406,0.0,3.6240366138978035e-09
question_D_hier90_linear10_two_phase_200k_seed104_13912033__checkpoint_300000,question_D_hier90_linear10_two_phase_200k_seed104_13912033,300000,0.045379865914583206,3,7,quest,matrix_aux_detector_raw,406,1.0,0.9892593356115478
question_D_hier90_linear10_two_phase_200k_seed104_13912033__checkpoint_300000,question_D_hier90_linear10_two_phase_200k_seed104_13912033,300000,0.045379865914583206,4,0,quest,matrix_aux_detector_raw,406,0.0049261083743842365,0.0031051341473714847
question_D_hier90_linear10_two_phase_200k_seed104_13912033__checkpoint_300000,question_D_hier90_linear10_two_phase_200k_seed104_13912033,300000,0.045379865914583206,4,1,quest,matrix_aux_detector_raw,406,0.14532019704433496,0.11690926137317799
question_D_hier90_linear10_two_phase_200k_seed104_13912033__checkpoint_300000,question_D_hier90_linear10_two_phase_200k_seed104_13912033,300000,0.045379865914583206,4,2,quest,matrix_aux_detector_raw,406,0.0,1.0444658449970217e-05
question_D_hier90_linear10_two_phase_200k_seed104_13912033__checkpoint_300000,question_D_hier90_linear10_two_phase_200k_seed104_13912033,300000,0.045379865914583206,4,3,quest,matrix_aux_detector_raw,406,0.0,1.4323974412775e-08
question_D_hier90_linear10_two_phase_200k_seed104_13912033__checkpoint_300000,question_D_hier90_linear10_two_phase_200k_seed104_13912033,300000,0.045379865914583206,4,4,quest,matrix_aux_detector_raw,406,0.0,1.022526444255588e-10
question_D_hier90_linear10_two_phase_200k_seed104_13912033__checkpoint_300000,question_D_hier90_linear10_two_phase_200k_seed104_13912033,300000,0.045379865914583206,4,5,quest,matrix_aux_detector_raw,406,0.0,1.5920025702698221e-13
question_D_hier90_linear10_two_phase_200k_seed104_13912033__checkpoint_300000,question_D_hier90_linear10_two_phase_200k_seed104_13912033,300000,0.045379865914583206,4,6,quest,matrix_aux_detector_raw,406,0.0,3.032371418761832e-07
question_D_hier90_linear10_two_phase_200k_seed104_13912033__checkpoint_300000,question_D_hier90_linear10_two_phase_200k_seed104_13912033,300000,0.045379865914583206,4,7,quest,matrix_aux_detector_raw,406,0.9482758620689655,0.8925164244120859
question_D_hier90_linear10_two_phase_200k_seed104_13912033__checkpoint_300000,question_D_hier90_linear10_two_phase_200k_seed104_13912033,300000,0.045379865914583206,5,0,quest,matrix_aux_detector_raw,406,0.0,1.1949002504697413e-05
question_D_hier90_linear10_two_phase_200k_seed104_13912033__checkpoint_300000,question_D_hier90_linear10_two_phase_200k_seed104_13912033,300000,0.045379865914583206,5,1,quest,matrix_aux_detector_raw,406,0.0,1.5702130483068185e-07
question_D_hier90_linear10_two_phase_200k_seed104_13912033__checkpoint_300000,question_D_hier90_linear10_two_phase_200k_seed104_13912033,300000,0.045379865914583206,5,2,quest,matrix_aux_detector_raw,406,0.04926108374384237,0.029683043926014622
question_D_hier90_linear10_two_phase_200k_seed104_13912033__checkpoint_300000,question_D_hier90_linear10_two_phase_200k_seed104_13912033,300000,0.045379865914583206,5,3,quest,matrix_aux_detector_raw,406,0.0,3.6181584424136355e-05
question_D_hier90_linear10_two_phase_200k_seed104_13912033__checkpoint_300000,question_D_hier90_linear10_two_phase_200k_seed104_13912033,300000,0.045379865914583206,5,4,quest,matrix_aux_detector_raw,406,0.0,2.793177991101047e-05
question_D_hier90_linear10_two_phase_200k_seed104_13912033__checkpoint_300000,question_D_hier90_linear10_two_phase_200k_seed104_13912033,300000,0.045379865914583206,5,5,quest,matrix_aux_detector_raw,406,0.0,7.4163894317289e-05
question_D_hier90_linear10_two_phase_200k_seed104_13912033__checkpoint_300000,question_D_hier90_linear10_two_phase_200k_seed104_13912033,300000,0.045379865914583206,5,6,quest,matrix_aux_detector_raw,406,0.0,6.916137088967185e-05
question_D_hier90_linear10_two_phase_200k_seed104_13912033__checkpoint_300000,question_D_hier90_linear10_two_phase_200k_seed104_13912033,300000,0.045379865914583206,5,7,quest,matrix_aux_detector_raw,406,0.16748768472906403,0.10521887794560665
question_D_hier90_linear10_two_phase_200k_seed105_14927986__checkpoint_300000,question_D_hier90_linear10_two_phase_200k_seed105_14927986,300000,4.1168994357576594e-05,0,0,quest,matrix_aux_detector_raw,406,0.0,2.8043485673289304e-05
question_D_hier90_linear10_two_phase_200k_seed105_14927986__checkpoint_300000,question_D_hier90_linear10_two_phase_200k_seed105_14927986,300000,4.1168994357576594e-05,0,1,quest,matrix_aux_detector_raw,406,0.0,2.9123015369312906e-11
question_D_hier90_linear10_two_phase_200k_seed105_14927986__checkpoint_300000,question_D_hier90_linear10_two_phase_200k_seed105_14927986,300000,4.1168994357576594e-05,0,2,quest,matrix_aux_detector_raw,406,0.0,7.706874467679783e-38
question_D_hier90_linear10_two_phase_200k_seed105_14927986__checkpoint_300000,question_D_hier90_linear10_two_phase_200k_seed105_14927986,300000,4.1168994357576594e-05,0,3,quest,matrix_aux_detector_raw,406,0.0,2.6890766326520453e-09
question_D_hier90_linear10_two_phase_200k_seed105_14927986__checkpoint_300000,question_D_hier90_linear10_two_phase_200k_seed105_14927986,300000,4.1168994357576594e-05,0,4,quest,matrix_aux_detector_raw,406,0.0,7.518638360128723e-14
question_D_hier90_linear10_two_phase_200k_seed105_14927986__checkpoint_300000,question_D_hier90_linear10_two_phase_200k_seed105_14927986,300000,4.1168994357576594e-05,0,5,quest,matrix_aux_detector_raw,406,0.0,2.8792169338166493e-13
question_D_hier90_linear10_two_phase_200k_seed105_14927986__checkpoint_300000,question_D_hier90_linear10_two_phase_200k_seed105_14927986,300000,4.1168994357576594e-05,0,6,quest,matrix_aux_detector_raw,406,0.4064039408866995,0.40509232859971867
question_D_hier90_linear10_two_phase_200k_seed105_14927986__checkpoint_300000,question_D_hier90_linear10_two_phase_200k_seed105_14927986,300000,4.1168994357576594e-05,0,7,quest,matrix_aux_detector_raw,406,0.0,1.465052371978713e-28
question_D_hier90_linear10_two_phase_200k_seed105_14927986__checkpoint_300000,question_D_hier90_linear10_two_phase_200k_seed105_14927986,300000,4.1168994357576594e-05,1,0,quest,matrix_aux_detector_raw,406,0.0024630541871921183,0.0024823038706840625
question_D_hier90_linear10_two_phase_200k_seed105_14927986__checkpoint_300000,question_D_hier90_linear10_two_phase_200k_seed105_14927986,300000,4.1168994357576594e-05,1,1,quest,matrix_aux_detector_raw,406,0.0,0.0006714584071687536
question_D_hier90_linear10_two_phase_200k_seed105_14927986__checkpoint_300000,question_D_hier90_linear10_two_phase_200k_seed105_14927986,300000,4.1168994357576594e-05,1,2,quest,matrix_aux_detector_raw,406,0.0,6.967884339123208e-07
question_D_hier90_linear10_two_phase_200k_seed105_14927986__checkpoint_300000,question_D_hier90_linear10_two_phase_200k_seed105_14927986,300000,4.1168994357576594e-05,1,3,quest,matrix_aux_detector_raw,406,0.0,0.0007453101948523216
question_D_hier90_linear10_two_phase_200k_seed105_14927986__checkpoint_300000,question_D_hier90_linear10_two_phase_200k_seed105_14927986,300000,4.1168994357576594e-05,1,4,quest,matrix_aux_detector_raw,406,0.0,2.2067884843982841e-07
question_D_hier90_linear10_two_phase_200k_seed105_14927986__checkpoint_300000,question_D_hier90_linear10_two_phase_200k_seed105_14927986,300000,4.1168994357576594e-05,1,5,quest,matrix_aux_detector_raw,406,0.0,7.736083361220252e-14
question_D_hier90_linear10_two_phase_200k_seed105_14927986__checkpoint_300000,question_D_hier90_linear10_two_phase_200k_seed105_14927986,300000,4.1168994357576594e-05,1,6,quest,matrix_aux_detector_raw,406,0.0,3.063780664322272e-07
question_D_hier90_linear10_two_phase_200k_seed105_14927986__checkpoint_300000,question_D_hier90_linear10_two_phase_200k_seed105_14927986,300000,4.1168994357576594e-05,1,7,quest,matrix_aux_detector_raw,406,0.0,0.0004411333649408852
question_D_hier90_linear10_two_phase_200k_seed105_14927986__checkpoint_300000,question_D_hier90_linear10_two_phase_200k_seed105_14927986,300000,4.1168994357576594e-05,2,0,quest,matrix_aux_detector_raw,406,0.0,7.12183897461104e-19
question_D_hier90_linear10_two_phase_200k_seed105_14927986__checkpoint_300000,question_D_hier90_linear10_two_phase_200k_seed105_14927986,300000,4.1168994357576594e-05,2,1,quest,matrix_aux_detector_raw,406,0.0,2.491867367669725e-08
question_D_hier90_linear10_two_phase_200k_seed105_14927986__checkpoint_300000,question_D_hier90_linear10_two_phase_200k_seed105_14927986,300000,4.1168994357576594e-05,2,2,quest,matrix_aux_detector_raw,406,0.0,2.669554058881565e-07
question_D_hier90_linear10_two_phase_200k_seed105_14927986__checkpoint_300000,question_D_hier90_linear10_two_phase_200k_seed105_14927986,300000,4.1168994357576594e-05,2,3,quest,matrix_aux_detector_raw,406,0.7241379310344828,0.6777748998075563
question_D_hier90_linear10_two_phase_200k_seed105_14927986__checkpoint_300000,question_D_hier90_linear10_two_phase_200k_seed105_14927986,300000,4.1168994357576594e-05,2,4,quest,matrix_aux_detector_raw,406,0.32019704433497537,0.2888715951634597
question_D_hier90_linear10_two_phase_200k_seed105_14927986__checkpoint_300000,question_D_hier90_linear10_two_phase_200k_seed105_14927986,300000,4.1168994357576594e-05,2,5,quest,matrix_aux_detector_raw,406,0.0,6.6515748818949265e-06
question_D_hier90_linear10_two_phase_200k_seed105_14927986__checkpoint_300000,question_D_hier90_linear10_two_phase_200k_seed105_14927986,300000,4.1168994357576594e-05,2,6,quest,matrix_aux_detector_raw,406,0.0,2.1041070639580756e-15
question_D_hier90_linear10_two_phase_200k_seed105_14927986__checkpoint_300000,question_D_hier90_linear10_two_phase_200k_seed105_14927986,300000,4.1168994357576594e-05,2,7,quest,matrix_aux_detector_raw,406,0.26108374384236455,0.2032254554227012
question_D_hier90_linear10_two_phase_200k_seed105_14927986__checkpoint_300000,question_D_hier90_linear10_two_phase_200k_seed105_14927986,300000,4.1168994357576594e-05,3,0,quest,matrix_aux_detector_raw,406,0.9950738916256158,0.9788812632687399
question_D_hier90_linear10_two_phase_200k_seed105_14927986__checkpoint_300000,question_D_hier90_linear10_two_phase_200k_seed105_14927986,300000,4.1168994357576594e-05,3,1,quest,matrix_aux_detector_raw,406,0.0,2.3866449773343363e-06
question_D_hier90_linear10_two_phase_200k_seed105_14927986__checkpoint_300000,question_D_hier90_linear10_two_phase_200k_seed105_14927986,300000,4.1168994357576594e-05,3,2,quest,matrix_aux_detector_raw,406,0.0,0.0002170009755352719
question_D_hier90_linear10_two_phase_200k_seed105_14927986__checkpoint_300000,question_D_hier90_linear10_two_phase_200k_seed105_14927986,300000,4.1168994357576594e-05,3,3,quest,matrix_aux_detector_raw,406,0.0,7.807402245801564e-07
question_D_hier90_linear10_two_phase_200k_seed105_14927986__checkpoint_300000,question_D_hier90_linear10_two_phase_200k_seed105_14927986,300000,4.1168994357576594e-05,3,4,quest,matrix_aux_detector_raw,406,0.0,4.7191702401915847e-07
question_D_hier90_linear10_two_phase_200k_seed105_14927986__checkpoint_300000,question_D_hier90_linear10_two_phase_200k_seed105_14927986,300000,4.1168994357576594e-05,3,5,quest,matrix_aux_detector_raw,406,0.9950738916256158,0.9893324624682809
question_D_hier90_linear10_two_phase_200k_seed105_14927986__checkpoint_300000,question_D_hier90_linear10_two_phase_200k_seed105_14927986,300000,4.1168994357576594e-05,3,6,quest,matrix_aux_detector_raw,406,0.0,5.151272861745841e-08
question_D_hier90_linear10_two_phase_200k_seed105_14927986__checkpoint_300000,question_D_hier90_linear10_two_phase_200k_seed105_14927986,300000,4.1168994357576594e-05,3,7,quest,matrix_aux_detector_raw,406,0.0,0.0007263061127462546
question_D_hier90_linear10_two_phase_200k_seed105_14927986__checkpoint_300000,question_D_hier90_linear10_two_phase_200k_seed105_14927986,300000,4.1168994357576594e-05,4,0,quest,matrix_aux_detector_raw,406,0.0,1.0725145679682286e-05
question_D_hier90_linear10_two_phase_200k_seed105_14927986__checkpoint_300000,question_D_hier90_linear10_two_phase_200k_seed105_14927986,300000,4.1168994357576594e-05,4,1,quest,matrix_aux_detector_raw,406,0.0,0.0004557732283632559
question_D_hier90_linear10_two_phase_200k_seed105_14927986__checkpoint_300000,question_D_hier90_linear10_two_phase_200k_seed105_14927986,300000,4.1168994357576594e-05,4,2,quest,matrix_aux_detector_raw,406,1.0,1.0
question_D_hier90_linear10_two_phase_200k_seed105_14927986__checkpoint_300000,question_D_hier90_linear10_two_phase_200k_seed105_14927986,300000,4.1168994357576594e-05,4,3,quest,matrix_aux_detector_raw,406,1.0,0.9999116052841318
question_D_hier90_linear10_two_phase_200k_seed105_14927986__checkpoint_300000,question_D_hier90_linear10_two_phase_200k_seed105_14927986,300000,4.1168994357576594e-05,4,4,quest,matrix_aux_detector_raw,406,0.6305418719211823,0.6030925922758166
question_D_hier90_linear10_two_phase_200k_seed105_14927986__checkpoint_300000,question_D_hier90_linear10_two_phase_200k_seed105_14927986,300000,4.1168994357576594e-05,4,5,quest,matrix_aux_detector_raw,406,0.0,1.6990196973684253e-10
question_D_hier90_linear10_two_phase_200k_seed105_14927986__checkpoint_300000,question_D_hier90_linear10_two_phase_200k_seed105_14927986,300000,4.1168994357576594e-05,4,6,quest,matrix_aux_detector_raw,406,0.0,0.0016607778128011799
question_D_hier90_linear10_two_phase_200k_seed105_14927986__checkpoint_300000,question_D_hier90_linear10_two_phase_200k_seed105_14927986,300000,4.1168994357576594e-05,4,7,quest,matrix_aux_detector_raw,406,0.0,2.02420058913468e-15
question_D_hier90_linear10_two_phase_200k_seed105_14927986__checkpoint_300000,question_D_hier90_linear10_two_phase_200k_seed105_14927986,300000,4.1168994357576594e-05,5,0,quest,matrix_aux_detector_raw,406,0.0,0.00025458066357626053
question_D_hier90_linear10_two_phase_200k_seed105_14927986__checkpoint_300000,question_D_hier90_linear10_two_phase_200k_seed105_14927986,300000,4.1168994357576594e-05,5,1,quest,matrix_aux_detector_raw,406,0.0,6.9521662370149155e-09
question_D_hier90_linear10_two_phase_200k_seed105_14927986__checkpoint_300000,question_D_hier90_linear10_two_phase_200k_seed105_14927986,300000,4.1168994357576594e-05,5,2,quest,matrix_aux_detector_raw,406,0.0,4.879458192049241e-06
question_D_hier90_linear10_two_phase_200k_seed105_14927986__checkpoint_300000,question_D_hier90_linear10_two_phase_200k_seed105_14927986,300000,4.1168994357576594e-05,5,3,quest,matrix_aux_detector_raw,406,0.0,8.411210368313329e-07
question_D_hier90_linear10_two_phase_200k_seed105_14927986__checkpoint_300000,question_D_hier90_linear10_two_phase_200k_seed105_14927986,300000,4.1168994357576594e-05,5,4,quest,matrix_aux_detector_raw,406,0.0,6.294885435944748e-06
question_D_hier90_linear10_two_phase_200k_seed105_14927986__checkpoint_300000,question_D_hier90_linear10_two_phase_200k_seed105_14927986,300000,4.1168994357576594e-05,5,5,quest,matrix_aux_detector_raw,406,0.0,1.0317446376822878e-07
question_D_hier90_linear10_two_phase_200k_seed105_14927986__checkpoint_300000,question_D_hier90_linear10_two_phase_200k_seed105_14927986,300000,4.1168994357576594e-05,5,6,quest,matrix_aux_detector_raw,406,0.0,2.0347136238127376e-06
question_D_hier90_linear10_two_phase_200k_seed105_14927986__checkpoint_300000,question_D_hier90_linear10_two_phase_200k_seed105_14927986,300000,4.1168994357576594e-05,5,7,quest,matrix_aux_detector_raw,406,0.046798029556650245,0.025926849949830588
question_D_hier90_linear10_two_phase_200k_seed106_13912560__checkpoint_300000,question_D_hier90_linear10_two_phase_200k_seed106_13912560,300000,0.8989183306694031,0,0,quest,matrix_aux_detector_raw,406,0.0,2.411635611200746e-24
question_D_hier90_linear10_two_phase_200k_seed106_13912560__checkpoint_300000,question_D_hier90_linear10_two_phase_200k_seed106_13912560,300000,0.8989183306694031,0,1,quest,matrix_aux_detector_raw,406,0.007389162561576354,0.004713040516266962
question_D_hier90_linear10_two_phase_200k_seed106_13912560__checkpoint_300000,question_D_hier90_linear10_two_phase_200k_seed106_13912560,300000,0.8989183306694031,0,2,quest,matrix_aux_detector_raw,406,0.0,1.2366108848595803e-08
question_D_hier90_linear10_two_phase_200k_seed106_13912560__checkpoint_300000,question_D_hier90_linear10_two_phase_200k_seed106_13912560,300000,0.8989183306694031,0,3,quest,matrix_aux_detector_raw,406,0.0,2.0219678264410584e-14
question_D_hier90_linear10_two_phase_200k_seed106_13912560__checkpoint_300000,question_D_hier90_linear10_two_phase_200k_seed106_13912560,300000,0.8989183306694031,0,4,quest,matrix_aux_detector_raw,406,0.0,2.6343058452977757e-33
question_D_hier90_linear10_two_phase_200k_seed106_13912560__checkpoint_300000,question_D_hier90_linear10_two_phase_200k_seed106_13912560,300000,0.8989183306694031,0,5,quest,matrix_aux_detector_raw,406,0.0,2.744813718761849e-20
question_D_hier90_linear10_two_phase_200k_seed106_13912560__checkpoint_300000,question_D_hier90_linear10_two_phase_200k_seed106_13912560,300000,0.8989183306694031,0,6,quest,matrix_aux_detector_raw,406,0.0049261083743842365,0.005282134385114271
question_D_hier90_linear10_two_phase_200k_seed106_13912560__checkpoint_300000,question_D_hier90_linear10_two_phase_200k_seed106_13912560,300000,0.8989183306694031,0,7,quest,matrix_aux_detector_raw,406,0.0,0.0
question_D_hier90_linear10_two_phase_200k_seed106_13912560__checkpoint_300000,question_D_hier90_linear10_two_phase_200k_seed106_13912560,300000,0.8989183306694031,1,0,quest,matrix_aux_detector_raw,406,0.0,2.507623460840584e-12
question_D_hier90_linear10_two_phase_200k_seed106_13912560__checkpoint_300000,question_D_hier90_linear10_two_phase_200k_seed106_13912560,300000,0.8989183306694031,1,1,quest,matrix_aux_detector_raw,406,0.0,9.15280472020472e-21
question_D_hier90_linear10_two_phase_200k_seed106_13912560__checkpoint_300000,question_D_hier90_linear10_two_phase_200k_seed106_13912560,300000,0.8989183306694031,1,2,quest,matrix_aux_detector_raw,406,0.0,3.1325048563978015e-09
question_D_hier90_linear10_two_phase_200k_seed106_13912560__checkpoint_300000,question_D_hier90_linear10_two_phase_200k_seed106_13912560,300000,0.8989183306694031,1,3,quest,matrix_aux_detector_raw,406,0.009852216748768473,0.00704844098485551
question_D_hier90_linear10_two_phase_200k_seed106_13912560__checkpoint_300000,question_D_hier90_linear10_two_phase_200k_seed106_13912560,300000,0.8989183306694031,1,4,quest,matrix_aux_detector_raw,406,0.012315270935960592,0.007849969756684554
question_D_hier90_linear10_two_phase_200k_seed106_13912560__checkpoint_300000,question_D_hier90_linear10_two_phase_200k_seed106_13912560,300000,0.8989183306694031,1,5,quest,matrix_aux_detector_raw,406,0.0,0.0001525220507272739
question_D_hier90_linear10_two_phase_200k_seed106_13912560__checkpoint_300000,question_D_hier90_linear10_two_phase_200k_seed106_13912560,300000,0.8989183306694031,1,6,quest,matrix_aux_detector_raw,406,0.0,4.915287391085487e-05
question_D_hier90_linear10_two_phase_200k_seed106_13912560__checkpoint_300000,question_D_hier90_linear10_two_phase_200k_seed106_13912560,300000,0.8989183306694031,1,7,quest,matrix_aux_detector_raw,406,0.0,1.240820239785506e-13
question_D_hier90_linear10_two_phase_200k_seed106_13912560__checkpoint_300000,question_D_hier90_linear10_two_phase_200k_seed106_13912560,300000,0.8989183306694031,2,0,quest,matrix_aux_detector_raw,406,0.9556650246305419,0.8738806894039873
question_D_hier90_linear10_two_phase_200k_seed106_13912560__checkpoint_300000,question_D_hier90_linear10_two_phase_200k_seed106_13912560,300000,0.8989183306694031,2,1,quest,matrix_aux_detector_raw,406,0.0,1.1748081064788366e-10
question_D_hier90_linear10_two_phase_200k_seed106_13912560__checkpoint_300000,question_D_hier90_linear10_two_phase_200k_seed106_13912560,300000,0.8989183306694031,2,2,quest,matrix_aux_detector_raw,406,0.0,6.212773922870848e-05
question_D_hier90_linear10_two_phase_200k_seed106_13912560__checkpoint_300000,question_D_hier90_linear10_two_phase_200k_seed106_13912560,300000,0.8989183306694031,2,3,quest,matrix_aux_detector_raw,406,0.0,5.184388406107906e-13
question_D_hier90_linear10_two_phase_200k_seed106_13912560__checkpoint_300000,question_D_hier90_linear10_two_phase_200k_seed106_13912560,300000,0.8989183306694031,2,4,quest,matrix_aux_detector_raw,406,0.0,1.686071190394925e-12
question_D_hier90_linear10_two_phase_200k_seed106_13912560__checkpoint_300000,question_D_hier90_linear10_two_phase_200k_seed106_13912560,300000,0.8989183306694031,2,5,quest,matrix_aux_detector_raw,406,0.8571428571428571,0.6831979185571891
question_D_hier90_linear10_two_phase_200k_seed106_13912560__checkpoint_300000,question_D_hier90_linear10_two_phase_200k_seed106_13912560,300000,0.8989183306694031,2,6,quest,matrix_aux_detector_raw,406,0.0,1.0711398807690615e-08
question_D_hier90_linear10_two_phase_200k_seed106_13912560__checkpoint_300000,question_D_hier90_linear10_two_phase_200k_seed106_13912560,300000,0.8989183306694031,2,7,quest,matrix_aux_detector_raw,406,0.7389162561576355,0.7138459893345451
question_D_hier90_linear10_two_phase_200k_seed106_13912560__checkpoint_300000,question_D_hier90_linear10_two_phase_200k_seed106_13912560,300000,0.8989183306694031,3,0,quest,matrix_aux_detector_raw,406,0.0,3.098600637649703e-11
question_D_hier90_linear10_two_phase_200k_seed106_13912560__checkpoint_300000,question_D_hier90_linear10_two_phase_200k_seed106_13912560,300000,0.8989183306694031,3,1,quest,matrix_aux_detector_raw,406,0.0,2.767484076227558e-07
question_D_hier90_linear10_two_phase_200k_seed106_13912560__checkpoint_300000,question_D_hier90_linear10_two_phase_200k_seed106_13912560,300000,0.8989183306694031,3,2,quest,matrix_aux_detector_raw,406,0.0,3.1836704644112395e-07
question_D_hier90_linear10_two_phase_200k_seed106_13912560__checkpoint_300000,question_D_hier90_linear10_two_phase_200k_seed106_13912560,300000,0.8989183306694031,3,3,quest,matrix_aux_detector_raw,406,0.0,1.2302112788869537e-06
question_D_hier90_linear10_two_phase_200k_seed106_13912560__checkpoint_300000,question_D_hier90_linear10_two_phase_200k_seed106_13912560,300000,0.8989183306694031,3,4,quest,matrix_aux_detector_raw,406,0.0,0.00037033794777133926
question_D_hier90_linear10_two_phase_200k_seed106_13912560__checkpoint_300000,question_D_hier90_linear10_two_phase_200k_seed106_13912560,300000,0.8989183306694031,3,5,quest,matrix_aux_detector_raw,406,1.0,0.9999999729870576
question_D_hier90_linear10_two_phase_200k_seed106_13912560__checkpoint_300000,question_D_hier90_linear10_two_phase_200k_seed106_13912560,300000,0.8989183306694031,3,6,quest,matrix_aux_detector_raw,406,0.46551724137931033,0.3137568132466945
question_D_hier90_linear10_two_phase_200k_seed106_13912560__checkpoint_300000,question_D_hier90_linear10_two_phase_200k_seed106_13912560,300000,0.8989183306694031,3,7,quest,matrix_aux_detector_raw,406,1.0,0.9999700339850534
question_D_hier90_linear10_two_phase_200k_seed106_13912560__checkpoint_300000,question_D_hier90_linear10_two_phase_200k_seed106_13912560,300000,0.8989183306694031,4,0,quest,matrix_aux_detector_raw,406,0.0,0.00013095829426916194
question_D_hier90_linear10_two_phase_200k_seed106_13912560__checkpoint_300000,question_D_hier90_linear10_two_phase_200k_seed106_13912560,300000,0.8989183306694031,4,1,quest,matrix_aux_detector_raw,406,0.0,1.5688783830192916e-08
question_D_hier90_linear10_two_phase_200k_seed106_13912560__checkpoint_300000,question_D_hier90_linear10_two_phase_200k_seed106_13912560,300000,0.8989183306694031,4,2,quest,matrix_aux_detector_raw,406,0.0,3.7952115884624413e-10
question_D_hier90_linear10_two_phase_200k_seed106_13912560__checkpoint_300000,question_D_hier90_linear10_two_phase_200k_seed106_13912560,300000,0.8989183306694031,4,3,quest,matrix_aux_detector_raw,406,1.0,0.9999998520160543
question_D_hier90_linear10_two_phase_200k_seed106_13912560__checkpoint_300000,question_D_hier90_linear10_two_phase_200k_seed106_13912560,300000,0.8989183306694031,4,4,quest,matrix_aux_detector_raw,406,1.0,0.9999368817641817
question_D_hier90_linear10_two_phase_200k_seed106_13912560__checkpoint_300000,question_D_hier90_linear10_two_phase_200k_seed106_13912560,300000,0.8989183306694031,4,5,quest,matrix_aux_detector_raw,406,1.0,1.0
question_D_hier90_linear10_two_phase_200k_seed106_13912560__checkpoint_300000,question_D_hier90_linear10_two_phase_200k_seed106_13912560,300000,0.8989183306694031,4,6,quest,matrix_aux_detector_raw,406,0.0,1.3996282457811023e-09
question_D_hier90_linear10_two_phase_200k_seed106_13912560__checkpoint_300000,question_D_hier90_linear10_two_phase_200k_seed106_13912560,300000,0.8989183306694031,4,7,quest,matrix_aux_detector_raw,406,1.0,0.9999999982382863
question_D_hier90_linear10_two_phase_200k_seed106_13912560__checkpoint_300000,question_D_hier90_linear10_two_phase_200k_seed106_13912560,300000,0.8989183306694031,5,0,quest,matrix_aux_detector_raw,406,0.0,2.947756400123079e-06
question_D_hier90_linear10_two_phase_200k_seed106_13912560__checkpoint_300000,question_D_hier90_linear10_two_phase_200k_seed106_13912560,300000,0.8989183306694031,5,1,quest,matrix_aux_detector_raw,406,0.0049261083743842365,0.005388801965205088
question_D_hier90_linear10_two_phase_200k_seed106_13912560__checkpoint_300000,question_D_hier90_linear10_two_phase_200k_seed106_13912560,300000,0.8989183306694031,5,2,quest,matrix_aux_detector_raw,406,0.1724137931034483,0.11006645408747102
question_D_hier90_linear10_two_phase_200k_seed106_13912560__checkpoint_300000,question_D_hier90_linear10_two_phase_200k_seed106_13912560,300000,0.8989183306694031,5,3,quest,matrix_aux_detector_raw,406,0.0024630541871921183,0.002105319718458468
question_D_hier90_linear10_two_phase_200k_seed106_13912560__checkpoint_300000,question_D_hier90_linear10_two_phase_200k_seed106_13912560,300000,0.8989183306694031,5,4,quest,matrix_aux_detector_raw,406,0.0,1.934594217518683e-05
question_D_hier90_linear10_two_phase_200k_seed106_13912560__checkpoint_300000,question_D_hier90_linear10_two_phase_200k_seed106_13912560,300000,0.8989183306694031,5,5,quest,matrix_aux_detector_raw,406,0.0,1.5609709085084434e-05
question_D_hier90_linear10_two_phase_200k_seed106_13912560__checkpoint_300000,question_D_hier90_linear10_two_phase_200k_seed106_13912560,300000,0.8989183306694031,5,6,quest,matrix_aux_detector_raw,406,0.0024630541871921183,0.0051347153174789335
question_D_hier90_linear10_two_phase_200k_seed106_13912560__checkpoint_300000,question_D_hier90_linear10_two_phase_200k_seed106_13912560,300000,0.8989183306694031,5,7,quest,matrix_aux_detector_raw,406,0.0,1.689450854987271e-07
question_D_hier90_linear10_two_phase_200k_seed107_13913762__checkpoint_300000,question_D_hier90_linear10_two_phase_200k_seed107_13913762,300000,0.9996216893196106,0,0,quest,matrix_aux_detector_raw,406,0.0,2.6229195550277866e-22
question_D_hier90_linear10_two_phase_200k_seed107_13913762__checkpoint_300000,question_D_hier90_linear10_two_phase_200k_seed107_13913762,300000,0.9996216893196106,0,1,quest,matrix_aux_detector_raw,406,0.0,7.872466496607252e-10
question_D_hier90_linear10_two_phase_200k_seed107_13913762__checkpoint_300000,question_D_hier90_linear10_two_phase_200k_seed107_13913762,300000,0.9996216893196106,0,2,quest,matrix_aux_detector_raw,406,0.0,1.3647128393941692e-43
question_D_hier90_linear10_two_phase_200k_seed107_13913762__checkpoint_300000,question_D_hier90_linear10_two_phase_200k_seed107_13913762,300000,0.9996216893196106,0,3,quest,matrix_aux_detector_raw,406,0.007389162561576354,0.003804446380775485
question_D_hier90_linear10_two_phase_200k_seed107_13913762__checkpoint_300000,question_D_hier90_linear10_two_phase_200k_seed107_13913762,300000,0.9996216893196106,0,4,quest,matrix_aux_detector_raw,406,0.0,8.951994467632233e-21
question_D_hier90_linear10_two_phase_200k_seed107_13913762__checkpoint_300000,question_D_hier90_linear10_two_phase_200k_seed107_13913762,300000,0.9996216893196106,0,5,quest,matrix_aux_detector_raw,406,0.0,1.2058972166757653e-27
question_D_hier90_linear10_two_phase_200k_seed107_13913762__checkpoint_300000,question_D_hier90_linear10_two_phase_200k_seed107_13913762,300000,0.9996216893196106,0,6,quest,matrix_aux_detector_raw,406,0.0,2.7102185161923255e-12
question_D_hier90_linear10_two_phase_200k_seed107_13913762__checkpoint_300000,question_D_hier90_linear10_two_phase_200k_seed107_13913762,300000,0.9996216893196106,0,7,quest,matrix_aux_detector_raw,406,0.0,8.422021288737457e-21
question_D_hier90_linear10_two_phase_200k_seed107_13913762__checkpoint_300000,question_D_hier90_linear10_two_phase_200k_seed107_13913762,300000,0.9996216893196106,1,0,quest,matrix_aux_detector_raw,406,0.017241379310344827,0.014250172872450718
question_D_hier90_linear10_two_phase_200k_seed107_13913762__checkpoint_300000,question_D_hier90_linear10_two_phase_200k_seed107_13913762,300000,0.9996216893196106,1,1,quest,matrix_aux_detector_raw,406,0.0,1.0941199384210126e-08
question_D_hier90_linear10_two_phase_200k_seed107_13913762__checkpoint_300000,question_D_hier90_linear10_two_phase_200k_seed107_13913762,300000,0.9996216893196106,1,2,quest,matrix_aux_detector_raw,406,0.0049261083743842365,0.005090739623083455
question_D_hier90_linear10_two_phase_200k_seed107_13913762__checkpoint_300000,question_D_hier90_linear10_two_phase_200k_seed107_13913762,300000,0.9996216893196106,1,3,quest,matrix_aux_detector_raw,406,0.0,0.001872684615268845
question_D_hier90_linear10_two_phase_200k_seed107_13913762__checkpoint_300000,question_D_hier90_linear10_two_phase_200k_seed107_13913762,300000,0.9996216893196106,1,4,quest,matrix_aux_detector_raw,406,0.0,5.303897590972468e-19
question_D_hier90_linear10_two_phase_200k_seed107_13913762__checkpoint_300000,question_D_hier90_linear10_two_phase_200k_seed107_13913762,300000,0.9996216893196106,1,5,quest,matrix_aux_detector_raw,406,0.0,0.0007488419386266434
question_D_hier90_linear10_two_phase_200k_seed107_13913762__checkpoint_300000,question_D_hier90_linear10_two_phase_200k_seed107_13913762,300000,0.9996216893196106,1,6,quest,matrix_aux_detector_raw,406,0.0,7.188596920057085e-10
question_D_hier90_linear10_two_phase_200k_seed107_13913762__checkpoint_300000,question_D_hier90_linear10_two_phase_200k_seed107_13913762,300000,0.9996216893196106,1,7,quest,matrix_aux_detector_raw,406,0.0024630541871921183,0.0010577436618754708
question_D_hier90_linear10_two_phase_200k_seed107_13913762__checkpoint_300000,question_D_hier90_linear10_two_phase_200k_seed107_13913762,300000,0.9996216893196106,2,0,quest,matrix_aux_detector_raw,406,0.0,2.8221182883219105e-10
question_D_hier90_linear10_two_phase_200k_seed107_13913762__checkpoint_300000,question_D_hier90_linear10_two_phase_200k_seed107_13913762,300000,0.9996216893196106,2,1,quest,matrix_aux_detector_raw,406,0.0,3.4919997884313655e-05
question_D_hier90_linear10_two_phase_200k_seed107_13913762__checkpoint_300000,question_D_hier90_linear10_two_phase_200k_seed107_13913762,300000,0.9996216893196106,2,2,quest,matrix_aux_detector_raw,406,0.0,0.0005009762381906866
question_D_hier90_linear10_two_phase_200k_seed107_13913762__checkpoint_300000,question_D_hier90_linear10_two_phase_200k_seed107_13913762,300000,0.9996216893196106,2,3,quest,matrix_aux_detector_raw,406,0.0,8.10445942841027e-09
question_D_hier90_linear10_two_phase_200k_seed107_13913762__checkpoint_300000,question_D_hier90_linear10_two_phase_200k_seed107_13913762,300000,0.9996216893196106,2,4,quest,matrix_aux_detector_raw,406,0.0,1.2042098417404109e-14
question_D_hier90_linear10_two_phase_200k_seed107_13913762__checkpoint_300000,question_D_hier90_linear10_two_phase_200k_seed107_13913762,300000,0.9996216893196106,2,5,quest,matrix_aux_detector_raw,406,0.0,0.0033171386781627532
question_D_hier90_linear10_two_phase_200k_seed107_13913762__checkpoint_300000,question_D_hier90_linear10_two_phase_200k_seed107_13913762,300000,0.9996216893196106,2,6,quest,matrix_aux_detector_raw,406,0.0,0.00031714036092881357
question_D_hier90_linear10_two_phase_200k_seed107_13913762__checkpoint_300000,question_D_hier90_linear10_two_phase_200k_seed107_13913762,300000,0.9996216893196106,2,7,quest,matrix_aux_detector_raw,406,0.0,4.4109808203513595e-06
question_D_hier90_linear10_two_phase_200k_seed107_13913762__checkpoint_300000,question_D_hier90_linear10_two_phase_200k_seed107_13913762,300000,0.9996216893196106,3,0,quest,matrix_aux_detector_raw,406,0.0,0.000900089615607109
question_D_hier90_linear10_two_phase_200k_seed107_13913762__checkpoint_300000,question_D_hier90_linear10_two_phase_200k_seed107_13913762,300000,0.9996216893196106,3,1,quest,matrix_aux_detector_raw,406,1.0,0.9992588884724772
question_D_hier90_linear10_two_phase_200k_seed107_13913762__checkpoint_300000,question_D_hier90_linear10_two_phase_200k_seed107_13913762,300000,0.9996216893196106,3,2,quest,matrix_aux_detector_raw,406,1.0,0.9999990994707116
question_D_hier90_linear10_two_phase_200k_seed107_13913762__checkpoint_300000,question_D_hier90_linear10_two_phase_200k_seed107_13913762,300000,0.9996216893196106,3,3,quest,matrix_aux_detector_raw,406,0.0,1.0981526672827107e-09
question_D_hier90_linear10_two_phase_200k_seed107_13913762__checkpoint_300000,question_D_hier90_linear10_two_phase_200k_seed107_13913762,300000,0.9996216893196106,3,4,quest,matrix_aux_detector_raw,406,0.0,3.240773714260441e-06
question_D_hier90_linear10_two_phase_200k_seed107_13913762__checkpoint_300000,question_D_hier90_linear10_two_phase_200k_seed107_13913762,300000,0.9996216893196106,3,5,quest,matrix_aux_detector_raw,406,0.014778325123152709,0.00865887628645838
question_D_hier90_linear10_two_phase_200k_seed107_13913762__checkpoint_300000,question_D_hier90_linear10_two_phase_200k_seed107_13913762,300000,0.9996216893196106,3,6,quest,matrix_aux_detector_raw,406,0.0,3.512216027772988e-10
question_D_hier90_linear10_two_phase_200k_seed107_13913762__checkpoint_300000,question_D_hier90_linear10_two_phase_200k_seed107_13913762,300000,0.9996216893196106,3,7,quest,matrix_aux_detector_raw,406,0.0,1.4687919191114082e-09
question_D_hier90_linear10_two_phase_200k_seed107_13913762__checkpoint_300000,question_D_hier90_linear10_two_phase_200k_seed107_13913762,300000,0.9996216893196106,4,0,quest,matrix_aux_detector_raw,406,0.0,1.8505118230008865e-05
question_D_hier90_linear10_two_phase_200k_seed107_13913762__checkpoint_300000,question_D_hier90_linear10_two_phase_200k_seed107_13913762,300000,0.9996216893196106,4,1,quest,matrix_aux_detector_raw,406,0.0049261083743842365,0.00579501660657065
question_D_hier90_linear10_two_phase_200k_seed107_13913762__checkpoint_300000,question_D_hier90_linear10_two_phase_200k_seed107_13913762,300000,0.9996216893196106,4,2,quest,matrix_aux_detector_raw,406,0.0,5.935627046550503e-12
question_D_hier90_linear10_two_phase_200k_seed107_13913762__checkpoint_300000,question_D_hier90_linear10_two_phase_200k_seed107_13913762,300000,0.9996216893196106,4,3,quest,matrix_aux_detector_raw,406,0.0,2.9707379470757712e-06
question_D_hier90_linear10_two_phase_200k_seed107_13913762__checkpoint_300000,question_D_hier90_linear10_two_phase_200k_seed107_13913762,300000,0.9996216893196106,4,4,quest,matrix_aux_detector_raw,406,0.0,3.8210900295933705e-05
question_D_hier90_linear10_two_phase_200k_seed107_13913762__checkpoint_300000,question_D_hier90_linear10_two_phase_200k_seed107_13913762,300000,0.9996216893196106,4,5,quest,matrix_aux_detector_raw,406,1.0,0.9999947453954537
question_D_hier90_linear10_two_phase_200k_seed107_13913762__checkpoint_300000,question_D_hier90_linear10_two_phase_200k_seed107_13913762,300000,0.9996216893196106,4,6,quest,matrix_aux_detector_raw,406,0.0,1.505635750424178e-08
question_D_hier90_linear10_two_phase_200k_seed107_13913762__checkpoint_300000,question_D_hier90_linear10_two_phase_200k_seed107_13913762,300000,0.9996216893196106,4,7,quest,matrix_aux_detector_raw,406,1.0,0.9999997924114096
question_D_hier90_linear10_two_phase_200k_seed107_13913762__checkpoint_300000,question_D_hier90_linear10_two_phase_200k_seed107_13913762,300000,0.9996216893196106,5,0,quest,matrix_aux_detector_raw,406,0.0,0.002565525991168754
question_D_hier90_linear10_two_phase_200k_seed107_13913762__checkpoint_300000,question_D_hier90_linear10_two_phase_200k_seed107_13913762,300000,0.9996216893196106,5,1,quest,matrix_aux_detector_raw,406,0.0,5.5720361739465986e-05
question_D_hier90_linear10_two_phase_200k_seed107_13913762__checkpoint_300000,question_D_hier90_linear10_two_phase_200k_seed107_13913762,300000,0.9996216893196106,5,2,quest,matrix_aux_detector_raw,406,0.03201970443349754,0.030892081722113208
question_D_hier90_linear10_two_phase_200k_seed107_13913762__checkpoint_300000,question_D_hier90_linear10_two_phase_200k_seed107_13913762,300000,0.9996216893196106,5,3,quest,matrix_aux_detector_raw,406,0.0,1.3370909539526137e-05
question_D_hier90_linear10_two_phase_200k_seed107_13913762__checkpoint_300000,question_D_hier90_linear10_two_phase_200k_seed107_13913762,300000,0.9996216893196106,5,4,quest,matrix_aux_detector_raw,406,0.07635467980295567,0.038504711484698986
question_D_hier90_linear10_two_phase_200k_seed107_13913762__checkpoint_300000,question_D_hier90_linear10_two_phase_200k_seed107_13913762,300000,0.9996216893196106,5,5,quest,matrix_aux_detector_raw,406,0.0,9.02029362716383e-05
question_D_hier90_linear10_two_phase_200k_seed107_13913762__checkpoint_300000,question_D_hier90_linear10_two_phase_200k_seed107_13913762,300000,0.9996216893196106,5,6,quest,matrix_aux_detector_raw,406,0.0,4.456412188327379e-05
question_D_hier90_linear10_two_phase_200k_seed107_13913762__checkpoint_300000,question_D_hier90_linear10_two_phase_200k_seed107_13913762,300000,0.9996216893196106,5,7,quest,matrix_aux_detector_raw,406,0.3275862068965517,0.28538093669411324
question_D_hier90_linear10_two_phase_200k_seed108_13913763__checkpoint_300000,question_D_hier90_linear10_two_phase_200k_seed108_13913763,300000,0.2841247618198395,0,0,quest,matrix_aux_detector_raw,406,0.0,5.08867380943013e-15
question_D_hier90_linear10_two_phase_200k_seed108_13913763__checkpoint_300000,question_D_hier90_linear10_two_phase_200k_seed108_13913763,300000,0.2841247618198395,0,1,quest,matrix_aux_detector_raw,406,0.7881773399014779,0.7487176240603032
question_D_hier90_linear10_two_phase_200k_seed108_13913763__checkpoint_300000,question_D_hier90_linear10_two_phase_200k_seed108_13913763,300000,0.2841247618198395,0,2,quest,matrix_aux_detector_raw,406,0.0,2.8564520574754404e-21
question_D_hier90_linear10_two_phase_200k_seed108_13913763__checkpoint_300000,question_D_hier90_linear10_two_phase_200k_seed108_13913763,300000,0.2841247618198395,0,3,quest,matrix_aux_detector_raw,406,0.0,4.34494935799741e-14
question_D_hier90_linear10_two_phase_200k_seed108_13913763__checkpoint_300000,question_D_hier90_linear10_two_phase_200k_seed108_13913763,300000,0.2841247618198395,0,4,quest,matrix_aux_detector_raw,406,0.0,2.1754746939077315e-15
question_D_hier90_linear10_two_phase_200k_seed108_13913763__checkpoint_300000,question_D_hier90_linear10_two_phase_200k_seed108_13913763,300000,0.2841247618198395,0,5,quest,matrix_aux_detector_raw,406,0.0,1.661692216819816e-18
question_D_hier90_linear10_two_phase_200k_seed108_13913763__checkpoint_300000,question_D_hier90_linear10_two_phase_200k_seed108_13913763,300000,0.2841247618198395,0,6,quest,matrix_aux_detector_raw,406,0.0,4.1521232822235345e-45
question_D_hier90_linear10_two_phase_200k_seed108_13913763__checkpoint_300000,question_D_hier90_linear10_two_phase_200k_seed108_13913763,300000,0.2841247618198395,0,7,quest,matrix_aux_detector_raw,406,0.0,1.924318359322538e-06
question_D_hier90_linear10_two_phase_200k_seed108_13913763__checkpoint_300000,question_D_hier90_linear10_two_phase_200k_seed108_13913763,300000,0.2841247618198395,1,0,quest,matrix_aux_detector_raw,406,0.0,7.009772430145383e-05
question_D_hier90_linear10_two_phase_200k_seed108_13913763__checkpoint_300000,question_D_hier90_linear10_two_phase_200k_seed108_13913763,300000,0.2841247618198395,1,1,quest,matrix_aux_detector_raw,406,0.0,1.0963031382953554e-11
question_D_hier90_linear10_two_phase_200k_seed108_13913763__checkpoint_300000,question_D_hier90_linear10_two_phase_200k_seed108_13913763,300000,0.2841247618198395,1,2,quest,matrix_aux_detector_raw,406,0.9901477832512315,0.9778084489402219
question_D_hier90_linear10_two_phase_200k_seed108_13913763__checkpoint_300000,question_D_hier90_linear10_two_phase_200k_seed108_13913763,300000,0.2841247618198395,1,3,quest,matrix_aux_detector_raw,406,0.8940886699507389,0.8560883131539246
question_D_hier90_linear10_two_phase_200k_seed108_13913763__checkpoint_300000,question_D_hier90_linear10_two_phase_200k_seed108_13913763,300000,0.2841247618198395,1,4,quest,matrix_aux_detector_raw,406,0.9211822660098522,0.8777936392870794
question_D_hier90_linear10_two_phase_200k_seed108_13913763__checkpoint_300000,question_D_hier90_linear10_two_phase_200k_seed108_13913763,300000,0.2841247618198395,1,5,quest,matrix_aux_detector_raw,406,0.8054187192118226,0.7873488176377963
question_D_hier90_linear10_two_phase_200k_seed108_13913763__checkpoint_300000,question_D_hier90_linear10_two_phase_200k_seed108_13913763,300000,0.2841247618198395,1,6,quest,matrix_aux_detector_raw,406,0.6379310344827587,0.6079548355496943
question_D_hier90_linear10_two_phase_200k_seed108_13913763__checkpoint_300000,question_D_hier90_linear10_two_phase_200k_seed108_13913763,300000,0.2841247618198395,1,7,quest,matrix_aux_detector_raw,406,0.0,9.851217616500725e-06
question_D_hier90_linear10_two_phase_200k_seed108_13913763__checkpoint_300000,question_D_hier90_linear10_two_phase_200k_seed108_13913763,300000,0.2841247618198395,2,0,quest,matrix_aux_detector_raw,406,1.0,0.9999978739052571
question_D_hier90_linear10_two_phase_200k_seed108_13913763__checkpoint_300000,question_D_hier90_linear10_two_phase_200k_seed108_13913763,300000,0.2841247618198395,2,1,quest,matrix_aux_detector_raw,406,1.0,0.99847568857846
question_D_hier90_linear10_two_phase_200k_seed108_13913763__checkpoint_300000,question_D_hier90_linear10_two_phase_200k_seed108_13913763,300000,0.2841247618198395,2,2,quest,matrix_aux_detector_raw,406,0.0,9.367122796704783e-05
question_D_hier90_linear10_two_phase_200k_seed108_13913763__checkpoint_300000,question_D_hier90_linear10_two_phase_200k_seed108_13913763,300000,0.2841247618198395,2,3,quest,matrix_aux_detector_raw,406,1.0,0.9999731203605389
question_D_hier90_linear10_two_phase_200k_seed108_13913763__checkpoint_300000,question_D_hier90_linear10_two_phase_200k_seed108_13913763,300000,0.2841247618198395,2,4,quest,matrix_aux_detector_raw,406,1.0,0.9998840227209288
question_D_hier90_linear10_two_phase_200k_seed108_13913763__checkpoint_300000,question_D_hier90_linear10_two_phase_200k_seed108_13913763,300000,0.2841247618198395,2,5,quest,matrix_aux_detector_raw,406,0.7610837438423645,0.7390827808979816
question_D_hier90_linear10_two_phase_200k_seed108_13913763__checkpoint_300000,question_D_hier90_linear10_two_phase_200k_seed108_13913763,300000,0.2841247618198395,2,6,quest,matrix_aux_detector_raw,406,0.07881773399014778,0.048198461427441566
question_D_hier90_linear10_two_phase_200k_seed108_13913763__checkpoint_300000,question_D_hier90_linear10_two_phase_200k_seed108_13913763,300000,0.2841247618198395,2,7,quest,matrix_aux_detector_raw,406,0.0,1.4552098988080342e-06
question_D_hier90_linear10_two_phase_200k_seed108_13913763__checkpoint_300000,question_D_hier90_linear10_two_phase_200k_seed108_13913763,300000,0.2841247618198395,3,0,quest,matrix_aux_detector_raw,406,0.0,5.5316164227557155e-05
question_D_hier90_linear10_two_phase_200k_seed108_13913763__checkpoint_300000,question_D_hier90_linear10_two_phase_200k_seed108_13913763,300000,0.2841247618198395,3,1,quest,matrix_aux_detector_raw,406,0.0,3.2007593314252424e-05
question_D_hier90_linear10_two_phase_200k_seed108_13913763__checkpoint_300000,question_D_hier90_linear10_two_phase_200k_seed108_13913763,300000,0.2841247618198395,3,2,quest,matrix_aux_detector_raw,406,0.0,0.00046753661366466656
question_D_hier90_linear10_two_phase_200k_seed108_13913763__checkpoint_300000,question_D_hier90_linear10_two_phase_200k_seed108_13913763,300000,0.2841247618198395,3,3,quest,matrix_aux_detector_raw,406,0.0,5.764005023430648e-07
question_D_hier90_linear10_two_phase_200k_seed108_13913763__checkpoint_300000,question_D_hier90_linear10_two_phase_200k_seed108_13913763,300000,0.2841247618198395,3,4,quest,matrix_aux_detector_raw,406,1.0,0.9996384512908353
question_D_hier90_linear10_two_phase_200k_seed108_13913763__checkpoint_300000,question_D_hier90_linear10_two_phase_200k_seed108_13913763,300000,0.2841247618198395,3,5,quest,matrix_aux_detector_raw,406,0.029556650246305417,0.01364032403653405
question_D_hier90_linear10_two_phase_200k_seed108_13913763__checkpoint_300000,question_D_hier90_linear10_two_phase_200k_seed108_13913763,300000,0.2841247618198395,3,6,quest,matrix_aux_detector_raw,406,0.0,4.05110676821555e-05
question_D_hier90_linear10_two_phase_200k_seed108_13913763__checkpoint_300000,question_D_hier90_linear10_two_phase_200k_seed108_13913763,300000,0.2841247618198395,3,7,quest,matrix_aux_detector_raw,406,0.9975369458128078,0.9934247883743254
question_D_hier90_linear10_two_phase_200k_seed108_13913763__checkpoint_300000,question_D_hier90_linear10_two_phase_200k_seed108_13913763,300000,0.2841247618198395,4,0,quest,matrix_aux_detector_raw,406,1.0,0.9939986966513648
question_D_hier90_linear10_two_phase_200k_seed108_13913763__checkpoint_300000,question_D_hier90_linear10_two_phase_200k_seed108_13913763,300000,0.2841247618198395,4,1,quest,matrix_aux_detector_raw,406,0.0,3.1656881762108475e-05
question_D_hier90_linear10_two_phase_200k_seed108_13913763__checkpoint_300000,question_D_hier90_linear10_two_phase_200k_seed108_13913763,300000,0.2841247618198395,4,2,quest,matrix_aux_detector_raw,406,0.0,3.025271309942881e-05
question_D_hier90_linear10_two_phase_200k_seed108_13913763__checkpoint_300000,question_D_hier90_linear10_two_phase_200k_seed108_13913763,300000,0.2841247618198395,4,3,quest,matrix_aux_detector_raw,406,0.0,0.0010184043312228721
question_D_hier90_linear10_two_phase_200k_seed108_13913763__checkpoint_300000,question_D_hier90_linear10_two_phase_200k_seed108_13913763,300000,0.2841247618198395,4,4,quest,matrix_aux_detector_raw,406,0.0,1.413812398564947e-05
question_D_hier90_linear10_two_phase_200k_seed108_13913763__checkpoint_300000,question_D_hier90_linear10_two_phase_200k_seed108_13913763,300000,0.2841247618198395,4,5,quest,matrix_aux_detector_raw,406,0.0049261083743842365,0.003441384335762403
question_D_hier90_linear10_two_phase_200k_seed108_13913763__checkpoint_300000,question_D_hier90_linear10_two_phase_200k_seed108_13913763,300000,0.2841247618198395,4,6,quest,matrix_aux_detector_raw,406,0.0,5.464064805869013e-07
question_D_hier90_linear10_two_phase_200k_seed108_13913763__checkpoint_300000,question_D_hier90_linear10_two_phase_200k_seed108_13913763,300000,0.2841247618198395,4,7,quest,matrix_aux_detector_raw,406,0.6502463054187192,0.6146889511921224
question_D_hier90_linear10_two_phase_200k_seed108_13913763__checkpoint_300000,question_D_hier90_linear10_two_phase_200k_seed108_13913763,300000,0.2841247618198395,5,0,quest,matrix_aux_detector_raw,406,0.017241379310344827,0.013548282696055257
question_D_hier90_linear10_two_phase_200k_seed108_13913763__checkpoint_300000,question_D_hier90_linear10_two_phase_200k_seed108_13913763,300000,0.2841247618198395,5,1,quest,matrix_aux_detector_raw,406,0.0,4.986942339613343e-05
question_D_hier90_linear10_two_phase_200k_seed108_13913763__checkpoint_300000,question_D_hier90_linear10_two_phase_200k_seed108_13913763,300000,0.2841247618198395,5,2,quest,matrix_aux_detector_raw,406,0.0,3.636845058206265e-05
question_D_hier90_linear10_two_phase_200k_seed108_13913763__checkpoint_300000,question_D_hier90_linear10_two_phase_200k_seed108_13913763,300000,0.2841247618198395,5,3,quest,matrix_aux_detector_raw,406,0.0024630541871921183,0.005249985484293406
question_D_hier90_linear10_two_phase_200k_seed108_13913763__checkpoint_300000,question_D_hier90_linear10_two_phase_200k_seed108_13913763,300000,0.2841247618198395,5,4,quest,matrix_aux_detector_raw,406,0.0,0.0013958891388616834
question_D_hier90_linear10_two_phase_200k_seed108_13913763__checkpoint_300000,question_D_hier90_linear10_two_phase_200k_seed108_13913763,300000,0.2841247618198395,5,5,quest,matrix_aux_detector_raw,406,0.0,8.161378114895503e-05
question_D_hier90_linear10_two_phase_200k_seed108_13913763__checkpoint_300000,question_D_hier90_linear10_two_phase_200k_seed108_13913763,300000,0.2841247618198395,5,6,quest,matrix_aux_detector_raw,406,0.0,0.0007133227800299673
question_D_hier90_linear10_two_phase_200k_seed108_13913763__checkpoint_300000,question_D_hier90_linear10_two_phase_200k_seed108_13913763,300000,0.2841247618198395,5,7,quest,matrix_aux_detector_raw,406,0.0,0.0005957354367970581
question_D_hier90_linear10_two_phase_200k_seed109_14928587__checkpoint_300000,question_D_hier90_linear10_two_phase_200k_seed109_14928587,300000,0.9505013823509216,0,0,quest,matrix_aux_detector_raw,406,0.3645320197044335,0.35012857597256286
question_D_hier90_linear10_two_phase_200k_seed109_14928587__checkpoint_300000,question_D_hier90_linear10_two_phase_200k_seed109_14928587,300000,0.9505013823509216,0,1,quest,matrix_aux_detector_raw,406,0.0,3.944092298499726e-06
question_D_hier90_linear10_two_phase_200k_seed109_14928587__checkpoint_300000,question_D_hier90_linear10_two_phase_200k_seed109_14928587,300000,0.9505013823509216,0,2,quest,matrix_aux_detector_raw,406,0.0,2.965930195292885e-27
question_D_hier90_linear10_two_phase_200k_seed109_14928587__checkpoint_300000,question_D_hier90_linear10_two_phase_200k_seed109_14928587,300000,0.9505013823509216,0,3,quest,matrix_aux_detector_raw,406,0.0,2.0014649934105927e-24
question_D_hier90_linear10_two_phase_200k_seed109_14928587__checkpoint_300000,question_D_hier90_linear10_two_phase_200k_seed109_14928587,300000,0.9505013823509216,0,4,quest,matrix_aux_detector_raw,406,0.0,0.0
question_D_hier90_linear10_two_phase_200k_seed109_14928587__checkpoint_300000,question_D_hier90_linear10_two_phase_200k_seed109_14928587,300000,0.9505013823509216,0,5,quest,matrix_aux_detector_raw,406,0.0,6.934682590009432e-18
question_D_hier90_linear10_two_phase_200k_seed109_14928587__checkpoint_300000,question_D_hier90_linear10_two_phase_200k_seed109_14928587,300000,0.9505013823509216,0,6,quest,matrix_aux_detector_raw,406,0.0,2.7062241007275536e-24
question_D_hier90_linear10_two_phase_200k_seed109_14928587__checkpoint_300000,question_D_hier90_linear10_two_phase_200k_seed109_14928587,300000,0.9505013823509216,0,7,quest,matrix_aux_detector_raw,406,0.4088669950738916,0.4107432899358209
question_D_hier90_linear10_two_phase_200k_seed109_14928587__checkpoint_300000,question_D_hier90_linear10_two_phase_200k_seed109_14928587,300000,0.9505013823509216,1,0,quest,matrix_aux_detector_raw,406,0.024630541871921183,0.016555091319398738
question_D_hier90_linear10_two_phase_200k_seed109_14928587__checkpoint_300000,question_D_hier90_linear10_two_phase_200k_seed109_14928587,300000,0.9505013823509216,1,1,quest,matrix_aux_detector_raw,406,0.45320197044334976,0.396101415265028
question_D_hier90_linear10_two_phase_200k_seed109_14928587__checkpoint_300000,question_D_hier90_linear10_two_phase_200k_seed109_14928587,300000,0.9505013823509216,1,2,quest,matrix_aux_detector_raw,406,0.0,1.02684621218117e-11
question_D_hier90_linear10_two_phase_200k_seed109_14928587__checkpoint_300000,question_D_hier90_linear10_two_phase_200k_seed109_14928587,300000,0.9505013823509216,1,3,quest,matrix_aux_detector_raw,406,0.0,0.00028728897990342383
question_D_hier90_linear10_two_phase_200k_seed109_14928587__checkpoint_300000,question_D_hier90_linear10_two_phase_200k_seed109_14928587,300000,0.9505013823509216,1,4,quest,matrix_aux_detector_raw,406,0.022167487684729065,0.01397135655289067
question_D_hier90_linear10_two_phase_200k_seed109_14928587__checkpoint_300000,question_D_hier90_linear10_two_phase_200k_seed109_14928587,300000,0.9505013823509216,1,5,quest,matrix_aux_detector_raw,406,0.0,8.801520968442978e-05
question_D_hier90_linear10_two_phase_200k_seed109_14928587__checkpoint_300000,question_D_hier90_linear10_two_phase_200k_seed109_14928587,300000,0.9505013823509216,1,6,quest,matrix_aux_detector_raw,406,0.0,0.0006129963406711225
question_D_hier90_linear10_two_phase_200k_seed109_14928587__checkpoint_300000,question_D_hier90_linear10_two_phase_200k_seed109_14928587,300000,0.9505013823509216,1,7,quest,matrix_aux_detector_raw,406,0.5394088669950738,0.5232526300387482
question_D_hier90_linear10_two_phase_200k_seed109_14928587__checkpoint_300000,question_D_hier90_linear10_two_phase_200k_seed109_14928587,300000,0.9505013823509216,2,0,quest,matrix_aux_detector_raw,406,0.0,3.1265622425567953e-06
question_D_hier90_linear10_two_phase_200k_seed109_14928587__checkpoint_300000,question_D_hier90_linear10_two_phase_200k_seed109_14928587,300000,0.9505013823509216,2,1,quest,matrix_aux_detector_raw,406,0.0,1.5145160131664327e-11
question_D_hier90_linear10_two_phase_200k_seed109_14928587__checkpoint_300000,question_D_hier90_linear10_two_phase_200k_seed109_14928587,300000,0.9505013823509216,2,2,quest,matrix_aux_detector_raw,406,0.6330049261083743,0.5483689249478789
question_D_hier90_linear10_two_phase_200k_seed109_14928587__checkpoint_300000,question_D_hier90_linear10_two_phase_200k_seed109_14928587,300000,0.9505013823509216,2,3,quest,matrix_aux_detector_raw,406,0.9458128078817734,0.9123966288798732
question_D_hier90_linear10_two_phase_200k_seed109_14928587__checkpoint_300000,question_D_hier90_linear10_two_phase_200k_seed109_14928587,300000,0.9505013823509216,2,4,quest,matrix_aux_detector_raw,406,0.37192118226600984,0.31861799152646775
question_D_hier90_linear10_two_phase_200k_seed109_14928587__checkpoint_300000,question_D_hier90_linear10_two_phase_200k_seed109_14928587,300000,0.9505013823509216,2,5,quest,matrix_aux_detector_raw,406,0.0,1.2146693901809742e-05
question_D_hier90_linear10_two_phase_200k_seed109_14928587__checkpoint_300000,question_D_hier90_linear10_two_phase_200k_seed109_14928587,300000,0.9505013823509216,2,6,quest,matrix_aux_detector_raw,406,0.8990147783251231,0.8344064675151942
question_D_hier90_linear10_two_phase_200k_seed109_14928587__checkpoint_300000,question_D_hier90_linear10_two_phase_200k_seed109_14928587,300000,0.9505013823509216,2,7,quest,matrix_aux_detector_raw,406,0.6970443349753694,0.6056218009482306
question_D_hier90_linear10_two_phase_200k_seed109_14928587__checkpoint_300000,question_D_hier90_linear10_two_phase_200k_seed109_14928587,300000,0.9505013823509216,3,0,quest,matrix_aux_detector_raw,406,0.0,1.8545555435183243e-07
question_D_hier90_linear10_two_phase_200k_seed109_14928587__checkpoint_300000,question_D_hier90_linear10_two_phase_200k_seed109_14928587,300000,0.9505013823509216,3,1,quest,matrix_aux_detector_raw,406,0.0,5.794122023817044e-08
question_D_hier90_linear10_two_phase_200k_seed109_14928587__checkpoint_300000,question_D_hier90_linear10_two_phase_200k_seed109_14928587,300000,0.9505013823509216,3,2,quest,matrix_aux_detector_raw,406,0.0,4.533620257598867e-07
question_D_hier90_linear10_two_phase_200k_seed109_14928587__checkpoint_300000,question_D_hier90_linear10_two_phase_200k_seed109_14928587,300000,0.9505013823509216,3,3,quest,matrix_aux_detector_raw,406,0.0,1.4024338873441642e-08
question_D_hier90_linear10_two_phase_200k_seed109_14928587__checkpoint_300000,question_D_hier90_linear10_two_phase_200k_seed109_14928587,300000,0.9505013823509216,3,4,quest,matrix_aux_detector_raw,406,0.8448275862068966,0.7110808194163909
question_D_hier90_linear10_two_phase_200k_seed109_14928587__checkpoint_300000,question_D_hier90_linear10_two_phase_200k_seed109_14928587,300000,0.9505013823509216,3,5,quest,matrix_aux_detector_raw,406,0.0,0.0008798560899400713
question_D_hier90_linear10_two_phase_200k_seed109_14928587__checkpoint_300000,question_D_hier90_linear10_two_phase_200k_seed109_14928587,300000,0.9505013823509216,3,6,quest,matrix_aux_detector_raw,406,0.0,1.726065843135659e-09
question_D_hier90_linear10_two_phase_200k_seed109_14928587__checkpoint_300000,question_D_hier90_linear10_two_phase_200k_seed109_14928587,300000,0.9505013823509216,3,7,quest,matrix_aux_detector_raw,406,0.03201970443349754,0.03465389588000709
question_D_hier90_linear10_two_phase_200k_seed109_14928587__checkpoint_300000,question_D_hier90_linear10_two_phase_200k_seed109_14928587,300000,0.9505013823509216,4,0,quest,matrix_aux_detector_raw,406,0.0,5.64923279714236e-07
question_D_hier90_linear10_two_phase_200k_seed109_14928587__checkpoint_300000,question_D_hier90_linear10_two_phase_200k_seed109_14928587,300000,0.9505013823509216,4,1,quest,matrix_aux_detector_raw,406,1.0,0.9999995354948372
question_D_hier90_linear10_two_phase_200k_seed109_14928587__checkpoint_300000,question_D_hier90_linear10_two_phase_200k_seed109_14928587,300000,0.9505013823509216,4,2,quest,matrix_aux_detector_raw,406,0.027093596059113302,0.02390135474887019
question_D_hier90_linear10_two_phase_200k_seed109_14928587__checkpoint_300000,question_D_hier90_linear10_two_phase_200k_seed109_14928587,300000,0.9505013823509216,4,3,quest,matrix_aux_detector_raw,406,1.0,0.9999999797402932
question_D_hier90_linear10_two_phase_200k_seed109_14928587__checkpoint_300000,question_D_hier90_linear10_two_phase_200k_seed109_14928587,300000,0.9505013823509216,4,4,quest,matrix_aux_detector_raw,406,1.0,0.9996230202942646
question_D_hier90_linear10_two_phase_200k_seed109_14928587__checkpoint_300000,question_D_hier90_linear10_two_phase_200k_seed109_14928587,300000,0.9505013823509216,4,5,quest,matrix_aux_detector_raw,406,0.0,6.089316705148603e-13
question_D_hier90_linear10_two_phase_200k_seed109_14928587__checkpoint_300000,question_D_hier90_linear10_two_phase_200k_seed109_14928587,300000,0.9505013823509216,4,6,quest,matrix_aux_detector_raw,406,1.0,0.999966320292703
question_D_hier90_linear10_two_phase_200k_seed109_14928587__checkpoint_300000,question_D_hier90_linear10_two_phase_200k_seed109_14928587,300000,0.9505013823509216,4,7,quest,matrix_aux_detector_raw,406,0.0,5.5188447545602616e-05
question_D_hier90_linear10_two_phase_200k_seed109_14928587__checkpoint_300000,question_D_hier90_linear10_two_phase_200k_seed109_14928587,300000,0.9505013823509216,5,0,quest,matrix_aux_detector_raw,406,0.007389162561576354,0.0062644631101043
question_D_hier90_linear10_two_phase_200k_seed109_14928587__checkpoint_300000,question_D_hier90_linear10_two_phase_200k_seed109_14928587,300000,0.9505013823509216,5,1,quest,matrix_aux_detector_raw,406,0.0,6.765329340182532e-05
question_D_hier90_linear10_two_phase_200k_seed109_14928587__checkpoint_300000,question_D_hier90_linear10_two_phase_200k_seed109_14928587,300000,0.9505013823509216,5,2,quest,matrix_aux_detector_raw,406,0.024630541871921183,0.01499106060140536
question_D_hier90_linear10_two_phase_200k_seed109_14928587__checkpoint_300000,question_D_hier90_linear10_two_phase_200k_seed109_14928587,300000,0.9505013823509216,5,3,quest,matrix_aux_detector_raw,406,0.0,1.3864594752088678e-06
question_D_hier90_linear10_two_phase_200k_seed109_14928587__checkpoint_300000,question_D_hier90_linear10_two_phase_200k_seed109_14928587,300000,0.9505013823509216,5,4,quest,matrix_aux_detector_raw,406,0.0,0.0002549303875834148
question_D_hier90_linear10_two_phase_200k_seed109_14928587__checkpoint_300000,question_D_hier90_linear10_two_phase_200k_seed109_14928587,300000,0.9505013823509216,5,5,quest,matrix_aux_detector_raw,406,0.0,8.414543366506026e-06
question_D_hier90_linear10_two_phase_200k_seed109_14928587__checkpoint_300000,question_D_hier90_linear10_two_phase_200k_seed109_14928587,300000,0.9505013823509216,5,6,quest,matrix_aux_detector_raw,406,0.0,0.0003155455459282165
question_D_hier90_linear10_two_phase_200k_seed109_14928587__checkpoint_300000,question_D_hier90_linear10_two_phase_200k_seed109_14928587,300000,0.9505013823509216,5,7,quest,matrix_aux_detector_raw,406,0.0,2.058640261653553e-05
question_D_hier90_linear10_two_phase_200k_seed110_13913889__checkpoint_300000,question_D_hier90_linear10_two_phase_200k_seed110_13913889,300000,0.6174458861351013,0,0,quest,matrix_aux_detector_raw,406,0.05172413793103448,0.04325108145853533
question_D_hier90_linear10_two_phase_200k_seed110_13913889__checkpoint_300000,question_D_hier90_linear10_two_phase_200k_seed110_13913889,300000,0.6174458861351013,0,1,quest,matrix_aux_detector_raw,406,0.0,4.2847890631205356e-30
question_D_hier90_linear10_two_phase_200k_seed110_13913889__checkpoint_300000,question_D_hier90_linear10_two_phase_200k_seed110_13913889,300000,0.6174458861351013,0,2,quest,matrix_aux_detector_raw,406,0.0,8.22641582461819e-43
question_D_hier90_linear10_two_phase_200k_seed110_13913889__checkpoint_300000,question_D_hier90_linear10_two_phase_200k_seed110_13913889,300000,0.6174458861351013,0,3,quest,matrix_aux_detector_raw,406,0.0,2.610969898240484e-10
question_D_hier90_linear10_two_phase_200k_seed110_13913889__checkpoint_300000,question_D_hier90_linear10_two_phase_200k_seed110_13913889,300000,0.6174458861351013,0,4,quest,matrix_aux_detector_raw,406,0.0,3.7623968115154086e-08
question_D_hier90_linear10_two_phase_200k_seed110_13913889__checkpoint_300000,question_D_hier90_linear10_two_phase_200k_seed110_13913889,300000,0.6174458861351013,0,5,quest,matrix_aux_detector_raw,406,0.0,3.1665555332977476e-12
question_D_hier90_linear10_two_phase_200k_seed110_13913889__checkpoint_300000,question_D_hier90_linear10_two_phase_200k_seed110_13913889,300000,0.6174458861351013,0,6,quest,matrix_aux_detector_raw,406,0.0,2.9153947936270733e-22
question_D_hier90_linear10_two_phase_200k_seed110_13913889__checkpoint_300000,question_D_hier90_linear10_two_phase_200k_seed110_13913889,300000,0.6174458861351013,0,7,quest,matrix_aux_detector_raw,406,0.0,2.2249112974782777e-33
question_D_hier90_linear10_two_phase_200k_seed110_13913889__checkpoint_300000,question_D_hier90_linear10_two_phase_200k_seed110_13913889,300000,0.6174458861351013,1,0,quest,matrix_aux_detector_raw,406,0.49507389162561577,0.4636821412939461
question_D_hier90_linear10_two_phase_200k_seed110_13913889__checkpoint_300000,question_D_hier90_linear10_two_phase_200k_seed110_13913889,300000,0.6174458861351013,1,1,quest,matrix_aux_detector_raw,406,0.0,3.053883159346408e-14
question_D_hier90_linear10_two_phase_200k_seed110_13913889__checkpoint_300000,question_D_hier90_linear10_two_phase_200k_seed110_13913889,300000,0.6174458861351013,1,2,quest,matrix_aux_detector_raw,406,0.16748768472906403,0.12795589796805637
question_D_hier90_linear10_two_phase_200k_seed110_13913889__checkpoint_300000,question_D_hier90_linear10_two_phase_200k_seed110_13913889,300000,0.6174458861351013,1,3,quest,matrix_aux_detector_raw,406,0.12807881773399016,0.100584147397695
question_D_hier90_linear10_two_phase_200k_seed110_13913889__checkpoint_300000,question_D_hier90_linear10_two_phase_200k_seed110_13913889,300000,0.6174458861351013,1,4,quest,matrix_aux_detector_raw,406,0.16995073891625614,0.1438900126356753
question_D_hier90_linear10_two_phase_200k_seed110_13913889__checkpoint_300000,question_D_hier90_linear10_two_phase_200k_seed110_13913889,300000,0.6174458861351013,1,5,quest,matrix_aux_detector_raw,406,0.6527093596059114,0.5982844818079142
question_D_hier90_linear10_two_phase_200k_seed110_13913889__checkpoint_300000,question_D_hier90_linear10_two_phase_200k_seed110_13913889,300000,0.6174458861351013,1,6,quest,matrix_aux_detector_raw,406,0.18719211822660098,0.16759412723263348
question_D_hier90_linear10_two_phase_200k_seed110_13913889__checkpoint_300000,question_D_hier90_linear10_two_phase_200k_seed110_13913889,300000,0.6174458861351013,1,7,quest,matrix_aux_detector_raw,406,0.0,6.206359081562726e-11
question_D_hier90_linear10_two_phase_200k_seed110_13913889__checkpoint_300000,question_D_hier90_linear10_two_phase_200k_seed110_13913889,300000,0.6174458861351013,2,0,quest,matrix_aux_detector_raw,406,0.0,4.3045795904383406e-10
question_D_hier90_linear10_two_phase_200k_seed110_13913889__checkpoint_300000,question_D_hier90_linear10_two_phase_200k_seed110_13913889,300000,0.6174458861351013,2,1,quest,matrix_aux_detector_raw,406,0.0,1.9228247596169076e-12
question_D_hier90_linear10_two_phase_200k_seed110_13913889__checkpoint_300000,question_D_hier90_linear10_two_phase_200k_seed110_13913889,300000,0.6174458861351013,2,2,quest,matrix_aux_detector_raw,406,0.07881773399014778,0.056718077860558706
question_D_hier90_linear10_two_phase_200k_seed110_13913889__checkpoint_300000,question_D_hier90_linear10_two_phase_200k_seed110_13913889,300000,0.6174458861351013,2,3,quest,matrix_aux_detector_raw,406,0.2044334975369458,0.15676418461538516
question_D_hier90_linear10_two_phase_200k_seed110_13913889__checkpoint_300000,question_D_hier90_linear10_two_phase_200k_seed110_13913889,300000,0.6174458861351013,2,4,quest,matrix_aux_detector_raw,406,0.0,2.9850327473220684e-05
question_D_hier90_linear10_two_phase_200k_seed110_13913889__checkpoint_300000,question_D_hier90_linear10_two_phase_200k_seed110_13913889,300000,0.6174458861351013,2,5,quest,matrix_aux_detector_raw,406,0.9975369458128078,0.9641645491637033
question_D_hier90_linear10_two_phase_200k_seed110_13913889__checkpoint_300000,question_D_hier90_linear10_two_phase_200k_seed110_13913889,300000,0.6174458861351013,2,6,quest,matrix_aux_detector_raw,406,0.16502463054187191,0.13132713562479165
question_D_hier90_linear10_two_phase_200k_seed110_13913889__checkpoint_300000,question_D_hier90_linear10_two_phase_200k_seed110_13913889,300000,0.6174458861351013,2,7,quest,matrix_aux_detector_raw,406,0.0,4.800561974790168e-09
question_D_hier90_linear10_two_phase_200k_seed110_13913889__checkpoint_300000,question_D_hier90_linear10_two_phase_200k_seed110_13913889,300000,0.6174458861351013,3,0,quest,matrix_aux_detector_raw,406,1.0,0.9988703798190713
question_D_hier90_linear10_two_phase_200k_seed110_13913889__checkpoint_300000,question_D_hier90_linear10_two_phase_200k_seed110_13913889,300000,0.6174458861351013,3,1,quest,matrix_aux_detector_raw,406,0.2413793103448276,0.21006671081488093
question_D_hier90_linear10_two_phase_200k_seed110_13913889__checkpoint_300000,question_D_hier90_linear10_two_phase_200k_seed110_13913889,300000,0.6174458861351013,3,2,quest,matrix_aux_detector_raw,406,0.0,2.2867700616491957e-06
question_D_hier90_linear10_two_phase_200k_seed110_13913889__checkpoint_300000,question_D_hier90_linear10_two_phase_200k_seed110_13913889,300000,0.6174458861351013,3,3,quest,matrix_aux_detector_raw,406,1.0,0.9999893539644814
question_D_hier90_linear10_two_phase_200k_seed110_13913889__checkpoint_300000,question_D_hier90_linear10_two_phase_200k_seed110_13913889,300000,0.6174458861351013,3,4,quest,matrix_aux_detector_raw,406,0.0,7.099091838152934e-09
question_D_hier90_linear10_two_phase_200k_seed110_13913889__checkpoint_300000,question_D_hier90_linear10_two_phase_200k_seed110_13913889,300000,0.6174458861351013,3,5,quest,matrix_aux_detector_raw,406,0.0,3.36442885657418e-06
question_D_hier90_linear10_two_phase_200k_seed110_13913889__checkpoint_300000,question_D_hier90_linear10_two_phase_200k_seed110_13913889,300000,0.6174458861351013,3,6,quest,matrix_aux_detector_raw,406,0.5541871921182266,0.5027235633995246
question_D_hier90_linear10_two_phase_200k_seed110_13913889__checkpoint_300000,question_D_hier90_linear10_two_phase_200k_seed110_13913889,300000,0.6174458861351013,3,7,quest,matrix_aux_detector_raw,406,1.0,0.9999464522735239
question_D_hier90_linear10_two_phase_200k_seed110_13913889__checkpoint_300000,question_D_hier90_linear10_two_phase_200k_seed110_13913889,300000,0.6174458861351013,4,0,quest,matrix_aux_detector_raw,406,0.0,0.00018026161968513532
question_D_hier90_linear10_two_phase_200k_seed110_13913889__checkpoint_300000,question_D_hier90_linear10_two_phase_200k_seed110_13913889,300000,0.6174458861351013,4,1,quest,matrix_aux_detector_raw,406,0.0,2.090512186500635e-12
question_D_hier90_linear10_two_phase_200k_seed110_13913889__checkpoint_300000,question_D_hier90_linear10_two_phase_200k_seed110_13913889,300000,0.6174458861351013,4,2,quest,matrix_aux_detector_raw,406,0.0,8.521954797866683e-08
question_D_hier90_linear10_two_phase_200k_seed110_13913889__checkpoint_300000,question_D_hier90_linear10_two_phase_200k_seed110_13913889,300000,0.6174458861351013,4,3,quest,matrix_aux_detector_raw,406,1.0,0.9999994030726954
question_D_hier90_linear10_two_phase_200k_seed110_13913889__checkpoint_300000,question_D_hier90_linear10_two_phase_200k_seed110_13913889,300000,0.6174458861351013,4,4,quest,matrix_aux_detector_raw,406,0.0,5.248418888558986e-07
question_D_hier90_linear10_two_phase_200k_seed110_13913889__checkpoint_300000,question_D_hier90_linear10_two_phase_200k_seed110_13913889,300000,0.6174458861351013,4,5,quest,matrix_aux_detector_raw,406,0.0,2.459616935718023e-06
question_D_hier90_linear10_two_phase_200k_seed110_13913889__checkpoint_300000,question_D_hier90_linear10_two_phase_200k_seed110_13913889,300000,0.6174458861351013,4,6,quest,matrix_aux_detector_raw,406,0.0,3.3673567796912446e-07
question_D_hier90_linear10_two_phase_200k_seed110_13913889__checkpoint_300000,question_D_hier90_linear10_two_phase_200k_seed110_13913889,300000,0.6174458861351013,4,7,quest,matrix_aux_detector_raw,406,0.0,1.2181916920578387e-12
question_D_hier90_linear10_two_phase_200k_seed110_13913889__checkpoint_300000,question_D_hier90_linear10_two_phase_200k_seed110_13913889,300000,0.6174458861351013,5,0,quest,matrix_aux_detector_raw,406,0.0,7.964883567958012e-08
question_D_hier90_linear10_two_phase_200k_seed110_13913889__checkpoint_300000,question_D_hier90_linear10_two_phase_200k_seed110_13913889,300000,0.6174458861351013,5,1,quest,matrix_aux_detector_raw,406,0.0,9.580132621674746e-05
question_D_hier90_linear10_two_phase_200k_seed110_13913889__checkpoint_300000,question_D_hier90_linear10_two_phase_200k_seed110_13913889,300000,0.6174458861351013,5,2,quest,matrix_aux_detector_raw,406,0.0,7.021148347752248e-05
question_D_hier90_linear10_two_phase_200k_seed110_13913889__checkpoint_300000,question_D_hier90_linear10_two_phase_200k_seed110_13913889,300000,0.6174458861351013,5,3,quest,matrix_aux_detector_raw,406,0.0,2.1264525359101667e-06
question_D_hier90_linear10_two_phase_200k_seed110_13913889__checkpoint_300000,question_D_hier90_linear10_two_phase_200k_seed110_13913889,300000,0.6174458861351013,5,4,quest,matrix_aux_detector_raw,406,0.0,4.348643807800765e-06
question_D_hier90_linear10_two_phase_200k_seed110_13913889__checkpoint_300000,question_D_hier90_linear10_two_phase_200k_seed110_13913889,300000,0.6174458861351013,5,5,quest,matrix_aux_detector_raw,406,0.0,0.00016864646184824479
question_D_hier90_linear10_two_phase_200k_seed110_13913889__checkpoint_300000,question_D_hier90_linear10_two_phase_200k_seed110_13913889,300000,0.6174458861351013,5,6,quest,matrix_aux_detector_raw,406,0.0,1.2889694664706994e-08
question_D_hier90_linear10_two_phase_200k_seed110_13913889__checkpoint_300000,question_D_hier90_linear10_two_phase_200k_seed110_13913889,300000,0.6174458861351013,5,7,quest,matrix_aux_detector_raw,406,0.0,5.714633929968593e-05
question_D_hier90_linear10_two_phase_200k_seed111_14928914__checkpoint_300000,question_D_hier90_linear10_two_phase_200k_seed111_14928914,300000,0.9730345010757446,0,0,quest,matrix_aux_detector_raw,406,0.0,0.0
question_D_hier90_linear10_two_phase_200k_seed111_14928914__checkpoint_300000,question_D_hier90_linear10_two_phase_200k_seed111_14928914,300000,0.9730345010757446,0,1,quest,matrix_aux_detector_raw,406,0.0,2.6499410570100143e-05
question_D_hier90_linear10_two_phase_200k_seed111_14928914__checkpoint_300000,question_D_hier90_linear10_two_phase_200k_seed111_14928914,300000,0.9730345010757446,0,2,quest,matrix_aux_detector_raw,406,0.0,2.827595510670046e-05
question_D_hier90_linear10_two_phase_200k_seed111_14928914__checkpoint_300000,question_D_hier90_linear10_two_phase_200k_seed111_14928914,300000,0.9730345010757446,0,3,quest,matrix_aux_detector_raw,406,0.39901477832512317,0.38373336826773946
question_D_hier90_linear10_two_phase_200k_seed111_14928914__checkpoint_300000,question_D_hier90_linear10_two_phase_200k_seed111_14928914,300000,0.9730345010757446,0,4,quest,matrix_aux_detector_raw,406,0.0,5.066904184983942e-26
question_D_hier90_linear10_two_phase_200k_seed111_14928914__checkpoint_300000,question_D_hier90_linear10_two_phase_200k_seed111_14928914,300000,0.9730345010757446,0,5,quest,matrix_aux_detector_raw,406,0.0,5.96973350421428e-23
question_D_hier90_linear10_two_phase_200k_seed111_14928914__checkpoint_300000,question_D_hier90_linear10_two_phase_200k_seed111_14928914,300000,0.9730345010757446,0,6,quest,matrix_aux_detector_raw,406,0.0,2.2829542679472078e-29
question_D_hier90_linear10_two_phase_200k_seed111_14928914__checkpoint_300000,question_D_hier90_linear10_two_phase_200k_seed111_14928914,300000,0.9730345010757446,0,7,quest,matrix_aux_detector_raw,406,0.0,4.7960613442693886e-42
question_D_hier90_linear10_two_phase_200k_seed111_14928914__checkpoint_300000,question_D_hier90_linear10_two_phase_200k_seed111_14928914,300000,0.9730345010757446,1,0,quest,matrix_aux_detector_raw,406,0.0960591133004926,0.06940152202806141
question_D_hier90_linear10_two_phase_200k_seed111_14928914__checkpoint_300000,question_D_hier90_linear10_two_phase_200k_seed111_14928914,300000,0.9730345010757446,1,1,quest,matrix_aux_detector_raw,406,0.0,0.00011965900213185811
question_D_hier90_linear10_two_phase_200k_seed111_14928914__checkpoint_300000,question_D_hier90_linear10_two_phase_200k_seed111_14928914,300000,0.9730345010757446,1,2,quest,matrix_aux_detector_raw,406,0.09113300492610837,0.06104200908193351
question_D_hier90_linear10_two_phase_200k_seed111_14928914__checkpoint_300000,question_D_hier90_linear10_two_phase_200k_seed111_14928914,300000,0.9730345010757446,1,3,quest,matrix_aux_detector_raw,406,0.3374384236453202,0.27023424125865914
question_D_hier90_linear10_two_phase_200k_seed111_14928914__checkpoint_300000,question_D_hier90_linear10_two_phase_200k_seed111_14928914,300000,0.9730345010757446,1,4,quest,matrix_aux_detector_raw,406,0.029556650246305417,0.019938897197547822
question_D_hier90_linear10_two_phase_200k_seed111_14928914__checkpoint_300000,question_D_hier90_linear10_two_phase_200k_seed111_14928914,300000,0.9730345010757446,1,5,quest,matrix_aux_detector_raw,406,0.0,5.720487214675973e-10
question_D_hier90_linear10_two_phase_200k_seed111_14928914__checkpoint_300000,question_D_hier90_linear10_two_phase_200k_seed111_14928914,300000,0.9730345010757446,1,6,quest,matrix_aux_detector_raw,406,0.0,1.0851413318345317e-06
question_D_hier90_linear10_two_phase_200k_seed111_14928914__checkpoint_300000,question_D_hier90_linear10_two_phase_200k_seed111_14928914,300000,0.9730345010757446,1,7,quest,matrix_aux_detector_raw,406,0.0024630541871921183,0.00747384878637288
question_D_hier90_linear10_two_phase_200k_seed111_14928914__checkpoint_300000,question_D_hier90_linear10_two_phase_200k_seed111_14928914,300000,0.9730345010757446,2,0,quest,matrix_aux_detector_raw,406,0.0,3.330608603852301e-16
question_D_hier90_linear10_two_phase_200k_seed111_14928914__checkpoint_300000,question_D_hier90_linear10_two_phase_200k_seed111_14928914,300000,0.9730345010757446,2,1,quest,matrix_aux_detector_raw,406,0.0,0.00013273296101335764
question_D_hier90_linear10_two_phase_200k_seed111_14928914__checkpoint_300000,question_D_hier90_linear10_two_phase_200k_seed111_14928914,300000,0.9730345010757446,2,2,quest,matrix_aux_detector_raw,406,0.0,2.8510341031845685e-06
question_D_hier90_linear10_two_phase_200k_seed111_14928914__checkpoint_300000,question_D_hier90_linear10_two_phase_200k_seed111_14928914,300000,0.9730345010757446,2,3,quest,matrix_aux_detector_raw,406,0.1206896551724138,0.08289868631182261
question_D_hier90_linear10_two_phase_200k_seed111_14928914__checkpoint_300000,question_D_hier90_linear10_two_phase_200k_seed111_14928914,300000,0.9730345010757446,2,4,quest,matrix_aux_detector_raw,406,0.0,8.472359809150789e-14
question_D_hier90_linear10_two_phase_200k_seed111_14928914__checkpoint_300000,question_D_hier90_linear10_two_phase_200k_seed111_14928914,300000,0.9730345010757446,2,5,quest,matrix_aux_detector_raw,406,0.029556650246305417,0.017645021925823404
question_D_hier90_linear10_two_phase_200k_seed111_14928914__checkpoint_300000,question_D_hier90_linear10_two_phase_200k_seed111_14928914,300000,0.9730345010757446,2,6,quest,matrix_aux_detector_raw,406,0.0,3.3896512816153944e-05
question_D_hier90_linear10_two_phase_200k_seed111_14928914__checkpoint_300000,question_D_hier90_linear10_two_phase_200k_seed111_14928914,300000,0.9730345010757446,2,7,quest,matrix_aux_detector_raw,406,0.958128078817734,0.9316227258288582
question_D_hier90_linear10_two_phase_200k_seed111_14928914__checkpoint_300000,question_D_hier90_linear10_two_phase_200k_seed111_14928914,300000,0.9730345010757446,3,0,quest,matrix_aux_detector_raw,406,0.0,9.81233052299582e-14
question_D_hier90_linear10_two_phase_200k_seed111_14928914__checkpoint_300000,question_D_hier90_linear10_two_phase_200k_seed111_14928914,300000,0.9730345010757446,3,1,quest,matrix_aux_detector_raw,406,0.0,5.556238795343539e-09
question_D_hier90_linear10_two_phase_200k_seed111_14928914__checkpoint_300000,question_D_hier90_linear10_two_phase_200k_seed111_14928914,300000,0.9730345010757446,3,2,quest,matrix_aux_detector_raw,406,0.0,0.00015189905463132623
question_D_hier90_linear10_two_phase_200k_seed111_14928914__checkpoint_300000,question_D_hier90_linear10_two_phase_200k_seed111_14928914,300000,0.9730345010757446,3,3,quest,matrix_aux_detector_raw,406,0.0,2.7414453396984533e-05
question_D_hier90_linear10_two_phase_200k_seed111_14928914__checkpoint_300000,question_D_hier90_linear10_two_phase_200k_seed111_14928914,300000,0.9730345010757446,3,4,quest,matrix_aux_detector_raw,406,0.0,1.0651064872260067e-05
question_D_hier90_linear10_two_phase_200k_seed111_14928914__checkpoint_300000,question_D_hier90_linear10_two_phase_200k_seed111_14928914,300000,0.9730345010757446,3,5,quest,matrix_aux_detector_raw,406,0.5492610837438424,0.4389900609549063
question_D_hier90_linear10_two_phase_200k_seed111_14928914__checkpoint_300000,question_D_hier90_linear10_two_phase_200k_seed111_14928914,300000,0.9730345010757446,3,6,quest,matrix_aux_detector_raw,406,0.9950738916256158,0.9763730703554864
question_D_hier90_linear10_two_phase_200k_seed111_14928914__checkpoint_300000,question_D_hier90_linear10_two_phase_200k_seed111_14928914,300000,0.9730345010757446,3,7,quest,matrix_aux_detector_raw,406,0.5689655172413793,0.44894214284615824
question_D_hier90_linear10_two_phase_200k_seed111_14928914__checkpoint_300000,question_D_hier90_linear10_two_phase_200k_seed111_14928914,300000,0.9730345010757446,4,0,quest,matrix_aux_detector_raw,406,0.0,9.797418359089348e-10
question_D_hier90_linear10_two_phase_200k_seed111_14928914__checkpoint_300000,question_D_hier90_linear10_two_phase_200k_seed111_14928914,300000,0.9730345010757446,4,1,quest,matrix_aux_detector_raw,406,0.07142857142857142,0.040559971636202896
question_D_hier90_linear10_two_phase_200k_seed111_14928914__checkpoint_300000,question_D_hier90_linear10_two_phase_200k_seed111_14928914,300000,0.9730345010757446,4,2,quest,matrix_aux_detector_raw,406,1.0,0.9999999994127621
question_D_hier90_linear10_two_phase_200k_seed111_14928914__checkpoint_300000,question_D_hier90_linear10_two_phase_200k_seed111_14928914,300000,0.9730345010757446,4,3,quest,matrix_aux_detector_raw,406,1.0,0.9999999010504173
question_D_hier90_linear10_two_phase_200k_seed111_14928914__checkpoint_300000,question_D_hier90_linear10_two_phase_200k_seed111_14928914,300000,0.9730345010757446,4,4,quest,matrix_aux_detector_raw,406,1.0,0.9999999583061105
question_D_hier90_linear10_two_phase_200k_seed111_14928914__checkpoint_300000,question_D_hier90_linear10_two_phase_200k_seed111_14928914,300000,0.9730345010757446,4,5,quest,matrix_aux_detector_raw,406,0.9975369458128078,0.9943157243244166
question_D_hier90_linear10_two_phase_200k_seed111_14928914__checkpoint_300000,question_D_hier90_linear10_two_phase_200k_seed111_14928914,300000,0.9730345010757446,4,6,quest,matrix_aux_detector_raw,406,0.0,2.2005583270271293e-09
question_D_hier90_linear10_two_phase_200k_seed111_14928914__checkpoint_300000,question_D_hier90_linear10_two_phase_200k_seed111_14928914,300000,0.9730345010757446,4,7,quest,matrix_aux_detector_raw,406,0.0,1.814496558009012e-15
question_D_hier90_linear10_two_phase_200k_seed111_14928914__checkpoint_300000,question_D_hier90_linear10_two_phase_200k_seed111_14928914,300000,0.9730345010757446,5,0,quest,matrix_aux_detector_raw,406,0.0,7.16340371014887e-05
question_D_hier90_linear10_two_phase_200k_seed111_14928914__checkpoint_300000,question_D_hier90_linear10_two_phase_200k_seed111_14928914,300000,0.9730345010757446,5,1,quest,matrix_aux_detector_raw,406,0.0,1.0253391302606272e-06
question_D_hier90_linear10_two_phase_200k_seed111_14928914__checkpoint_300000,question_D_hier90_linear10_two_phase_200k_seed111_14928914,300000,0.9730345010757446,5,2,quest,matrix_aux_detector_raw,406,0.0,2.0476241326996813e-08
question_D_hier90_linear10_two_phase_200k_seed111_14928914__checkpoint_300000,question_D_hier90_linear10_two_phase_200k_seed111_14928914,300000,0.9730345010757446,5,3,quest,matrix_aux_detector_raw,406,0.009852216748768473,0.008439519151781249
question_D_hier90_linear10_two_phase_200k_seed111_14928914__checkpoint_300000,question_D_hier90_linear10_two_phase_200k_seed111_14928914,300000,0.9730345010757446,5,4,quest,matrix_aux_detector_raw,406,0.0,5.873883824467156e-05
question_D_hier90_linear10_two_phase_200k_seed111_14928914__checkpoint_300000,question_D_hier90_linear10_two_phase_200k_seed111_14928914,300000,0.9730345010757446,5,5,quest,matrix_aux_detector_raw,406,0.0,2.9456917279302676e-05
question_D_hier90_linear10_two_phase_200k_seed111_14928914__checkpoint_300000,question_D_hier90_linear10_two_phase_200k_seed111_14928914,300000,0.9730345010757446,5,6,quest,matrix_aux_detector_raw,406,0.0,0.00038186426456116685
question_D_hier90_linear10_two_phase_200k_seed111_14928914__checkpoint_300000,question_D_hier90_linear10_two_phase_200k_seed111_14928914,300000,0.9730345010757446,5,7,quest,matrix_aux_detector_raw,406,0.0,0.0006334857463572747
question_D_hier90_linear10_two_phase_200k_seed112_14929148__checkpoint_300000,question_D_hier90_linear10_two_phase_200k_seed112_14929148,300000,0.9669585824012756,0,0,quest,matrix_aux_detector_raw,406,0.0,3.061191745881146e-29
question_D_hier90_linear10_two_phase_200k_seed112_14929148__checkpoint_300000,question_D_hier90_linear10_two_phase_200k_seed112_14929148,300000,0.9669585824012756,0,1,quest,matrix_aux_detector_raw,406,0.0,0.0
question_D_hier90_linear10_two_phase_200k_seed112_14929148__checkpoint_300000,question_D_hier90_linear10_two_phase_200k_seed112_14929148,300000,0.9669585824012756,0,2,quest,matrix_aux_detector_raw,406,0.4187192118226601,0.4183712316720335
question_D_hier90_linear10_two_phase_200k_seed112_14929148__checkpoint_300000,question_D_hier90_linear10_two_phase_200k_seed112_14929148,300000,0.9669585824012756,0,3,quest,matrix_aux_detector_raw,406,0.0,6.165990288806756e-19
question_D_hier90_linear10_two_phase_200k_seed112_14929148__checkpoint_300000,question_D_hier90_linear10_two_phase_200k_seed112_14929148,300000,0.9669585824012756,0,4,quest,matrix_aux_detector_raw,406,0.0,4.245320388529355e-25
question_D_hier90_linear10_two_phase_200k_seed112_14929148__checkpoint_300000,question_D_hier90_linear10_two_phase_200k_seed112_14929148,300000,0.9669585824012756,0,5,quest,matrix_aux_detector_raw,406,0.0,8.431748035467263e-29
question_D_hier90_linear10_two_phase_200k_seed112_14929148__checkpoint_300000,question_D_hier90_linear10_two_phase_200k_seed112_14929148,300000,0.9669585824012756,0,6,quest,matrix_aux_detector_raw,406,0.0,5.452083671543486e-26
question_D_hier90_linear10_two_phase_200k_seed112_14929148__checkpoint_300000,question_D_hier90_linear10_two_phase_200k_seed112_14929148,300000,0.9669585824012756,0,7,quest,matrix_aux_detector_raw,406,0.0,7.800189497160132e-06
question_D_hier90_linear10_two_phase_200k_seed112_14929148__checkpoint_300000,question_D_hier90_linear10_two_phase_200k_seed112_14929148,300000,0.9669585824012756,1,0,quest,matrix_aux_detector_raw,406,0.5615763546798029,0.5107675885924038
question_D_hier90_linear10_two_phase_200k_seed112_14929148__checkpoint_300000,question_D_hier90_linear10_two_phase_200k_seed112_14929148,300000,0.9669585824012756,1,1,quest,matrix_aux_detector_raw,406,0.0,2.5909005971399585e-09
question_D_hier90_linear10_two_phase_200k_seed112_14929148__checkpoint_300000,question_D_hier90_linear10_two_phase_200k_seed112_14929148,300000,0.9669585824012756,1,2,quest,matrix_aux_detector_raw,406,0.23891625615763548,0.1538425781506437
question_D_hier90_linear10_two_phase_200k_seed112_14929148__checkpoint_300000,question_D_hier90_linear10_two_phase_200k_seed112_14929148,300000,0.9669585824012756,1,3,quest,matrix_aux_detector_raw,406,0.0,4.615393841185359e-08
question_D_hier90_linear10_two_phase_200k_seed112_14929148__checkpoint_300000,question_D_hier90_linear10_two_phase_200k_seed112_14929148,300000,0.9669585824012756,1,4,quest,matrix_aux_detector_raw,406,0.0,3.409586485857554e-11
question_D_hier90_linear10_two_phase_200k_seed112_14929148__checkpoint_300000,question_D_hier90_linear10_two_phase_200k_seed112_14929148,300000,0.9669585824012756,1,5,quest,matrix_aux_detector_raw,406,1.0,0.9828790789607711
question_D_hier90_linear10_two_phase_200k_seed112_14929148__checkpoint_300000,question_D_hier90_linear10_two_phase_200k_seed112_14929148,300000,0.9669585824012756,1,6,quest,matrix_aux_detector_raw,406,0.0,1.0553759470437178e-05
question_D_hier90_linear10_two_phase_200k_seed112_14929148__checkpoint_300000,question_D_hier90_linear10_two_phase_200k_seed112_14929148,300000,0.9669585824012756,1,7,quest,matrix_aux_detector_raw,406,0.0,0.0005043480847816725
question_D_hier90_linear10_two_phase_200k_seed112_14929148__checkpoint_300000,question_D_hier90_linear10_two_phase_200k_seed112_14929148,300000,0.9669585824012756,2,0,quest,matrix_aux_detector_raw,406,0.3374384236453202,0.3147515015782159
question_D_hier90_linear10_two_phase_200k_seed112_14929148__checkpoint_300000,question_D_hier90_linear10_two_phase_200k_seed112_14929148,300000,0.9669585824012756,2,1,quest,matrix_aux_detector_raw,406,0.23891625615763548,0.19088634960961448
question_D_hier90_linear10_two_phase_200k_seed112_14929148__checkpoint_300000,question_D_hier90_linear10_two_phase_200k_seed112_14929148,300000,0.9669585824012756,2,2,quest,matrix_aux_detector_raw,406,0.0,0.0017212417953891685
question_D_hier90_linear10_two_phase_200k_seed112_14929148__checkpoint_300000,question_D_hier90_linear10_two_phase_200k_seed112_14929148,300000,0.9669585824012756,2,3,quest,matrix_aux_detector_raw,406,0.0812807881773399,0.058525707064055826
question_D_hier90_linear10_two_phase_200k_seed112_14929148__checkpoint_300000,question_D_hier90_linear10_two_phase_200k_seed112_14929148,300000,0.9669585824012756,2,4,quest,matrix_aux_detector_raw,406,0.0,5.543890461363829e-09
question_D_hier90_linear10_two_phase_200k_seed112_14929148__checkpoint_300000,question_D_hier90_linear10_two_phase_200k_seed112_14929148,300000,0.9669585824012756,2,5,quest,matrix_aux_detector_raw,406,0.0,0.00012651422765667117
question_D_hier90_linear10_two_phase_200k_seed112_14929148__checkpoint_300000,question_D_hier90_linear10_two_phase_200k_seed112_14929148,300000,0.9669585824012756,2,6,quest,matrix_aux_detector_raw,406,0.0,1.4092558395620708e-14
question_D_hier90_linear10_two_phase_200k_seed112_14929148__checkpoint_300000,question_D_hier90_linear10_two_phase_200k_seed112_14929148,300000,0.9669585824012756,2,7,quest,matrix_aux_detector_raw,406,0.7019704433497537,0.5971672064237183
question_D_hier90_linear10_two_phase_200k_seed112_14929148__checkpoint_300000,question_D_hier90_linear10_two_phase_200k_seed112_14929148,300000,0.9669585824012756,3,0,quest,matrix_aux_detector_raw,406,0.0,0.001585328622102668
question_D_hier90_linear10_two_phase_200k_seed112_14929148__checkpoint_300000,question_D_hier90_linear10_two_phase_200k_seed112_14929148,300000,0.9669585824012756,3,1,quest,matrix_aux_detector_raw,406,0.0,0.0006718547825575234
question_D_hier90_linear10_two_phase_200k_seed112_14929148__checkpoint_300000,question_D_hier90_linear10_two_phase_200k_seed112_14929148,300000,0.9669585824012756,3,2,quest,matrix_aux_detector_raw,406,0.0,3.387464238423873e-06
question_D_hier90_linear10_two_phase_200k_seed112_14929148__checkpoint_300000,question_D_hier90_linear10_two_phase_200k_seed112_14929148,300000,0.9669585824012756,3,3,quest,matrix_aux_detector_raw,406,0.0,8.568769963522888e-10
question_D_hier90_linear10_two_phase_200k_seed112_14929148__checkpoint_300000,question_D_hier90_linear10_two_phase_200k_seed112_14929148,300000,0.9669585824012756,3,4,quest,matrix_aux_detector_raw,406,0.0,8.89063027080274e-06
question_D_hier90_linear10_two_phase_200k_seed112_14929148__checkpoint_300000,question_D_hier90_linear10_two_phase_200k_seed112_14929148,300000,0.9669585824012756,3,5,quest,matrix_aux_detector_raw,406,0.0,3.2214210217996123e-10
question_D_hier90_linear10_two_phase_200k_seed112_14929148__checkpoint_300000,question_D_hier90_linear10_two_phase_200k_seed112_14929148,300000,0.9669585824012756,3,6,quest,matrix_aux_detector_raw,406,0.0,4.177973586929657e-11
question_D_hier90_linear10_two_phase_200k_seed112_14929148__checkpoint_300000,question_D_hier90_linear10_two_phase_200k_seed112_14929148,300000,0.9669585824012756,3,7,quest,matrix_aux_detector_raw,406,0.0,2.3103253745486273e-08
question_D_hier90_linear10_two_phase_200k_seed112_14929148__checkpoint_300000,question_D_hier90_linear10_two_phase_200k_seed112_14929148,300000,0.9669585824012756,4,0,quest,matrix_aux_detector_raw,406,0.0,4.746122011168506e-05
question_D_hier90_linear10_two_phase_200k_seed112_14929148__checkpoint_300000,question_D_hier90_linear10_two_phase_200k_seed112_14929148,300000,0.9669585824012756,4,1,quest,matrix_aux_detector_raw,406,0.0,8.082505570135724e-10
question_D_hier90_linear10_two_phase_200k_seed112_14929148__checkpoint_300000,question_D_hier90_linear10_two_phase_200k_seed112_14929148,300000,0.9669585824012756,4,2,quest,matrix_aux_detector_raw,406,0.0,6.873314640348243e-07
question_D_hier90_linear10_two_phase_200k_seed112_14929148__checkpoint_300000,question_D_hier90_linear10_two_phase_200k_seed112_14929148,300000,0.9669585824012756,4,3,quest,matrix_aux_detector_raw,406,0.0049261083743842365,0.010873697979858482
question_D_hier90_linear10_two_phase_200k_seed112_14929148__checkpoint_300000,question_D_hier90_linear10_two_phase_200k_seed112_14929148,300000,0.9669585824012756,4,4,quest,matrix_aux_detector_raw,406,0.0,2.056328339117817e-07
question_D_hier90_linear10_two_phase_200k_seed112_14929148__checkpoint_300000,question_D_hier90_linear10_two_phase_200k_seed112_14929148,300000,0.9669585824012756,4,5,quest,matrix_aux_detector_raw,406,0.0,8.996710661860534e-05
question_D_hier90_linear10_two_phase_200k_seed112_14929148__checkpoint_300000,question_D_hier90_linear10_two_phase_200k_seed112_14929148,300000,0.9669585824012756,4,6,quest,matrix_aux_detector_raw,406,0.0,9.61691121546924e-07
question_D_hier90_linear10_two_phase_200k_seed112_14929148__checkpoint_300000,question_D_hier90_linear10_two_phase_200k_seed112_14929148,300000,0.9669585824012756,4,7,quest,matrix_aux_detector_raw,406,0.0,9.775819904332816e-10
question_D_hier90_linear10_two_phase_200k_seed112_14929148__checkpoint_300000,question_D_hier90_linear10_two_phase_200k_seed112_14929148,300000,0.9669585824012756,5,0,quest,matrix_aux_detector_raw,406,0.0,2.0957094413138413e-13
question_D_hier90_linear10_two_phase_200k_seed112_14929148__checkpoint_300000,question_D_hier90_linear10_two_phase_200k_seed112_14929148,300000,0.9669585824012756,5,1,quest,matrix_aux_detector_raw,406,0.0,3.1171566660133426e-11
question_D_hier90_linear10_two_phase_200k_seed112_14929148__checkpoint_300000,question_D_hier90_linear10_two_phase_200k_seed112_14929148,300000,0.9669585824012756,5,2,quest,matrix_aux_detector_raw,406,0.0,7.251685370154781e-08
question_D_hier90_linear10_two_phase_200k_seed112_14929148__checkpoint_300000,question_D_hier90_linear10_two_phase_200k_seed112_14929148,300000,0.9669585824012756,5,3,quest,matrix_aux_detector_raw,406,0.6551724137931034,0.6515765224747833
question_D_hier90_linear10_two_phase_200k_seed112_14929148__checkpoint_300000,question_D_hier90_linear10_two_phase_200k_seed112_14929148,300000,0.9669585824012756,5,4,quest,matrix_aux_detector_raw,406,0.6551724137931034,0.6370615910588594
question_D_hier90_linear10_two_phase_200k_seed112_14929148__checkpoint_300000,question_D_hier90_linear10_two_phase_200k_seed112_14929148,300000,0.9669585824012756,5,5,quest,matrix_aux_detector_raw,406,0.0,7.785105830490711e-12
question_D_hier90_linear10_two_phase_200k_seed112_14929148__checkpoint_300000,question_D_hier90_linear10_two_phase_200k_seed112_14929148,300000,0.9669585824012756,5,6,quest,matrix_aux_detector_raw,406,0.6527093596059114,0.5067084195167276
question_D_hier90_linear10_two_phase_200k_seed112_14929148__checkpoint_300000,question_D_hier90_linear10_two_phase_200k_seed112_14929148,300000,0.9669585824012756,5,7,quest,matrix_aux_detector_raw,406,0.0024630541871921183,0.0015681150287905714
question_D_hier90_linear10_two_phase_200k_seed113_13914003__checkpoint_300000,question_D_hier90_linear10_two_phase_200k_seed113_13914003,300000,0.7521345019340515,0,0,quest,matrix_aux_detector_raw,406,0.11822660098522167,0.10540607455291297
question_D_hier90_linear10_two_phase_200k_seed113_13914003__checkpoint_300000,question_D_hier90_linear10_two_phase_200k_seed113_13914003,300000,0.7521345019340515,0,1,quest,matrix_aux_detector_raw,406,0.0,6.659216556620201e-13
question_D_hier90_linear10_two_phase_200k_seed113_13914003__checkpoint_300000,question_D_hier90_linear10_two_phase_200k_seed113_13914003,300000,0.7521345019340515,0,2,quest,matrix_aux_detector_raw,406,0.0,3.6087277652783556e-33
question_D_hier90_linear10_two_phase_200k_seed113_13914003__checkpoint_300000,question_D_hier90_linear10_two_phase_200k_seed113_13914003,300000,0.7521345019340515,0,3,quest,matrix_aux_detector_raw,406,0.0,0.00036174369678348
question_D_hier90_linear10_two_phase_200k_seed113_13914003__checkpoint_300000,question_D_hier90_linear10_two_phase_200k_seed113_13914003,300000,0.7521345019340515,0,4,quest,matrix_aux_detector_raw,406,0.0,1.791763685093237e-25
question_D_hier90_linear10_two_phase_200k_seed113_13914003__checkpoint_300000,question_D_hier90_linear10_two_phase_200k_seed113_13914003,300000,0.7521345019340515,0,5,quest,matrix_aux_detector_raw,406,0.0,1.6303414303974326e-11
question_D_hier90_linear10_two_phase_200k_seed113_13914003__checkpoint_300000,question_D_hier90_linear10_two_phase_200k_seed113_13914003,300000,0.7521345019340515,0,6,quest,matrix_aux_detector_raw,406,0.08620689655172414,0.0804417896128122
question_D_hier90_linear10_two_phase_200k_seed113_13914003__checkpoint_300000,question_D_hier90_linear10_two_phase_200k_seed113_13914003,300000,0.7521345019340515,0,7,quest,matrix_aux_detector_raw,406,0.22167487684729065,0.20513085388140972
question_D_hier90_linear10_two_phase_200k_seed113_13914003__checkpoint_300000,question_D_hier90_linear10_two_phase_200k_seed113_13914003,300000,0.7521345019340515,1,0,quest,matrix_aux_detector_raw,406,0.1896551724137931,0.13746013301044066
question_D_hier90_linear10_two_phase_200k_seed113_13914003__checkpoint_300000,question_D_hier90_linear10_two_phase_200k_seed113_13914003,300000,0.7521345019340515,1,1,quest,matrix_aux_detector_raw,406,0.007389162561576354,0.006133416166221959
question_D_hier90_linear10_two_phase_200k_seed113_13914003__checkpoint_300000,question_D_hier90_linear10_two_phase_200k_seed113_13914003,300000,0.7521345019340515,1,2,quest,matrix_aux_detector_raw,406,0.5197044334975369,0.4889309190944471
question_D_hier90_linear10_two_phase_200k_seed113_13914003__checkpoint_300000,question_D_hier90_linear10_two_phase_200k_seed113_13914003,300000,0.7521345019340515,1,3,quest,matrix_aux_detector_raw,406,0.0,1.691556962161198e-07
question_D_hier90_linear10_two_phase_200k_seed113_13914003__checkpoint_300000,question_D_hier90_linear10_two_phase_200k_seed113_13914003,300000,0.7521345019340515,1,4,quest,matrix_aux_detector_raw,406,0.5098522167487685,0.47670437637060864
question_D_hier90_linear10_two_phase_200k_seed113_13914003__checkpoint_300000,question_D_hier90_linear10_two_phase_200k_seed113_13914003,300000,0.7521345019340515,1,5,quest,matrix_aux_detector_raw,406,0.0024630541871921183,0.0012357997077112705
question_D_hier90_linear10_two_phase_200k_seed113_13914003__checkpoint_300000,question_D_hier90_linear10_two_phase_200k_seed113_13914003,300000,0.7521345019340515,1,6,quest,matrix_aux_detector_raw,406,0.2684729064039409,0.17624654706734813
question_D_hier90_linear10_two_phase_200k_seed113_13914003__checkpoint_300000,question_D_hier90_linear10_two_phase_200k_seed113_13914003,300000,0.7521345019340515,1,7,quest,matrix_aux_detector_raw,406,0.6330049261083743,0.5817460421220064
question_D_hier90_linear10_two_phase_200k_seed113_13914003__checkpoint_300000,question_D_hier90_linear10_two_phase_200k_seed113_13914003,300000,0.7521345019340515,2,0,quest,matrix_aux_detector_raw,406,0.0,1.4744934722157533e-11
question_D_hier90_linear10_two_phase_200k_seed113_13914003__checkpoint_300000,question_D_hier90_linear10_two_phase_200k_seed113_13914003,300000,0.7521345019340515,2,1,quest,matrix_aux_detector_raw,406,0.2044334975369458,0.13657506790473592
question_D_hier90_linear10_two_phase_200k_seed113_13914003__checkpoint_300000,question_D_hier90_linear10_two_phase_200k_seed113_13914003,300000,0.7521345019340515,2,2,quest,matrix_aux_detector_raw,406,0.017241379310344827,0.010318418506318431
question_D_hier90_linear10_two_phase_200k_seed113_13914003__checkpoint_300000,question_D_hier90_linear10_two_phase_200k_seed113_13914003,300000,0.7521345019340515,2,3,quest,matrix_aux_detector_raw,406,0.0,1.4026537997378394e-11
question_D_hier90_linear10_two_phase_200k_seed113_13914003__checkpoint_300000,question_D_hier90_linear10_two_phase_200k_seed113_13914003,300000,0.7521345019340515,2,4,quest,matrix_aux_detector_raw,406,0.0,7.427811418329783e-10
question_D_hier90_linear10_two_phase_200k_seed113_13914003__checkpoint_300000,question_D_hier90_linear10_two_phase_200k_seed113_13914003,300000,0.7521345019340515,2,5,quest,matrix_aux_detector_raw,406,0.0,2.035377346197161e-06
question_D_hier90_linear10_two_phase_200k_seed113_13914003__checkpoint_300000,question_D_hier90_linear10_two_phase_200k_seed113_13914003,300000,0.7521345019340515,2,6,quest,matrix_aux_detector_raw,406,0.0,1.5616228036720996e-10
question_D_hier90_linear10_two_phase_200k_seed113_13914003__checkpoint_300000,question_D_hier90_linear10_two_phase_200k_seed113_13914003,300000,0.7521345019340515,2,7,quest,matrix_aux_detector_raw,406,0.0,0.0004982523568668524
question_D_hier90_linear10_two_phase_200k_seed113_13914003__checkpoint_300000,question_D_hier90_linear10_two_phase_200k_seed113_13914003,300000,0.7521345019340515,3,0,quest,matrix_aux_detector_raw,406,0.0,3.896074694859271e-07
question_D_hier90_linear10_two_phase_200k_seed113_13914003__checkpoint_300000,question_D_hier90_linear10_two_phase_200k_seed113_13914003,300000,0.7521345019340515,3,1,quest,matrix_aux_detector_raw,406,0.9876847290640394,0.9780499213191639
question_D_hier90_linear10_two_phase_200k_seed113_13914003__checkpoint_300000,question_D_hier90_linear10_two_phase_200k_seed113_13914003,300000,0.7521345019340515,3,2,quest,matrix_aux_detector_raw,406,0.21674876847290642,0.13951201158449478
question_D_hier90_linear10_two_phase_200k_seed113_13914003__checkpoint_300000,question_D_hier90_linear10_two_phase_200k_seed113_13914003,300000,0.7521345019340515,3,3,quest,matrix_aux_detector_raw,406,0.6206896551724138,0.5802087408983775
question_D_hier90_linear10_two_phase_200k_seed113_13914003__checkpoint_300000,question_D_hier90_linear10_two_phase_200k_seed113_13914003,300000,0.7521345019340515,3,4,quest,matrix_aux_detector_raw,406,1.0,0.9963992543408436
question_D_hier90_linear10_two_phase_200k_seed113_13914003__checkpoint_300000,question_D_hier90_linear10_two_phase_200k_seed113_13914003,300000,0.7521345019340515,3,5,quest,matrix_aux_detector_raw,406,0.9975369458128078,0.9891060062688707
question_D_hier90_linear10_two_phase_200k_seed113_13914003__checkpoint_300000,question_D_hier90_linear10_two_phase_200k_seed113_13914003,300000,0.7521345019340515,3,6,quest,matrix_aux_detector_raw,406,0.0,6.010630174654431e-05
question_D_hier90_linear10_two_phase_200k_seed113_13914003__checkpoint_300000,question_D_hier90_linear10_two_phase_200k_seed113_13914003,300000,0.7521345019340515,3,7,quest,matrix_aux_detector_raw,406,0.0,5.895744323796697e-08
question_D_hier90_linear10_two_phase_200k_seed113_13914003__checkpoint_300000,question_D_hier90_linear10_two_phase_200k_seed113_13914003,300000,0.7521345019340515,4,0,quest,matrix_aux_detector_raw,406,0.0,7.244491903409678e-10
question_D_hier90_linear10_two_phase_200k_seed113_13914003__checkpoint_300000,question_D_hier90_linear10_two_phase_200k_seed113_13914003,300000,0.7521345019340515,4,1,quest,matrix_aux_detector_raw,406,0.0,4.973566508083804e-12
question_D_hier90_linear10_two_phase_200k_seed113_13914003__checkpoint_300000,question_D_hier90_linear10_two_phase_200k_seed113_13914003,300000,0.7521345019340515,4,2,quest,matrix_aux_detector_raw,406,0.0,1.4829388844265376e-11
question_D_hier90_linear10_two_phase_200k_seed113_13914003__checkpoint_300000,question_D_hier90_linear10_two_phase_200k_seed113_13914003,300000,0.7521345019340515,4,3,quest,matrix_aux_detector_raw,406,0.0,4.364812849457414e-12
question_D_hier90_linear10_two_phase_200k_seed113_13914003__checkpoint_300000,question_D_hier90_linear10_two_phase_200k_seed113_13914003,300000,0.7521345019340515,4,4,quest,matrix_aux_detector_raw,406,1.0,0.9999999603614431
question_D_hier90_linear10_two_phase_200k_seed113_13914003__checkpoint_300000,question_D_hier90_linear10_two_phase_200k_seed113_13914003,300000,0.7521345019340515,4,5,quest,matrix_aux_detector_raw,406,1.0,0.9998917485692819
question_D_hier90_linear10_two_phase_200k_seed113_13914003__checkpoint_300000,question_D_hier90_linear10_two_phase_200k_seed113_13914003,300000,0.7521345019340515,4,6,quest,matrix_aux_detector_raw,406,1.0,0.9999913560052224
question_D_hier90_linear10_two_phase_200k_seed113_13914003__checkpoint_300000,question_D_hier90_linear10_two_phase_200k_seed113_13914003,300000,0.7521345019340515,4,7,quest,matrix_aux_detector_raw,406,0.0,1.8427681832220763e-07
question_D_hier90_linear10_two_phase_200k_seed113_13914003__checkpoint_300000,question_D_hier90_linear10_two_phase_200k_seed113_13914003,300000,0.7521345019340515,5,0,quest,matrix_aux_detector_raw,406,0.0,5.104155691963369e-07
question_D_hier90_linear10_two_phase_200k_seed113_13914003__checkpoint_300000,question_D_hier90_linear10_two_phase_200k_seed113_13914003,300000,0.7521345019340515,5,1,quest,matrix_aux_detector_raw,406,0.014778325123152709,0.014794996325155471
question_D_hier90_linear10_two_phase_200k_seed113_13914003__checkpoint_300000,question_D_hier90_linear10_two_phase_200k_seed113_13914003,300000,0.7521345019340515,5,2,quest,matrix_aux_detector_raw,406,0.0,0.0007088433056375799
question_D_hier90_linear10_two_phase_200k_seed113_13914003__checkpoint_300000,question_D_hier90_linear10_two_phase_200k_seed113_13914003,300000,0.7521345019340515,5,3,quest,matrix_aux_detector_raw,406,0.0,4.339536739444693e-07
question_D_hier90_linear10_two_phase_200k_seed113_13914003__checkpoint_300000,question_D_hier90_linear10_two_phase_200k_seed113_13914003,300000,0.7521345019340515,5,4,quest,matrix_aux_detector_raw,406,0.009852216748768473,0.009826544156324987
question_D_hier90_linear10_two_phase_200k_seed113_13914003__checkpoint_300000,question_D_hier90_linear10_two_phase_200k_seed113_13914003,300000,0.7521345019340515,5,5,quest,matrix_aux_detector_raw,406,0.0,5.45777014526374e-05
question_D_hier90_linear10_two_phase_200k_seed113_13914003__checkpoint_300000,question_D_hier90_linear10_two_phase_200k_seed113_13914003,300000,0.7521345019340515,5,6,quest,matrix_aux_detector_raw,406,0.0,1.3479653053687897e-07
question_D_hier90_linear10_two_phase_200k_seed113_13914003__checkpoint_300000,question_D_hier90_linear10_two_phase_200k_seed113_13914003,300000,0.7521345019340515,5,7,quest,matrix_aux_detector_raw,406,0.0,0.00046931783696145594
question_D_hier90_linear10_two_phase_200k_seed114_13914459__checkpoint_300000,question_D_hier90_linear10_two_phase_200k_seed114_13914459,300000,0.24710389971733093,0,0,quest,matrix_aux_detector_raw,406,0.4408866995073892,0.4303579638627212
question_D_hier90_linear10_two_phase_200k_seed114_13914459__checkpoint_300000,question_D_hier90_linear10_two_phase_200k_seed114_13914459,300000,0.24710389971733093,0,1,quest,matrix_aux_detector_raw,406,0.0,2.719819482213022e-08
question_D_hier90_linear10_two_phase_200k_seed114_13914459__checkpoint_300000,question_D_hier90_linear10_two_phase_200k_seed114_13914459,300000,0.24710389971733093,0,2,quest,matrix_aux_detector_raw,406,0.2315270935960591,0.20182134947231323
question_D_hier90_linear10_two_phase_200k_seed114_13914459__checkpoint_300000,question_D_hier90_linear10_two_phase_200k_seed114_13914459,300000,0.24710389971733093,0,3,quest,matrix_aux_detector_raw,406,0.0,6.787227883017284e-11
question_D_hier90_linear10_two_phase_200k_seed114_13914459__checkpoint_300000,question_D_hier90_linear10_two_phase_200k_seed114_13914459,300000,0.24710389971733093,0,4,quest,matrix_aux_detector_raw,406,0.0,5.30921027286749e-16
question_D_hier90_linear10_two_phase_200k_seed114_13914459__checkpoint_300000,question_D_hier90_linear10_two_phase_200k_seed114_13914459,300000,0.24710389971733093,0,5,quest,matrix_aux_detector_raw,406,0.0,1.5907274663275398e-07
question_D_hier90_linear10_two_phase_200k_seed114_13914459__checkpoint_300000,question_D_hier90_linear10_two_phase_200k_seed114_13914459,300000,0.24710389971733093,0,6,quest,matrix_aux_detector_raw,406,0.0,8.709181094750432e-05
question_D_hier90_linear10_two_phase_200k_seed114_13914459__checkpoint_300000,question_D_hier90_linear10_two_phase_200k_seed114_13914459,300000,0.24710389971733093,0,7,quest,matrix_aux_detector_raw,406,0.0,4.963376327166459e-09
question_D_hier90_linear10_two_phase_200k_seed114_13914459__checkpoint_300000,question_D_hier90_linear10_two_phase_200k_seed114_13914459,300000,0.24710389971733093,1,0,quest,matrix_aux_detector_raw,406,0.0,7.170664837613833e-18
question_D_hier90_linear10_two_phase_200k_seed114_13914459__checkpoint_300000,question_D_hier90_linear10_two_phase_200k_seed114_13914459,300000,0.24710389971733093,1,1,quest,matrix_aux_detector_raw,406,0.0,0.0002750725522287723
question_D_hier90_linear10_two_phase_200k_seed114_13914459__checkpoint_300000,question_D_hier90_linear10_two_phase_200k_seed114_13914459,300000,0.24710389971733093,1,2,quest,matrix_aux_detector_raw,406,0.0,1.2614579024789264e-07
question_D_hier90_linear10_two_phase_200k_seed114_13914459__checkpoint_300000,question_D_hier90_linear10_two_phase_200k_seed114_13914459,300000,0.24710389971733093,1,3,quest,matrix_aux_detector_raw,406,0.0,3.9809529992746595e-09
question_D_hier90_linear10_two_phase_200k_seed114_13914459__checkpoint_300000,question_D_hier90_linear10_two_phase_200k_seed114_13914459,300000,0.24710389971733093,1,4,quest,matrix_aux_detector_raw,406,0.0,2.0336494127385684e-07
question_D_hier90_linear10_two_phase_200k_seed114_13914459__checkpoint_300000,question_D_hier90_linear10_two_phase_200k_seed114_13914459,300000,0.24710389971733093,1,5,quest,matrix_aux_detector_raw,406,0.0,2.8459955521504455e-08
question_D_hier90_linear10_two_phase_200k_seed114_13914459__checkpoint_300000,question_D_hier90_linear10_two_phase_200k_seed114_13914459,300000,0.24710389971733093,1,6,quest,matrix_aux_detector_raw,406,0.0024630541871921183,0.003053229879567844
question_D_hier90_linear10_two_phase_200k_seed114_13914459__checkpoint_300000,question_D_hier90_linear10_two_phase_200k_seed114_13914459,300000,0.24710389971733093,1,7,quest,matrix_aux_detector_raw,406,0.7216748768472906,0.7019863277870599
question_D_hier90_linear10_two_phase_200k_seed114_13914459__checkpoint_300000,question_D_hier90_linear10_two_phase_200k_seed114_13914459,300000,0.24710389971733093,2,0,quest,matrix_aux_detector_raw,406,0.0,2.712776952683797e-06
question_D_hier90_linear10_two_phase_200k_seed114_13914459__checkpoint_300000,question_D_hier90_linear10_two_phase_200k_seed114_13914459,300000,0.24710389971733093,2,1,quest,matrix_aux_detector_raw,406,0.0,3.9492002230043773e-07
question_D_hier90_linear10_two_phase_200k_seed114_13914459__checkpoint_300000,question_D_hier90_linear10_two_phase_200k_seed114_13914459,300000,0.24710389971733093,2,2,quest,matrix_aux_detector_raw,406,0.0,1.2660599701910811e-09
question_D_hier90_linear10_two_phase_200k_seed114_13914459__checkpoint_300000,question_D_hier90_linear10_two_phase_200k_seed114_13914459,300000,0.24710389971733093,2,3,quest,matrix_aux_detector_raw,406,0.0,0.0010893134124455377
question_D_hier90_linear10_two_phase_200k_seed114_13914459__checkpoint_300000,question_D_hier90_linear10_two_phase_200k_seed114_13914459,300000,0.24710389971733093,2,4,quest,matrix_aux_detector_raw,406,0.0,8.154794185621845e-09
question_D_hier90_linear10_two_phase_200k_seed114_13914459__checkpoint_300000,question_D_hier90_linear10_two_phase_200k_seed114_13914459,300000,0.24710389971733093,2,5,quest,matrix_aux_detector_raw,406,0.0,2.579236224587147e-07
question_D_hier90_linear10_two_phase_200k_seed114_13914459__checkpoint_300000,question_D_hier90_linear10_two_phase_200k_seed114_13914459,300000,0.24710389971733093,2,6,quest,matrix_aux_detector_raw,406,0.0,1.6034843301057358e-05
question_D_hier90_linear10_two_phase_200k_seed114_13914459__checkpoint_300000,question_D_hier90_linear10_two_phase_200k_seed114_13914459,300000,0.24710389971733093,2,7,quest,matrix_aux_detector_raw,406,0.10591133004926108,0.089245194332026
question_D_hier90_linear10_two_phase_200k_seed114_13914459__checkpoint_300000,question_D_hier90_linear10_two_phase_200k_seed114_13914459,300000,0.24710389971733093,3,0,quest,matrix_aux_detector_raw,406,1.0,0.9999654469231667
question_D_hier90_linear10_two_phase_200k_seed114_13914459__checkpoint_300000,question_D_hier90_linear10_two_phase_200k_seed114_13914459,300000,0.24710389971733093,3,1,quest,matrix_aux_detector_raw,406,0.03940886699507389,0.028284409165882
question_D_hier90_linear10_two_phase_200k_seed114_13914459__checkpoint_300000,question_D_hier90_linear10_two_phase_200k_seed114_13914459,300000,0.24710389971733093,3,2,quest,matrix_aux_detector_raw,406,0.0,0.002444720480090989
question_D_hier90_linear10_two_phase_200k_seed114_13914459__checkpoint_300000,question_D_hier90_linear10_two_phase_200k_seed114_13914459,300000,0.24710389971733093,3,3,quest,matrix_aux_detector_raw,406,0.35714285714285715,0.35729863733326656
question_D_hier90_linear10_two_phase_200k_seed114_13914459__checkpoint_300000,question_D_hier90_linear10_two_phase_200k_seed114_13914459,300000,0.24710389971733093,3,4,quest,matrix_aux_detector_raw,406,0.0,1.3870007761426944e-13
question_D_hier90_linear10_two_phase_200k_seed114_13914459__checkpoint_300000,question_D_hier90_linear10_two_phase_200k_seed114_13914459,300000,0.24710389971733093,3,5,quest,matrix_aux_detector_raw,406,0.0,6.820212481194166e-07
question_D_hier90_linear10_two_phase_200k_seed114_13914459__checkpoint_300000,question_D_hier90_linear10_two_phase_200k_seed114_13914459,300000,0.24710389971733093,3,6,quest,matrix_aux_detector_raw,406,0.0,1.387476863862358e-09
question_D_hier90_linear10_two_phase_200k_seed114_13914459__checkpoint_300000,question_D_hier90_linear10_two_phase_200k_seed114_13914459,300000,0.24710389971733093,3,7,quest,matrix_aux_detector_raw,406,1.0,0.9981861672377939
question_D_hier90_linear10_two_phase_200k_seed114_13914459__checkpoint_300000,question_D_hier90_linear10_two_phase_200k_seed114_13914459,300000,0.24710389971733093,4,0,quest,matrix_aux_detector_raw,406,0.0,2.3559263536023613e-05
question_D_hier90_linear10_two_phase_200k_seed114_13914459__checkpoint_300000,question_D_hier90_linear10_two_phase_200k_seed114_13914459,300000,0.24710389971733093,4,1,quest,matrix_aux_detector_raw,406,0.0,3.979998556593556e-05
question_D_hier90_linear10_two_phase_200k_seed114_13914459__checkpoint_300000,question_D_hier90_linear10_two_phase_200k_seed114_13914459,300000,0.24710389971733093,4,2,quest,matrix_aux_detector_raw,406,0.0,9.111536069105217e-16
question_D_hier90_linear10_two_phase_200k_seed114_13914459__checkpoint_300000,question_D_hier90_linear10_two_phase_200k_seed114_13914459,300000,0.24710389971733093,4,3,quest,matrix_aux_detector_raw,406,1.0,0.9999648652640469
question_D_hier90_linear10_two_phase_200k_seed114_13914459__checkpoint_300000,question_D_hier90_linear10_two_phase_200k_seed114_13914459,300000,0.24710389971733093,4,4,quest,matrix_aux_detector_raw,406,0.007389162561576354,0.006944663038033931
question_D_hier90_linear10_two_phase_200k_seed114_13914459__checkpoint_300000,question_D_hier90_linear10_two_phase_200k_seed114_13914459,300000,0.24710389971733093,4,5,quest,matrix_aux_detector_raw,406,0.9950738916256158,0.9871199177807481
question_D_hier90_linear10_two_phase_200k_seed114_13914459__checkpoint_300000,question_D_hier90_linear10_two_phase_200k_seed114_13914459,300000,0.24710389971733093,4,6,quest,matrix_aux_detector_raw,406,0.0,9.550272879560437e-08
question_D_hier90_linear10_two_phase_200k_seed114_13914459__checkpoint_300000,question_D_hier90_linear10_two_phase_200k_seed114_13914459,300000,0.24710389971733093,4,7,quest,matrix_aux_detector_raw,406,0.0,3.0300404122577486e-11
question_D_hier90_linear10_two_phase_200k_seed114_13914459__checkpoint_300000,question_D_hier90_linear10_two_phase_200k_seed114_13914459,300000,0.24710389971733093,5,0,quest,matrix_aux_detector_raw,406,0.0,3.028405918360877e-07
question_D_hier90_linear10_two_phase_200k_seed114_13914459__checkpoint_300000,question_D_hier90_linear10_two_phase_200k_seed114_13914459,300000,0.24710389971733093,5,1,quest,matrix_aux_detector_raw,406,0.0,1.1085007391022844e-06
question_D_hier90_linear10_two_phase_200k_seed114_13914459__checkpoint_300000,question_D_hier90_linear10_two_phase_200k_seed114_13914459,300000,0.24710389971733093,5,2,quest,matrix_aux_detector_raw,406,0.0,0.0017695699894939507
question_D_hier90_linear10_two_phase_200k_seed114_13914459__checkpoint_300000,question_D_hier90_linear10_two_phase_200k_seed114_13914459,300000,0.24710389971733093,5,3,quest,matrix_aux_detector_raw,406,0.0,7.964503200154732e-08
question_D_hier90_linear10_two_phase_200k_seed114_13914459__checkpoint_300000,question_D_hier90_linear10_two_phase_200k_seed114_13914459,300000,0.24710389971733093,5,4,quest,matrix_aux_detector_raw,406,0.0,2.0552562697956992e-07
question_D_hier90_linear10_two_phase_200k_seed114_13914459__checkpoint_300000,question_D_hier90_linear10_two_phase_200k_seed114_13914459,300000,0.24710389971733093,5,5,quest,matrix_aux_detector_raw,406,0.0,1.3974240561918947e-06
question_D_hier90_linear10_two_phase_200k_seed114_13914459__checkpoint_300000,question_D_hier90_linear10_two_phase_200k_seed114_13914459,300000,0.24710389971733093,5,6,quest,matrix_aux_detector_raw,406,0.0,2.7671300359401946e-08
question_D_hier90_linear10_two_phase_200k_seed114_13914459__checkpoint_300000,question_D_hier90_linear10_two_phase_200k_seed114_13914459,300000,0.24710389971733093,5,7,quest,matrix_aux_detector_raw,406,0.0,3.674464095257753e-07
question_D_hier90_linear10_two_phase_200k_seed115_13918064__checkpoint_300000,question_D_hier90_linear10_two_phase_200k_seed115_13918064,300000,0.023365922272205353,0,0,quest,matrix_aux_detector_raw,406,0.0,1.3702350220331692e-11
question_D_hier90_linear10_two_phase_200k_seed115_13918064__checkpoint_300000,question_D_hier90_linear10_two_phase_200k_seed115_13918064,300000,0.023365922272205353,0,1,quest,matrix_aux_detector_raw,406,0.0,2.3277498272723382e-32
question_D_hier90_linear10_two_phase_200k_seed115_13918064__checkpoint_300000,question_D_hier90_linear10_two_phase_200k_seed115_13918064,300000,0.023365922272205353,0,2,quest,matrix_aux_detector_raw,406,0.0,2.279072454906033e-09
question_D_hier90_linear10_two_phase_200k_seed115_13918064__checkpoint_300000,question_D_hier90_linear10_two_phase_200k_seed115_13918064,300000,0.023365922272205353,0,3,quest,matrix_aux_detector_raw,406,0.0,1.9203792837565784e-21
question_D_hier90_linear10_two_phase_200k_seed115_13918064__checkpoint_300000,question_D_hier90_linear10_two_phase_200k_seed115_13918064,300000,0.023365922272205353,0,4,quest,matrix_aux_detector_raw,406,0.0,1.4536879473354244e-06
question_D_hier90_linear10_two_phase_200k_seed115_13918064__checkpoint_300000,question_D_hier90_linear10_two_phase_200k_seed115_13918064,300000,0.023365922272205353,0,5,quest,matrix_aux_detector_raw,406,0.854679802955665,0.8530220064052126
question_D_hier90_linear10_two_phase_200k_seed115_13918064__checkpoint_300000,question_D_hier90_linear10_two_phase_200k_seed115_13918064,300000,0.023365922272205353,0,6,quest,matrix_aux_detector_raw,406,0.0,5.763854845708677e-13
question_D_hier90_linear10_two_phase_200k_seed115_13918064__checkpoint_300000,question_D_hier90_linear10_two_phase_200k_seed115_13918064,300000,0.023365922272205353,0,7,quest,matrix_aux_detector_raw,406,0.0,9.388009416166262e-45
question_D_hier90_linear10_two_phase_200k_seed115_13918064__checkpoint_300000,question_D_hier90_linear10_two_phase_200k_seed115_13918064,300000,0.023365922272205353,1,0,quest,matrix_aux_detector_raw,406,0.0,7.000312215486857e-10
question_D_hier90_linear10_two_phase_200k_seed115_13918064__checkpoint_300000,question_D_hier90_linear10_two_phase_200k_seed115_13918064,300000,0.023365922272205353,1,1,quest,matrix_aux_detector_raw,406,0.0,6.949805999132867e-06
question_D_hier90_linear10_two_phase_200k_seed115_13918064__checkpoint_300000,question_D_hier90_linear10_two_phase_200k_seed115_13918064,300000,0.023365922272205353,1,2,quest,matrix_aux_detector_raw,406,0.0,6.470969776450944e-09
question_D_hier90_linear10_two_phase_200k_seed115_13918064__checkpoint_300000,question_D_hier90_linear10_two_phase_200k_seed115_13918064,300000,0.023365922272205353,1,3,quest,matrix_aux_detector_raw,406,0.3817733990147783,0.2977135369359901
question_D_hier90_linear10_two_phase_200k_seed115_13918064__checkpoint_300000,question_D_hier90_linear10_two_phase_200k_seed115_13918064,300000,0.023365922272205353,1,4,quest,matrix_aux_detector_raw,406,0.0,5.7942098400779946e-09
question_D_hier90_linear10_two_phase_200k_seed115_13918064__checkpoint_300000,question_D_hier90_linear10_two_phase_200k_seed115_13918064,300000,0.023365922272205353,1,5,quest,matrix_aux_detector_raw,406,0.0,1.149341748395593e-13
question_D_hier90_linear10_two_phase_200k_seed115_13918064__checkpoint_300000,question_D_hier90_linear10_two_phase_200k_seed115_13918064,300000,0.023365922272205353,1,6,quest,matrix_aux_detector_raw,406,0.6822660098522167,0.6096900596346506
question_D_hier90_linear10_two_phase_200k_seed115_13918064__checkpoint_300000,question_D_hier90_linear10_two_phase_200k_seed115_13918064,300000,0.023365922272205353,1,7,quest,matrix_aux_detector_raw,406,0.03940886699507389,0.02208914766551265
question_D_hier90_linear10_two_phase_200k_seed115_13918064__checkpoint_300000,question_D_hier90_linear10_two_phase_200k_seed115_13918064,300000,0.023365922272205353,2,0,quest,matrix_aux_detector_raw,406,0.27832512315270935,0.24814653628063635
question_D_hier90_linear10_two_phase_200k_seed115_13918064__checkpoint_300000,question_D_hier90_linear10_two_phase_200k_seed115_13918064,300000,0.023365922272205353,2,1,quest,matrix_aux_detector_raw,406,0.0,5.144374815591567e-06
question_D_hier90_linear10_two_phase_200k_seed115_13918064__checkpoint_300000,question_D_hier90_linear10_two_phase_200k_seed115_13918064,300000,0.023365922272205353,2,2,quest,matrix_aux_detector_raw,406,0.8054187192118226,0.6967007971473103
question_D_hier90_linear10_two_phase_200k_seed115_13918064__checkpoint_300000,question_D_hier90_linear10_two_phase_200k_seed115_13918064,300000,0.023365922272205353,2,3,quest,matrix_aux_detector_raw,406,0.0024630541871921183,0.002453739705530588
question_D_hier90_linear10_two_phase_200k_seed115_13918064__checkpoint_300000,question_D_hier90_linear10_two_phase_200k_seed115_13918064,300000,0.023365922272205353,2,4,quest,matrix_aux_detector_raw,406,0.5320197044334976,0.5233440998830915
question_D_hier90_linear10_two_phase_200k_seed115_13918064__checkpoint_300000,question_D_hier90_linear10_two_phase_200k_seed115_13918064,300000,0.023365922272205353,2,5,quest,matrix_aux_detector_raw,406,0.0,2.159313175224075e-08
question_D_hier90_linear10_two_phase_200k_seed115_13918064__checkpoint_300000,question_D_hier90_linear10_two_phase_200k_seed115_13918064,300000,0.023365922272205353,2,6,quest,matrix_aux_detector_raw,406,0.5689655172413793,0.42354648779177195
question_D_hier90_linear10_two_phase_200k_seed115_13918064__checkpoint_300000,question_D_hier90_linear10_two_phase_200k_seed115_13918064,300000,0.023365922272205353,2,7,quest,matrix_aux_detector_raw,406,0.027093596059113302,0.02266883429002719
question_D_hier90_linear10_two_phase_200k_seed115_13918064__checkpoint_300000,question_D_hier90_linear10_two_phase_200k_seed115_13918064,300000,0.023365922272205353,3,0,quest,matrix_aux_detector_raw,406,1.0,0.9968414092298798
question_D_hier90_linear10_two_phase_200k_seed115_13918064__checkpoint_300000,question_D_hier90_linear10_two_phase_200k_seed115_13918064,300000,0.023365922272205353,3,1,quest,matrix_aux_detector_raw,406,0.0,6.61396425622167e-05
question_D_hier90_linear10_two_phase_200k_seed115_13918064__checkpoint_300000,question_D_hier90_linear10_two_phase_200k_seed115_13918064,300000,0.023365922272205353,3,2,quest,matrix_aux_detector_raw,406,0.0,1.1194842777201819e-09
question_D_hier90_linear10_two_phase_200k_seed115_13918064__checkpoint_300000,question_D_hier90_linear10_two_phase_200k_seed115_13918064,300000,0.023365922272205353,3,3,quest,matrix_aux_detector_raw,406,1.0,0.9889814369931009
question_D_hier90_linear10_two_phase_200k_seed115_13918064__checkpoint_300000,question_D_hier90_linear10_two_phase_200k_seed115_13918064,300000,0.023365922272205353,3,4,quest,matrix_aux_detector_raw,406,0.0,6.959884940570745e-07
question_D_hier90_linear10_two_phase_200k_seed115_13918064__checkpoint_300000,question_D_hier90_linear10_two_phase_200k_seed115_13918064,300000,0.023365922272205353,3,5,quest,matrix_aux_detector_raw,406,0.0,4.3800645886411014e-11
question_D_hier90_linear10_two_phase_200k_seed115_13918064__checkpoint_300000,question_D_hier90_linear10_two_phase_200k_seed115_13918064,300000,0.023365922272205353,3,6,quest,matrix_aux_detector_raw,406,0.0,2.76701825945284e-09
question_D_hier90_linear10_two_phase_200k_seed115_13918064__checkpoint_300000,question_D_hier90_linear10_two_phase_200k_seed115_13918064,300000,0.023365922272205353,3,7,quest,matrix_aux_detector_raw,406,0.0,2.1959183644211736e-05
question_D_hier90_linear10_two_phase_200k_seed115_13918064__checkpoint_300000,question_D_hier90_linear10_two_phase_200k_seed115_13918064,300000,0.023365922272205353,4,0,quest,matrix_aux_detector_raw,406,0.0,0.00022047171599632668
question_D_hier90_linear10_two_phase_200k_seed115_13918064__checkpoint_300000,question_D_hier90_linear10_two_phase_200k_seed115_13918064,300000,0.023365922272205353,4,1,quest,matrix_aux_detector_raw,406,1.0,0.9887499215053808
question_D_hier90_linear10_two_phase_200k_seed115_13918064__checkpoint_300000,question_D_hier90_linear10_two_phase_200k_seed115_13918064,300000,0.023365922272205353,4,2,quest,matrix_aux_detector_raw,406,1.0,0.9999803977059614
question_D_hier90_linear10_two_phase_200k_seed115_13918064__checkpoint_300000,question_D_hier90_linear10_two_phase_200k_seed115_13918064,300000,0.023365922272205353,4,3,quest,matrix_aux_detector_raw,406,1.0,0.9999999559571591
question_D_hier90_linear10_two_phase_200k_seed115_13918064__checkpoint_300000,question_D_hier90_linear10_two_phase_200k_seed115_13918064,300000,0.023365922272205353,4,4,quest,matrix_aux_detector_raw,406,0.0,7.322257546680937e-07
question_D_hier90_linear10_two_phase_200k_seed115_13918064__checkpoint_300000,question_D_hier90_linear10_two_phase_200k_seed115_13918064,300000,0.023365922272205353,4,5,quest,matrix_aux_detector_raw,406,0.0,6.316076172531449e-10
question_D_hier90_linear10_two_phase_200k_seed115_13918064__checkpoint_300000,question_D_hier90_linear10_two_phase_200k_seed115_13918064,300000,0.023365922272205353,4,6,quest,matrix_aux_detector_raw,406,1.0,0.9999999988255243
question_D_hier90_linear10_two_phase_200k_seed115_13918064__checkpoint_300000,question_D_hier90_linear10_two_phase_200k_seed115_13918064,300000,0.023365922272205353,4,7,quest,matrix_aux_detector_raw,406,0.034482758620689655,0.017353996166263055
question_D_hier90_linear10_two_phase_200k_seed115_13918064__checkpoint_300000,question_D_hier90_linear10_two_phase_200k_seed115_13918064,300000,0.023365922272205353,5,0,quest,matrix_aux_detector_raw,406,0.0,6.180868912507419e-05
question_D_hier90_linear10_two_phase_200k_seed115_13918064__checkpoint_300000,question_D_hier90_linear10_two_phase_200k_seed115_13918064,300000,0.023365922272205353,5,1,quest,matrix_aux_detector_raw,406,0.0,1.9208042806744917e-06
question_D_hier90_linear10_two_phase_200k_seed115_13918064__checkpoint_300000,question_D_hier90_linear10_two_phase_200k_seed115_13918064,300000,0.023365922272205353,5,2,quest,matrix_aux_detector_raw,406,0.0,0.0005831906768488354
question_D_hier90_linear10_two_phase_200k_seed115_13918064__checkpoint_300000,question_D_hier90_linear10_two_phase_200k_seed115_13918064,300000,0.023365922272205353,5,3,quest,matrix_aux_detector_raw,406,0.0,1.9087664230406657e-06
question_D_hier90_linear10_two_phase_200k_seed115_13918064__checkpoint_300000,question_D_hier90_linear10_two_phase_200k_seed115_13918064,300000,0.023365922272205353,5,4,quest,matrix_aux_detector_raw,406,0.0,6.904698777866636e-06
question_D_hier90_linear10_two_phase_200k_seed115_13918064__checkpoint_300000,question_D_hier90_linear10_two_phase_200k_seed115_13918064,300000,0.023365922272205353,5,5,quest,matrix_aux_detector_raw,406,0.0,2.6150537261281257e-10
question_D_hier90_linear10_two_phase_200k_seed115_13918064__checkpoint_300000,question_D_hier90_linear10_two_phase_200k_seed115_13918064,300000,0.023365922272205353,5,6,quest,matrix_aux_detector_raw,406,0.11576354679802955,0.06940132095205491
question_D_hier90_linear10_two_phase_200k_seed115_13918064__checkpoint_300000,question_D_hier90_linear10_two_phase_200k_seed115_13918064,300000,0.023365922272205353,5,7,quest,matrix_aux_detector_raw,406,0.0049261083743842365,0.002530774046331311
question_D_hier90_linear10_two_phase_200k_seed116_13918811__checkpoint_300000,question_D_hier90_linear10_two_phase_200k_seed116_13918811,300000,0.9999755620956421,0,0,quest,matrix_aux_detector_raw,406,0.0,2.1118223970477237e-36
question_D_hier90_linear10_two_phase_200k_seed116_13918811__checkpoint_300000,question_D_hier90_linear10_two_phase_200k_seed116_13918811,300000,0.9999755620956421,0,1,quest,matrix_aux_detector_raw,406,0.0,4.1784168513698575e-08
question_D_hier90_linear10_two_phase_200k_seed116_13918811__checkpoint_300000,question_D_hier90_linear10_two_phase_200k_seed116_13918811,300000,0.9999755620956421,0,2,quest,matrix_aux_detector_raw,406,0.0,4.39288378178069e-38
question_D_hier90_linear10_two_phase_200k_seed116_13918811__checkpoint_300000,question_D_hier90_linear10_two_phase_200k_seed116_13918811,300000,0.9999755620956421,0,3,quest,matrix_aux_detector_raw,406,0.0,1.894859253483558e-45
question_D_hier90_linear10_two_phase_200k_seed116_13918811__checkpoint_300000,question_D_hier90_linear10_two_phase_200k_seed116_13918811,300000,0.9999755620956421,0,4,quest,matrix_aux_detector_raw,406,0.0,2.618245876697296e-26
question_D_hier90_linear10_two_phase_200k_seed116_13918811__checkpoint_300000,question_D_hier90_linear10_two_phase_200k_seed116_13918811,300000,0.9999755620956421,0,5,quest,matrix_aux_detector_raw,406,0.07635467980295567,0.04285649480095179
question_D_hier90_linear10_two_phase_200k_seed116_13918811__checkpoint_300000,question_D_hier90_linear10_two_phase_200k_seed116_13918811,300000,0.9999755620956421,0,6,quest,matrix_aux_detector_raw,406,0.0,1.0912323918699377e-14
question_D_hier90_linear10_two_phase_200k_seed116_13918811__checkpoint_300000,question_D_hier90_linear10_two_phase_200k_seed116_13918811,300000,0.9999755620956421,0,7,quest,matrix_aux_detector_raw,406,0.6625615763546798,0.6346268041253845
question_D_hier90_linear10_two_phase_200k_seed116_13918811__checkpoint_300000,question_D_hier90_linear10_two_phase_200k_seed116_13918811,300000,0.9999755620956421,1,0,quest,matrix_aux_detector_raw,406,0.0,3.1172959087683945e-05
question_D_hier90_linear10_two_phase_200k_seed116_13918811__checkpoint_300000,question_D_hier90_linear10_two_phase_200k_seed116_13918811,300000,0.9999755620956421,1,1,quest,matrix_aux_detector_raw,406,0.0,7.551491265360388e-09
question_D_hier90_linear10_two_phase_200k_seed116_13918811__checkpoint_300000,question_D_hier90_linear10_two_phase_200k_seed116_13918811,300000,0.9999755620956421,1,2,quest,matrix_aux_detector_raw,406,0.9261083743842364,0.8650251210568556
question_D_hier90_linear10_two_phase_200k_seed116_13918811__checkpoint_300000,question_D_hier90_linear10_two_phase_200k_seed116_13918811,300000,0.9999755620956421,1,3,quest,matrix_aux_detector_raw,406,0.0,3.405881849427746e-06
question_D_hier90_linear10_two_phase_200k_seed116_13918811__checkpoint_300000,question_D_hier90_linear10_two_phase_200k_seed116_13918811,300000,0.9999755620956421,1,4,quest,matrix_aux_detector_raw,406,0.0,0.0005787975702188784
question_D_hier90_linear10_two_phase_200k_seed116_13918811__checkpoint_300000,question_D_hier90_linear10_two_phase_200k_seed116_13918811,300000,0.9999755620956421,1,5,quest,matrix_aux_detector_raw,406,0.0,0.001008011711099507
question_D_hier90_linear10_two_phase_200k_seed116_13918811__checkpoint_300000,question_D_hier90_linear10_two_phase_200k_seed116_13918811,300000,0.9999755620956421,1,6,quest,matrix_aux_detector_raw,406,0.0,4.648709980979548e-13
question_D_hier90_linear10_two_phase_200k_seed116_13918811__checkpoint_300000,question_D_hier90_linear10_two_phase_200k_seed116_13918811,300000,0.9999755620956421,1,7,quest,matrix_aux_detector_raw,406,0.0,5.5367580519082925e-05
question_D_hier90_linear10_two_phase_200k_seed116_13918811__checkpoint_300000,question_D_hier90_linear10_two_phase_200k_seed116_13918811,300000,0.9999755620956421,2,0,quest,matrix_aux_detector_raw,406,0.0024630541871921183,0.003813591045717171
question_D_hier90_linear10_two_phase_200k_seed116_13918811__checkpoint_300000,question_D_hier90_linear10_two_phase_200k_seed116_13918811,300000,0.9999755620956421,2,1,quest,matrix_aux_detector_raw,406,0.0,2.541519878597748e-07
question_D_hier90_linear10_two_phase_200k_seed116_13918811__checkpoint_300000,question_D_hier90_linear10_two_phase_200k_seed116_13918811,300000,0.9999755620956421,2,2,quest,matrix_aux_detector_raw,406,0.31527093596059114,0.2154983787981841
question_D_hier90_linear10_two_phase_200k_seed116_13918811__checkpoint_300000,question_D_hier90_linear10_two_phase_200k_seed116_13918811,300000,0.9999755620956421,2,3,quest,matrix_aux_detector_raw,406,0.0,0.00043986878592119384
question_D_hier90_linear10_two_phase_200k_seed116_13918811__checkpoint_300000,question_D_hier90_linear10_two_phase_200k_seed116_13918811,300000,0.9999755620956421,2,4,quest,matrix_aux_detector_raw,406,0.0,3.0546753166127067e-07
question_D_hier90_linear10_two_phase_200k_seed116_13918811__checkpoint_300000,question_D_hier90_linear10_two_phase_200k_seed116_13918811,300000,0.9999755620956421,2,5,quest,matrix_aux_detector_raw,406,0.10591133004926108,0.06654189808567532
question_D_hier90_linear10_two_phase_200k_seed116_13918811__checkpoint_300000,question_D_hier90_linear10_two_phase_200k_seed116_13918811,300000,0.9999755620956421,2,6,quest,matrix_aux_detector_raw,406,0.9753694581280788,0.9618916320130647
question_D_hier90_linear10_two_phase_200k_seed116_13918811__checkpoint_300000,question_D_hier90_linear10_two_phase_200k_seed116_13918811,300000,0.9999755620956421,2,7,quest,matrix_aux_detector_raw,406,0.0,0.00018490936650308903
question_D_hier90_linear10_two_phase_200k_seed116_13918811__checkpoint_300000,question_D_hier90_linear10_two_phase_200k_seed116_13918811,300000,0.9999755620956421,3,0,quest,matrix_aux_detector_raw,406,1.0,0.9999998666970014
question_D_hier90_linear10_two_phase_200k_seed116_13918811__checkpoint_300000,question_D_hier90_linear10_two_phase_200k_seed116_13918811,300000,0.9999755620956421,3,1,quest,matrix_aux_detector_raw,406,0.0,1.0626453613262098e-09
question_D_hier90_linear10_two_phase_200k_seed116_13918811__checkpoint_300000,question_D_hier90_linear10_two_phase_200k_seed116_13918811,300000,0.9999755620956421,3,2,quest,matrix_aux_detector_raw,406,0.0,6.08817495073965e-14
question_D_hier90_linear10_two_phase_200k_seed116_13918811__checkpoint_300000,question_D_hier90_linear10_two_phase_200k_seed116_13918811,300000,0.9999755620956421,3,3,quest,matrix_aux_detector_raw,406,0.0,9.606955025611093e-06
question_D_hier90_linear10_two_phase_200k_seed116_13918811__checkpoint_300000,question_D_hier90_linear10_two_phase_200k_seed116_13918811,300000,0.9999755620956421,3,4,quest,matrix_aux_detector_raw,406,0.0,1.2689392232310233e-09
question_D_hier90_linear10_two_phase_200k_seed116_13918811__checkpoint_300000,question_D_hier90_linear10_two_phase_200k_seed116_13918811,300000,0.9999755620956421,3,5,quest,matrix_aux_detector_raw,406,0.0,2.0869606733498227e-07
question_D_hier90_linear10_two_phase_200k_seed116_13918811__checkpoint_300000,question_D_hier90_linear10_two_phase_200k_seed116_13918811,300000,0.9999755620956421,3,6,quest,matrix_aux_detector_raw,406,0.0,0.0008813013606406074
question_D_hier90_linear10_two_phase_200k_seed116_13918811__checkpoint_300000,question_D_hier90_linear10_two_phase_200k_seed116_13918811,300000,0.9999755620956421,3,7,quest,matrix_aux_detector_raw,406,1.0,0.99999804479148
question_D_hier90_linear10_two_phase_200k_seed116_13918811__checkpoint_300000,question_D_hier90_linear10_two_phase_200k_seed116_13918811,300000,0.9999755620956421,4,0,quest,matrix_aux_detector_raw,406,0.15763546798029557,0.1027564782957743
question_D_hier90_linear10_two_phase_200k_seed116_13918811__checkpoint_300000,question_D_hier90_linear10_two_phase_200k_seed116_13918811,300000,0.9999755620956421,4,1,quest,matrix_aux_detector_raw,406,0.0,2.814425297696206e-10
question_D_hier90_linear10_two_phase_200k_seed116_13918811__checkpoint_300000,question_D_hier90_linear10_two_phase_200k_seed116_13918811,300000,0.9999755620956421,4,2,quest,matrix_aux_detector_raw,406,1.0,0.9990591518397401
question_D_hier90_linear10_two_phase_200k_seed116_13918811__checkpoint_300000,question_D_hier90_linear10_two_phase_200k_seed116_13918811,300000,0.9999755620956421,4,3,quest,matrix_aux_detector_raw,406,0.0,2.495644576818714e-06
question_D_hier90_linear10_two_phase_200k_seed116_13918811__checkpoint_300000,question_D_hier90_linear10_two_phase_200k_seed116_13918811,300000,0.9999755620956421,4,4,quest,matrix_aux_detector_raw,406,1.0,0.9999999894297181
question_D_hier90_linear10_two_phase_200k_seed116_13918811__checkpoint_300000,question_D_hier90_linear10_two_phase_200k_seed116_13918811,300000,0.9999755620956421,4,5,quest,matrix_aux_detector_raw,406,0.9827586206896551,0.9578845295194867
question_D_hier90_linear10_two_phase_200k_seed116_13918811__checkpoint_300000,question_D_hier90_linear10_two_phase_200k_seed116_13918811,300000,0.9999755620956421,4,6,quest,matrix_aux_detector_raw,406,0.0,3.158930421046842e-10
question_D_hier90_linear10_two_phase_200k_seed116_13918811__checkpoint_300000,question_D_hier90_linear10_two_phase_200k_seed116_13918811,300000,0.9999755620956421,4,7,quest,matrix_aux_detector_raw,406,1.0,0.9970785907923881
question_D_hier90_linear10_two_phase_200k_seed116_13918811__checkpoint_300000,question_D_hier90_linear10_two_phase_200k_seed116_13918811,300000,0.9999755620956421,5,0,quest,matrix_aux_detector_raw,406,0.0,1.2491531250283544e-06
question_D_hier90_linear10_two_phase_200k_seed116_13918811__checkpoint_300000,question_D_hier90_linear10_two_phase_200k_seed116_13918811,300000,0.9999755620956421,5,1,quest,matrix_aux_detector_raw,406,0.0,0.0003993962401015466
question_D_hier90_linear10_two_phase_200k_seed116_13918811__checkpoint_300000,question_D_hier90_linear10_two_phase_200k_seed116_13918811,300000,0.9999755620956421,5,2,quest,matrix_aux_detector_raw,406,0.0,3.6711160802228995e-06
question_D_hier90_linear10_two_phase_200k_seed116_13918811__checkpoint_300000,question_D_hier90_linear10_two_phase_200k_seed116_13918811,300000,0.9999755620956421,5,3,quest,matrix_aux_detector_raw,406,0.0,5.1064853246438355e-06
question_D_hier90_linear10_two_phase_200k_seed116_13918811__checkpoint_300000,question_D_hier90_linear10_two_phase_200k_seed116_13918811,300000,0.9999755620956421,5,4,quest,matrix_aux_detector_raw,406,0.0,0.00014451775443044968
question_D_hier90_linear10_two_phase_200k_seed116_13918811__checkpoint_300000,question_D_hier90_linear10_two_phase_200k_seed116_13918811,300000,0.9999755620956421,5,5,quest,matrix_aux_detector_raw,406,0.0,1.4225905335394927e-05
question_D_hier90_linear10_two_phase_200k_seed116_13918811__checkpoint_300000,question_D_hier90_linear10_two_phase_200k_seed116_13918811,300000,0.9999755620956421,5,6,quest,matrix_aux_detector_raw,406,0.07142857142857142,0.043118266507879324
question_D_hier90_linear10_two_phase_200k_seed116_13918811__checkpoint_300000,question_D_hier90_linear10_two_phase_200k_seed116_13918811,300000,0.9999755620956421,5,7,quest,matrix_aux_detector_raw,406,0.0,0.000387248417573363
question_D_hier90_linear10_two_phase_200k_seed117_13919715__checkpoint_300000,question_D_hier90_linear10_two_phase_200k_seed117_13919715,300000,0.6488617658615112,0,0,quest,matrix_aux_detector_raw,406,0.0,3.868299407884696e-06
question_D_hier90_linear10_two_phase_200k_seed117_13919715__checkpoint_300000,question_D_hier90_linear10_two_phase_200k_seed117_13919715,300000,0.6488617658615112,0,1,quest,matrix_aux_detector_raw,406,0.0960591133004926,0.08379727976772379
question_D_hier90_linear10_two_phase_200k_seed117_13919715__checkpoint_300000,question_D_hier90_linear10_two_phase_200k_seed117_13919715,300000,0.6488617658615112,0,2,quest,matrix_aux_detector_raw,406,0.0,2.4204929313240233e-10
question_D_hier90_linear10_two_phase_200k_seed117_13919715__checkpoint_300000,question_D_hier90_linear10_two_phase_200k_seed117_13919715,300000,0.6488617658615112,0,3,quest,matrix_aux_detector_raw,406,0.0,3.4122012337293986e-09
question_D_hier90_linear10_two_phase_200k_seed117_13919715__checkpoint_300000,question_D_hier90_linear10_two_phase_200k_seed117_13919715,300000,0.6488617658615112,0,4,quest,matrix_aux_detector_raw,406,0.43349753694581283,0.4320901042335657
question_D_hier90_linear10_two_phase_200k_seed117_13919715__checkpoint_300000,question_D_hier90_linear10_two_phase_200k_seed117_13919715,300000,0.6488617658615112,0,5,quest,matrix_aux_detector_raw,406,0.0,7.296476703975565e-13
question_D_hier90_linear10_two_phase_200k_seed117_13919715__checkpoint_300000,question_D_hier90_linear10_two_phase_200k_seed117_13919715,300000,0.6488617658615112,0,6,quest,matrix_aux_detector_raw,406,0.0,5.39020172592691e-27
question_D_hier90_linear10_two_phase_200k_seed117_13919715__checkpoint_300000,question_D_hier90_linear10_two_phase_200k_seed117_13919715,300000,0.6488617658615112,0,7,quest,matrix_aux_detector_raw,406,0.0,1.1265340380607056e-26
question_D_hier90_linear10_two_phase_200k_seed117_13919715__checkpoint_300000,question_D_hier90_linear10_two_phase_200k_seed117_13919715,300000,0.6488617658615112,1,0,quest,matrix_aux_detector_raw,406,0.0,1.2566343216585279e-05
question_D_hier90_linear10_two_phase_200k_seed117_13919715__checkpoint_300000,question_D_hier90_linear10_two_phase_200k_seed117_13919715,300000,0.6488617658615112,1,1,quest,matrix_aux_detector_raw,406,0.43842364532019706,0.375887265562839
question_D_hier90_linear10_two_phase_200k_seed117_13919715__checkpoint_300000,question_D_hier90_linear10_two_phase_200k_seed117_13919715,300000,0.6488617658615112,1,2,quest,matrix_aux_detector_raw,406,0.0,0.0004806247290498157
question_D_hier90_linear10_two_phase_200k_seed117_13919715__checkpoint_300000,question_D_hier90_linear10_two_phase_200k_seed117_13919715,300000,0.6488617658615112,1,3,quest,matrix_aux_detector_raw,406,0.4975369458128079,0.446529467517269
question_D_hier90_linear10_two_phase_200k_seed117_13919715__checkpoint_300000,question_D_hier90_linear10_two_phase_200k_seed117_13919715,300000,0.6488617658615112,1,4,quest,matrix_aux_detector_raw,406,0.0,0.001438047466698783
question_D_hier90_linear10_two_phase_200k_seed117_13919715__checkpoint_300000,question_D_hier90_linear10_two_phase_200k_seed117_13919715,300000,0.6488617658615112,1,5,quest,matrix_aux_detector_raw,406,0.0,2.4138916784338414e-06
question_D_hier90_linear10_two_phase_200k_seed117_13919715__checkpoint_300000,question_D_hier90_linear10_two_phase_200k_seed117_13919715,300000,0.6488617658615112,1,6,quest,matrix_aux_detector_raw,406,0.0,1.0521845219784384e-10
question_D_hier90_linear10_two_phase_200k_seed117_13919715__checkpoint_300000,question_D_hier90_linear10_two_phase_200k_seed117_13919715,300000,0.6488617658615112,1,7,quest,matrix_aux_detector_raw,406,0.0,0.0015021579084932418
question_D_hier90_linear10_two_phase_200k_seed117_13919715__checkpoint_300000,question_D_hier90_linear10_two_phase_200k_seed117_13919715,300000,0.6488617658615112,2,0,quest,matrix_aux_detector_raw,406,0.0024630541871921183,0.002779038828241605
question_D_hier90_linear10_two_phase_200k_seed117_13919715__checkpoint_300000,question_D_hier90_linear10_two_phase_200k_seed117_13919715,300000,0.6488617658615112,2,1,quest,matrix_aux_detector_raw,406,0.0,1.2613507037610475e-05
question_D_hier90_linear10_two_phase_200k_seed117_13919715__checkpoint_300000,question_D_hier90_linear10_two_phase_200k_seed117_13919715,300000,0.6488617658615112,2,2,quest,matrix_aux_detector_raw,406,0.05665024630541872,0.030393897051238575
question_D_hier90_linear10_two_phase_200k_seed117_13919715__checkpoint_300000,question_D_hier90_linear10_two_phase_200k_seed117_13919715,300000,0.6488617658615112,2,3,quest,matrix_aux_detector_raw,406,0.6305418719211823,0.5896988312461484
question_D_hier90_linear10_two_phase_200k_seed117_13919715__checkpoint_300000,question_D_hier90_linear10_two_phase_200k_seed117_13919715,300000,0.6488617658615112,2,4,quest,matrix_aux_detector_raw,406,0.9679802955665024,0.9504855964699843
question_D_hier90_linear10_two_phase_200k_seed117_13919715__checkpoint_300000,question_D_hier90_linear10_two_phase_200k_seed117_13919715,300000,0.6488617658615112,2,5,quest,matrix_aux_detector_raw,406,0.0,2.7765885708719957e-13
question_D_hier90_linear10_two_phase_200k_seed117_13919715__checkpoint_300000,question_D_hier90_linear10_two_phase_200k_seed117_13919715,300000,0.6488617658615112,2,6,quest,matrix_aux_detector_raw,406,0.0,4.411889579309646e-08
question_D_hier90_linear10_two_phase_200k_seed117_13919715__checkpoint_300000,question_D_hier90_linear10_two_phase_200k_seed117_13919715,300000,0.6488617658615112,2,7,quest,matrix_aux_detector_raw,406,0.2512315270935961,0.21168256597532442
question_D_hier90_linear10_two_phase_200k_seed117_13919715__checkpoint_300000,question_D_hier90_linear10_two_phase_200k_seed117_13919715,300000,0.6488617658615112,3,0,quest,matrix_aux_detector_raw,406,0.9113300492610837,0.8815163388343039
question_D_hier90_linear10_two_phase_200k_seed117_13919715__checkpoint_300000,question_D_hier90_linear10_two_phase_200k_seed117_13919715,300000,0.6488617658615112,3,1,quest,matrix_aux_detector_raw,406,1.0,0.9999462719914949
question_D_hier90_linear10_two_phase_200k_seed117_13919715__checkpoint_300000,question_D_hier90_linear10_two_phase_200k_seed117_13919715,300000,0.6488617658615112,3,2,quest,matrix_aux_detector_raw,406,0.0,6.254788885008662e-07
question_D_hier90_linear10_two_phase_200k_seed117_13919715__checkpoint_300000,question_D_hier90_linear10_two_phase_200k_seed117_13919715,300000,0.6488617658615112,3,3,quest,matrix_aux_detector_raw,406,0.6354679802955665,0.5890798841799298
question_D_hier90_linear10_two_phase_200k_seed117_13919715__checkpoint_300000,question_D_hier90_linear10_two_phase_200k_seed117_13919715,300000,0.6488617658615112,3,4,quest,matrix_aux_detector_raw,406,0.0,8.582471730237983e-12
question_D_hier90_linear10_two_phase_200k_seed117_13919715__checkpoint_300000,question_D_hier90_linear10_two_phase_200k_seed117_13919715,300000,0.6488617658615112,3,5,quest,matrix_aux_detector_raw,406,1.0,0.9997479516297139
question_D_hier90_linear10_two_phase_200k_seed117_13919715__checkpoint_300000,question_D_hier90_linear10_two_phase_200k_seed117_13919715,300000,0.6488617658615112,3,6,quest,matrix_aux_detector_raw,406,0.0,0.00011648700944121911
question_D_hier90_linear10_two_phase_200k_seed117_13919715__checkpoint_300000,question_D_hier90_linear10_two_phase_200k_seed117_13919715,300000,0.6488617658615112,3,7,quest,matrix_aux_detector_raw,406,1.0,0.9999863122190747
question_D_hier90_linear10_two_phase_200k_seed117_13919715__checkpoint_300000,question_D_hier90_linear10_two_phase_200k_seed117_13919715,300000,0.6488617658615112,4,0,quest,matrix_aux_detector_raw,406,0.5566502463054187,0.50269830835333
question_D_hier90_linear10_two_phase_200k_seed117_13919715__checkpoint_300000,question_D_hier90_linear10_two_phase_200k_seed117_13919715,300000,0.6488617658615112,4,1,quest,matrix_aux_detector_raw,406,0.0,4.391705010452169e-06
question_D_hier90_linear10_two_phase_200k_seed117_13919715__checkpoint_300000,question_D_hier90_linear10_two_phase_200k_seed117_13919715,300000,0.6488617658615112,4,2,quest,matrix_aux_detector_raw,406,0.625615763546798,0.5299116224770906
question_D_hier90_linear10_two_phase_200k_seed117_13919715__checkpoint_300000,question_D_hier90_linear10_two_phase_200k_seed117_13919715,300000,0.6488617658615112,4,3,quest,matrix_aux_detector_raw,406,0.0024630541871921183,0.00398299689673833
question_D_hier90_linear10_two_phase_200k_seed117_13919715__checkpoint_300000,question_D_hier90_linear10_two_phase_200k_seed117_13919715,300000,0.6488617658615112,4,4,quest,matrix_aux_detector_raw,406,0.054187192118226604,0.033155288731183445
question_D_hier90_linear10_two_phase_200k_seed117_13919715__checkpoint_300000,question_D_hier90_linear10_two_phase_200k_seed117_13919715,300000,0.6488617658615112,4,5,quest,matrix_aux_detector_raw,406,0.0,4.172011721178224e-06
question_D_hier90_linear10_two_phase_200k_seed117_13919715__checkpoint_300000,question_D_hier90_linear10_two_phase_200k_seed117_13919715,300000,0.6488617658615112,4,6,quest,matrix_aux_detector_raw,406,0.0,2.6839547040515166e-13
question_D_hier90_linear10_two_phase_200k_seed117_13919715__checkpoint_300000,question_D_hier90_linear10_two_phase_200k_seed117_13919715,300000,0.6488617658615112,4,7,quest,matrix_aux_detector_raw,406,0.0,2.2075962871738393e-10
question_D_hier90_linear10_two_phase_200k_seed117_13919715__checkpoint_300000,question_D_hier90_linear10_two_phase_200k_seed117_13919715,300000,0.6488617658615112,5,0,quest,matrix_aux_detector_raw,406,0.0,4.952470027019081e-07
question_D_hier90_linear10_two_phase_200k_seed117_13919715__checkpoint_300000,question_D_hier90_linear10_two_phase_200k_seed117_13919715,300000,0.6488617658615112,5,1,quest,matrix_aux_detector_raw,406,0.0,4.07741011505964e-06
question_D_hier90_linear10_two_phase_200k_seed117_13919715__checkpoint_300000,question_D_hier90_linear10_two_phase_200k_seed117_13919715,300000,0.6488617658615112,5,2,quest,matrix_aux_detector_raw,406,0.0,1.4650400016249304e-06
question_D_hier90_linear10_two_phase_200k_seed117_13919715__checkpoint_300000,question_D_hier90_linear10_two_phase_200k_seed117_13919715,300000,0.6488617658615112,5,3,quest,matrix_aux_detector_raw,406,0.0,7.147354097596361e-07
question_D_hier90_linear10_two_phase_200k_seed117_13919715__checkpoint_300000,question_D_hier90_linear10_two_phase_200k_seed117_13919715,300000,0.6488617658615112,5,4,quest,matrix_aux_detector_raw,406,0.12315270935960591,0.07310717027538957
question_D_hier90_linear10_two_phase_200k_seed117_13919715__checkpoint_300000,question_D_hier90_linear10_two_phase_200k_seed117_13919715,300000,0.6488617658615112,5,5,quest,matrix_aux_detector_raw,406,0.0,0.0005150644820435114
question_D_hier90_linear10_two_phase_200k_seed117_13919715__checkpoint_300000,question_D_hier90_linear10_two_phase_200k_seed117_13919715,300000,0.6488617658615112,5,6,quest,matrix_aux_detector_raw,406,0.0,1.0068235927919693e-07
question_D_hier90_linear10_two_phase_200k_seed117_13919715__checkpoint_300000,question_D_hier90_linear10_two_phase_200k_seed117_13919715,300000,0.6488617658615112,5,7,quest,matrix_aux_detector_raw,406,0.0,3.3542716292780724e-07
question_D_hier90_linear10_two_phase_200k_seed118_13919952__checkpoint_300000,question_D_hier90_linear10_two_phase_200k_seed118_13919952,300000,0.02780061587691307,0,0,quest,matrix_aux_detector_raw,406,0.0,1.0997367432431377e-21
question_D_hier90_linear10_two_phase_200k_seed118_13919952__checkpoint_300000,question_D_hier90_linear10_two_phase_200k_seed118_13919952,300000,0.02780061587691307,0,1,quest,matrix_aux_detector_raw,406,0.0,2.5194675491598104e-11
question_D_hier90_linear10_two_phase_200k_seed118_13919952__checkpoint_300000,question_D_hier90_linear10_two_phase_200k_seed118_13919952,300000,0.02780061587691307,0,2,quest,matrix_aux_detector_raw,406,0.7955665024630542,0.7962674277056283
question_D_hier90_linear10_two_phase_200k_seed118_13919952__checkpoint_300000,question_D_hier90_linear10_two_phase_200k_seed118_13919952,300000,0.02780061587691307,0,3,quest,matrix_aux_detector_raw,406,0.4088669950738916,0.3927387471320448
question_D_hier90_linear10_two_phase_200k_seed118_13919952__checkpoint_300000,question_D_hier90_linear10_two_phase_200k_seed118_13919952,300000,0.02780061587691307,0,4,quest,matrix_aux_detector_raw,406,0.024630541871921183,0.01168258766195931
question_D_hier90_linear10_two_phase_200k_seed118_13919952__checkpoint_300000,question_D_hier90_linear10_two_phase_200k_seed118_13919952,300000,0.02780061587691307,0,5,quest,matrix_aux_detector_raw,406,0.0,2.2390946927426076e-16
question_D_hier90_linear10_two_phase_200k_seed118_13919952__checkpoint_300000,question_D_hier90_linear10_two_phase_200k_seed118_13919952,300000,0.02780061587691307,0,6,quest,matrix_aux_detector_raw,406,0.0,1.6734707694570603e-13
question_D_hier90_linear10_two_phase_200k_seed118_13919952__checkpoint_300000,question_D_hier90_linear10_two_phase_200k_seed118_13919952,300000,0.02780061587691307,0,7,quest,matrix_aux_detector_raw,406,0.0,3.0291425543726536e-14
question_D_hier90_linear10_two_phase_200k_seed118_13919952__checkpoint_300000,question_D_hier90_linear10_two_phase_200k_seed118_13919952,300000,0.02780061587691307,1,0,quest,matrix_aux_detector_raw,406,0.0,2.0775267698501076e-08
question_D_hier90_linear10_two_phase_200k_seed118_13919952__checkpoint_300000,question_D_hier90_linear10_two_phase_200k_seed118_13919952,300000,0.02780061587691307,1,1,quest,matrix_aux_detector_raw,406,0.0,9.049964830823472e-05
question_D_hier90_linear10_two_phase_200k_seed118_13919952__checkpoint_300000,question_D_hier90_linear10_two_phase_200k_seed118_13919952,300000,0.02780061587691307,1,2,quest,matrix_aux_detector_raw,406,0.0,2.9538263424341482e-15
question_D_hier90_linear10_two_phase_200k_seed118_13919952__checkpoint_300000,question_D_hier90_linear10_two_phase_200k_seed118_13919952,300000,0.02780061587691307,1,3,quest,matrix_aux_detector_raw,406,0.13793103448275862,0.09355413133973979
question_D_hier90_linear10_two_phase_200k_seed118_13919952__checkpoint_300000,question_D_hier90_linear10_two_phase_200k_seed118_13919952,300000,0.02780061587691307,1,4,quest,matrix_aux_detector_raw,406,0.0,4.4107135084581434e-16
question_D_hier90_linear10_two_phase_200k_seed118_13919952__checkpoint_300000,question_D_hier90_linear10_two_phase_200k_seed118_13919952,300000,0.02780061587691307,1,5,quest,matrix_aux_detector_raw,406,0.2561576354679803,0.18550317008344358
question_D_hier90_linear10_two_phase_200k_seed118_13919952__checkpoint_300000,question_D_hier90_linear10_two_phase_200k_seed118_13919952,300000,0.02780061587691307,1,6,quest,matrix_aux_detector_raw,406,0.0,7.886012450126954e-13
question_D_hier90_linear10_two_phase_200k_seed118_13919952__checkpoint_300000,question_D_hier90_linear10_two_phase_200k_seed118_13919952,300000,0.02780061587691307,1,7,quest,matrix_aux_detector_raw,406,0.0,4.128986791552157e-24
question_D_hier90_linear10_two_phase_200k_seed118_13919952__checkpoint_300000,question_D_hier90_linear10_two_phase_200k_seed118_13919952,300000,0.02780061587691307,2,0,quest,matrix_aux_detector_raw,406,0.0,3.7318192674395594e-08
question_D_hier90_linear10_two_phase_200k_seed118_13919952__checkpoint_300000,question_D_hier90_linear10_two_phase_200k_seed118_13919952,300000,0.02780061587691307,2,1,quest,matrix_aux_detector_raw,406,0.0,4.7445482430317e-05
question_D_hier90_linear10_two_phase_200k_seed118_13919952__checkpoint_300000,question_D_hier90_linear10_two_phase_200k_seed118_13919952,300000,0.02780061587691307,2,2,quest,matrix_aux_detector_raw,406,0.0,3.5683170848528864e-10
question_D_hier90_linear10_two_phase_200k_seed118_13919952__checkpoint_300000,question_D_hier90_linear10_two_phase_200k_seed118_13919952,300000,0.02780061587691307,2,3,quest,matrix_aux_detector_raw,406,0.0,1.3789173552284706e-06
question_D_hier90_linear10_two_phase_200k_seed118_13919952__checkpoint_300000,question_D_hier90_linear10_two_phase_200k_seed118_13919952,300000,0.02780061587691307,2,4,quest,matrix_aux_detector_raw,406,0.0,0.00017906795811168896
question_D_hier90_linear10_two_phase_200k_seed118_13919952__checkpoint_300000,question_D_hier90_linear10_two_phase_200k_seed118_13919952,300000,0.02780061587691307,2,5,quest,matrix_aux_detector_raw,406,0.0,1.700866197758843e-05
question_D_hier90_linear10_two_phase_200k_seed118_13919952__checkpoint_300000,question_D_hier90_linear10_two_phase_200k_seed118_13919952,300000,0.02780061587691307,2,6,quest,matrix_aux_detector_raw,406,0.0,6.419601757590099e-07
question_D_hier90_linear10_two_phase_200k_seed118_13919952__checkpoint_300000,question_D_hier90_linear10_two_phase_200k_seed118_13919952,300000,0.02780061587691307,2,7,quest,matrix_aux_detector_raw,406,0.0,3.494298944112555e-08
question_D_hier90_linear10_two_phase_200k_seed118_13919952__checkpoint_300000,question_D_hier90_linear10_two_phase_200k_seed118_13919952,300000,0.02780061587691307,3,0,quest,matrix_aux_detector_raw,406,0.09113300492610837,0.05608221636743275
question_D_hier90_linear10_two_phase_200k_seed118_13919952__checkpoint_300000,question_D_hier90_linear10_two_phase_200k_seed118_13919952,300000,0.02780061587691307,3,1,quest,matrix_aux_detector_raw,406,0.0,5.1693557479206005e-08
question_D_hier90_linear10_two_phase_200k_seed118_13919952__checkpoint_300000,question_D_hier90_linear10_two_phase_200k_seed118_13919952,300000,0.02780061587691307,3,2,quest,matrix_aux_detector_raw,406,0.0,2.1998638543309172e-07
question_D_hier90_linear10_two_phase_200k_seed118_13919952__checkpoint_300000,question_D_hier90_linear10_two_phase_200k_seed118_13919952,300000,0.02780061587691307,3,3,quest,matrix_aux_detector_raw,406,1.0,0.9998900742072777
question_D_hier90_linear10_two_phase_200k_seed118_13919952__checkpoint_300000,question_D_hier90_linear10_two_phase_200k_seed118_13919952,300000,0.02780061587691307,3,4,quest,matrix_aux_detector_raw,406,0.0024630541871921183,0.00793870528839346
question_D_hier90_linear10_two_phase_200k_seed118_13919952__checkpoint_300000,question_D_hier90_linear10_two_phase_200k_seed118_13919952,300000,0.02780061587691307,3,5,quest,matrix_aux_detector_raw,406,1.0,0.9999991602498323
question_D_hier90_linear10_two_phase_200k_seed118_13919952__checkpoint_300000,question_D_hier90_linear10_two_phase_200k_seed118_13919952,300000,0.02780061587691307,3,6,quest,matrix_aux_detector_raw,406,0.0024630541871921183,0.0038993879902571686
question_D_hier90_linear10_two_phase_200k_seed118_13919952__checkpoint_300000,question_D_hier90_linear10_two_phase_200k_seed118_13919952,300000,0.02780061587691307,3,7,quest,matrix_aux_detector_raw,406,0.0,2.260756235577428e-09
question_D_hier90_linear10_two_phase_200k_seed118_13919952__checkpoint_300000,question_D_hier90_linear10_two_phase_200k_seed118_13919952,300000,0.02780061587691307,4,0,quest,matrix_aux_detector_raw,406,1.0,0.9999999421570689
question_D_hier90_linear10_two_phase_200k_seed118_13919952__checkpoint_300000,question_D_hier90_linear10_two_phase_200k_seed118_13919952,300000,0.02780061587691307,4,1,quest,matrix_aux_detector_raw,406,0.0,2.403606412557089e-18
question_D_hier90_linear10_two_phase_200k_seed118_13919952__checkpoint_300000,question_D_hier90_linear10_two_phase_200k_seed118_13919952,300000,0.02780061587691307,4,2,quest,matrix_aux_detector_raw,406,1.0,0.9999995437161676
question_D_hier90_linear10_two_phase_200k_seed118_13919952__checkpoint_300000,question_D_hier90_linear10_two_phase_200k_seed118_13919952,300000,0.02780061587691307,4,3,quest,matrix_aux_detector_raw,406,0.9211822660098522,0.882115812950593
question_D_hier90_linear10_two_phase_200k_seed118_13919952__checkpoint_300000,question_D_hier90_linear10_two_phase_200k_seed118_13919952,300000,0.02780061587691307,4,4,quest,matrix_aux_detector_raw,406,0.0,7.531563574801951e-13
question_D_hier90_linear10_two_phase_200k_seed118_13919952__checkpoint_300000,question_D_hier90_linear10_two_phase_200k_seed118_13919952,300000,0.02780061587691307,4,5,quest,matrix_aux_detector_raw,406,0.0,1.1880463350012301e-08
question_D_hier90_linear10_two_phase_200k_seed118_13919952__checkpoint_300000,question_D_hier90_linear10_two_phase_200k_seed118_13919952,300000,0.02780061587691307,4,6,quest,matrix_aux_detector_raw,406,0.0,5.6255698262344736e-09
question_D_hier90_linear10_two_phase_200k_seed118_13919952__checkpoint_300000,question_D_hier90_linear10_two_phase_200k_seed118_13919952,300000,0.02780061587691307,4,7,quest,matrix_aux_detector_raw,406,0.029556650246305417,0.02065739283415482
question_D_hier90_linear10_two_phase_200k_seed118_13919952__checkpoint_300000,question_D_hier90_linear10_two_phase_200k_seed118_13919952,300000,0.02780061587691307,5,0,quest,matrix_aux_detector_raw,406,0.0,6.453401134078441e-08
question_D_hier90_linear10_two_phase_200k_seed118_13919952__checkpoint_300000,question_D_hier90_linear10_two_phase_200k_seed118_13919952,300000,0.02780061587691307,5,1,quest,matrix_aux_detector_raw,406,0.0,0.0007425373195412431
question_D_hier90_linear10_two_phase_200k_seed118_13919952__checkpoint_300000,question_D_hier90_linear10_two_phase_200k_seed118_13919952,300000,0.02780061587691307,5,2,quest,matrix_aux_detector_raw,406,0.0049261083743842365,0.004530153693717259
question_D_hier90_linear10_two_phase_200k_seed118_13919952__checkpoint_300000,question_D_hier90_linear10_two_phase_200k_seed118_13919952,300000,0.02780061587691307,5,3,quest,matrix_aux_detector_raw,406,0.0,1.4510175781245167e-05
question_D_hier90_linear10_two_phase_200k_seed118_13919952__checkpoint_300000,question_D_hier90_linear10_two_phase_200k_seed118_13919952,300000,0.02780061587691307,5,4,quest,matrix_aux_detector_raw,406,0.0,0.00010284919723182315
question_D_hier90_linear10_two_phase_200k_seed118_13919952__checkpoint_300000,question_D_hier90_linear10_two_phase_200k_seed118_13919952,300000,0.02780061587691307,5,5,quest,matrix_aux_detector_raw,406,0.0,0.0001299805570331118
question_D_hier90_linear10_two_phase_200k_seed118_13919952__checkpoint_300000,question_D_hier90_linear10_two_phase_200k_seed118_13919952,300000,0.02780061587691307,5,6,quest,matrix_aux_detector_raw,406,0.0,3.653823945113407e-06
question_D_hier90_linear10_two_phase_200k_seed118_13919952__checkpoint_300000,question_D_hier90_linear10_two_phase_200k_seed118_13919952,300000,0.02780061587691307,5,7,quest,matrix_aux_detector_raw,406,0.0,0.00014666632055768933
question_D_hier90_linear10_two_phase_200k_seed119_13920189__checkpoint_300000,question_D_hier90_linear10_two_phase_200k_seed119_13920189,300000,0.046922340989112854,0,0,quest,matrix_aux_detector_raw,406,0.0,7.638630041118631e-21
question_D_hier90_linear10_two_phase_200k_seed119_13920189__checkpoint_300000,question_D_hier90_linear10_two_phase_200k_seed119_13920189,300000,0.046922340989112854,0,1,quest,matrix_aux_detector_raw,406,0.0,1.7551163970877878e-24
question_D_hier90_linear10_two_phase_200k_seed119_13920189__checkpoint_300000,question_D_hier90_linear10_two_phase_200k_seed119_13920189,300000,0.046922340989112854,0,2,quest,matrix_aux_detector_raw,406,0.28078817733990147,0.20093434480369152
question_D_hier90_linear10_two_phase_200k_seed119_13920189__checkpoint_300000,question_D_hier90_linear10_two_phase_200k_seed119_13920189,300000,0.046922340989112854,0,3,quest,matrix_aux_detector_raw,406,0.009852216748768473,0.009734564659702488
question_D_hier90_linear10_two_phase_200k_seed119_13920189__checkpoint_300000,question_D_hier90_linear10_two_phase_200k_seed119_13920189,300000,0.046922340989112854,0,4,quest,matrix_aux_detector_raw,406,0.0,1.7726163161918256e-13
question_D_hier90_linear10_two_phase_200k_seed119_13920189__checkpoint_300000,question_D_hier90_linear10_two_phase_200k_seed119_13920189,300000,0.046922340989112854,0,5,quest,matrix_aux_detector_raw,406,0.0,1.902904539897075e-21
question_D_hier90_linear10_two_phase_200k_seed119_13920189__checkpoint_300000,question_D_hier90_linear10_two_phase_200k_seed119_13920189,300000,0.046922340989112854,0,6,quest,matrix_aux_detector_raw,406,0.11083743842364532,0.07678060169761886
question_D_hier90_linear10_two_phase_200k_seed119_13920189__checkpoint_300000,question_D_hier90_linear10_two_phase_200k_seed119_13920189,300000,0.046922340989112854,0,7,quest,matrix_aux_detector_raw,406,0.0,6.034901120339616e-06
question_D_hier90_linear10_two_phase_200k_seed119_13920189__checkpoint_300000,question_D_hier90_linear10_two_phase_200k_seed119_13920189,300000,0.046922340989112854,1,0,quest,matrix_aux_detector_raw,406,0.0,1.0791397109852162e-10
question_D_hier90_linear10_two_phase_200k_seed119_13920189__checkpoint_300000,question_D_hier90_linear10_two_phase_200k_seed119_13920189,300000,0.046922340989112854,1,1,quest,matrix_aux_detector_raw,406,0.0,7.356060971255055e-10
question_D_hier90_linear10_two_phase_200k_seed119_13920189__checkpoint_300000,question_D_hier90_linear10_two_phase_200k_seed119_13920189,300000,0.046922340989112854,1,2,quest,matrix_aux_detector_raw,406,0.007389162561576354,0.00897117203163284
question_D_hier90_linear10_two_phase_200k_seed119_13920189__checkpoint_300000,question_D_hier90_linear10_two_phase_200k_seed119_13920189,300000,0.046922340989112854,1,3,quest,matrix_aux_detector_raw,406,0.0,2.457961978586451e-13
question_D_hier90_linear10_two_phase_200k_seed119_13920189__checkpoint_300000,question_D_hier90_linear10_two_phase_200k_seed119_13920189,300000,0.046922340989112854,1,4,quest,matrix_aux_detector_raw,406,0.07389162561576355,0.05182866544214231
question_D_hier90_linear10_two_phase_200k_seed119_13920189__checkpoint_300000,question_D_hier90_linear10_two_phase_200k_seed119_13920189,300000,0.046922340989112854,1,5,quest,matrix_aux_detector_raw,406,0.0,8.768583961387648e-09
question_D_hier90_linear10_two_phase_200k_seed119_13920189__checkpoint_300000,question_D_hier90_linear10_two_phase_200k_seed119_13920189,300000,0.046922340989112854,1,6,quest,matrix_aux_detector_raw,406,0.0,5.310518331316497e-09
question_D_hier90_linear10_two_phase_200k_seed119_13920189__checkpoint_300000,question_D_hier90_linear10_two_phase_200k_seed119_13920189,300000,0.046922340989112854,1,7,quest,matrix_aux_detector_raw,406,0.0,2.2852398611767947e-07
question_D_hier90_linear10_two_phase_200k_seed119_13920189__checkpoint_300000,question_D_hier90_linear10_two_phase_200k_seed119_13920189,300000,0.046922340989112854,2,0,quest,matrix_aux_detector_raw,406,0.0,9.789812407971229e-05
question_D_hier90_linear10_two_phase_200k_seed119_13920189__checkpoint_300000,question_D_hier90_linear10_two_phase_200k_seed119_13920189,300000,0.046922340989112854,2,1,quest,matrix_aux_detector_raw,406,0.0,1.1411541871994002e-05
question_D_hier90_linear10_two_phase_200k_seed119_13920189__checkpoint_300000,question_D_hier90_linear10_two_phase_200k_seed119_13920189,300000,0.046922340989112854,2,2,quest,matrix_aux_detector_raw,406,0.0,9.310818047630094e-07
question_D_hier90_linear10_two_phase_200k_seed119_13920189__checkpoint_300000,question_D_hier90_linear10_two_phase_200k_seed119_13920189,300000,0.046922340989112854,2,3,quest,matrix_aux_detector_raw,406,0.0,4.562443932507728e-10
question_D_hier90_linear10_two_phase_200k_seed119_13920189__checkpoint_300000,question_D_hier90_linear10_two_phase_200k_seed119_13920189,300000,0.046922340989112854,2,4,quest,matrix_aux_detector_raw,406,0.017241379310344827,0.0081143665875559
question_D_hier90_linear10_two_phase_200k_seed119_13920189__checkpoint_300000,question_D_hier90_linear10_two_phase_200k_seed119_13920189,300000,0.046922340989112854,2,5,quest,matrix_aux_detector_raw,406,0.0,3.885170912735691e-07
question_D_hier90_linear10_two_phase_200k_seed119_13920189__checkpoint_300000,question_D_hier90_linear10_two_phase_200k_seed119_13920189,300000,0.046922340989112854,2,6,quest,matrix_aux_detector_raw,406,0.0,6.77897179691997e-12
question_D_hier90_linear10_two_phase_200k_seed119_13920189__checkpoint_300000,question_D_hier90_linear10_two_phase_200k_seed119_13920189,300000,0.046922340989112854,2,7,quest,matrix_aux_detector_raw,406,0.017241379310344827,0.012561650443787544
question_D_hier90_linear10_two_phase_200k_seed119_13920189__checkpoint_300000,question_D_hier90_linear10_two_phase_200k_seed119_13920189,300000,0.046922340989112854,3,0,quest,matrix_aux_detector_raw,406,0.009852216748768473,0.007566937441459595
question_D_hier90_linear10_two_phase_200k_seed119_13920189__checkpoint_300000,question_D_hier90_linear10_two_phase_200k_seed119_13920189,300000,0.046922340989112854,3,1,quest,matrix_aux_detector_raw,406,0.18472906403940886,0.15102497012690136
question_D_hier90_linear10_two_phase_200k_seed119_13920189__checkpoint_300000,question_D_hier90_linear10_two_phase_200k_seed119_13920189,300000,0.046922340989112854,3,2,quest,matrix_aux_detector_raw,406,0.014778325123152709,0.010120294010112541
question_D_hier90_linear10_two_phase_200k_seed119_13920189__checkpoint_300000,question_D_hier90_linear10_two_phase_200k_seed119_13920189,300000,0.046922340989112854,3,3,quest,matrix_aux_detector_raw,406,0.0,2.402209589977559e-09
question_D_hier90_linear10_two_phase_200k_seed119_13920189__checkpoint_300000,question_D_hier90_linear10_two_phase_200k_seed119_13920189,300000,0.046922340989112854,3,4,quest,matrix_aux_detector_raw,406,0.0024630541871921183,0.0047150969581881115
question_D_hier90_linear10_two_phase_200k_seed119_13920189__checkpoint_300000,question_D_hier90_linear10_two_phase_200k_seed119_13920189,300000,0.046922340989112854,3,5,quest,matrix_aux_detector_raw,406,0.0,1.6044175611814332e-07
question_D_hier90_linear10_two_phase_200k_seed119_13920189__checkpoint_300000,question_D_hier90_linear10_two_phase_200k_seed119_13920189,300000,0.046922340989112854,3,6,quest,matrix_aux_detector_raw,406,0.0,5.940925217022211e-05
question_D_hier90_linear10_two_phase_200k_seed119_13920189__checkpoint_300000,question_D_hier90_linear10_two_phase_200k_seed119_13920189,300000,0.046922340989112854,3,7,quest,matrix_aux_detector_raw,406,0.0,0.00020618689073609444
question_D_hier90_linear10_two_phase_200k_seed119_13920189__checkpoint_300000,question_D_hier90_linear10_two_phase_200k_seed119_13920189,300000,0.046922340989112854,4,0,quest,matrix_aux_detector_raw,406,1.0,0.9999997251726723
question_D_hier90_linear10_two_phase_200k_seed119_13920189__checkpoint_300000,question_D_hier90_linear10_two_phase_200k_seed119_13920189,300000,0.046922340989112854,4,1,quest,matrix_aux_detector_raw,406,0.4827586206896552,0.38369540737666635
question_D_hier90_linear10_two_phase_200k_seed119_13920189__checkpoint_300000,question_D_hier90_linear10_two_phase_200k_seed119_13920189,300000,0.046922340989112854,4,2,quest,matrix_aux_detector_raw,406,1.0,0.9999959041625995
question_D_hier90_linear10_two_phase_200k_seed119_13920189__checkpoint_300000,question_D_hier90_linear10_two_phase_200k_seed119_13920189,300000,0.046922340989112854,4,3,quest,matrix_aux_detector_raw,406,0.0,1.4003187477799244e-05
question_D_hier90_linear10_two_phase_200k_seed119_13920189__checkpoint_300000,question_D_hier90_linear10_two_phase_200k_seed119_13920189,300000,0.046922340989112854,4,4,quest,matrix_aux_detector_raw,406,1.0,0.9999999864935287
question_D_hier90_linear10_two_phase_200k_seed119_13920189__checkpoint_300000,question_D_hier90_linear10_two_phase_200k_seed119_13920189,300000,0.046922340989112854,4,5,quest,matrix_aux_detector_raw,406,1.0,0.9999999712253439
question_D_hier90_linear10_two_phase_200k_seed119_13920189__checkpoint_300000,question_D_hier90_linear10_two_phase_200k_seed119_13920189,300000,0.046922340989112854,4,6,quest,matrix_aux_detector_raw,406,0.0,9.363263486799669e-15
question_D_hier90_linear10_two_phase_200k_seed119_13920189__checkpoint_300000,question_D_hier90_linear10_two_phase_200k_seed119_13920189,300000,0.046922340989112854,4,7,quest,matrix_aux_detector_raw,406,0.0,8.114132590583307e-12
question_D_hier90_linear10_two_phase_200k_seed119_13920189__checkpoint_300000,question_D_hier90_linear10_two_phase_200k_seed119_13920189,300000,0.046922340989112854,5,0,quest,matrix_aux_detector_raw,406,0.0,8.28811802013895e-08
question_D_hier90_linear10_two_phase_200k_seed119_13920189__checkpoint_300000,question_D_hier90_linear10_two_phase_200k_seed119_13920189,300000,0.046922340989112854,5,1,quest,matrix_aux_detector_raw,406,0.0,2.0898841732575767e-07
question_D_hier90_linear10_two_phase_200k_seed119_13920189__checkpoint_300000,question_D_hier90_linear10_two_phase_200k_seed119_13920189,300000,0.046922340989112854,5,2,quest,matrix_aux_detector_raw,406,0.0,4.20329652863621e-06
question_D_hier90_linear10_two_phase_200k_seed119_13920189__checkpoint_300000,question_D_hier90_linear10_two_phase_200k_seed119_13920189,300000,0.046922340989112854,5,3,quest,matrix_aux_detector_raw,406,0.0,8.368519129852426e-06
question_D_hier90_linear10_two_phase_200k_seed119_13920189__checkpoint_300000,question_D_hier90_linear10_two_phase_200k_seed119_13920189,300000,0.046922340989112854,5,4,quest,matrix_aux_detector_raw,406,0.04433497536945813,0.02586567573537674
question_D_hier90_linear10_two_phase_200k_seed119_13920189__checkpoint_300000,question_D_hier90_linear10_two_phase_200k_seed119_13920189,300000,0.046922340989112854,5,5,quest,matrix_aux_detector_raw,406,0.0,3.595590162457678e-07
question_D_hier90_linear10_two_phase_200k_seed119_13920189__checkpoint_300000,question_D_hier90_linear10_two_phase_200k_seed119_13920189,300000,0.046922340989112854,5,6,quest,matrix_aux_detector_raw,406,0.0,7.082961760555553e-05
question_D_hier90_linear10_two_phase_200k_seed119_13920189__checkpoint_300000,question_D_hier90_linear10_two_phase_200k_seed119_13920189,300000,0.046922340989112854,5,7,quest,matrix_aux_detector_raw,406,0.0,2.1166965330379526e-05
question_D_hier90_linear10_two_phase_200k_seed120_13884811__checkpoint_300000,question_D_hier90_linear10_two_phase_200k_seed120_13884811,300000,0.9937539100646973,0,0,quest,matrix_aux_detector_raw,406,0.0,3.4111208015449563e-19
question_D_hier90_linear10_two_phase_200k_seed120_13884811__checkpoint_300000,question_D_hier90_linear10_two_phase_200k_seed120_13884811,300000,0.9937539100646973,0,1,quest,matrix_aux_detector_raw,406,0.0,1.7263593194965125e-07
question_D_hier90_linear10_two_phase_200k_seed120_13884811__checkpoint_300000,question_D_hier90_linear10_two_phase_200k_seed120_13884811,300000,0.9937539100646973,0,2,quest,matrix_aux_detector_raw,406,0.0,1.4892543386070597e-19
question_D_hier90_linear10_two_phase_200k_seed120_13884811__checkpoint_300000,question_D_hier90_linear10_two_phase_200k_seed120_13884811,300000,0.9937539100646973,0,3,quest,matrix_aux_detector_raw,406,0.0,1.6127145008157268e-20
question_D_hier90_linear10_two_phase_200k_seed120_13884811__checkpoint_300000,question_D_hier90_linear10_two_phase_200k_seed120_13884811,300000,0.9937539100646973,0,4,quest,matrix_aux_detector_raw,406,0.0,6.571023322518138e-12
question_D_hier90_linear10_two_phase_200k_seed120_13884811__checkpoint_300000,question_D_hier90_linear10_two_phase_200k_seed120_13884811,300000,0.9937539100646973,0,5,quest,matrix_aux_detector_raw,406,0.0,1.0064301673328624e-07
question_D_hier90_linear10_two_phase_200k_seed120_13884811__checkpoint_300000,question_D_hier90_linear10_two_phase_200k_seed120_13884811,300000,0.9937539100646973,0,6,quest,matrix_aux_detector_raw,406,0.0,1.8152097207948652e-30
question_D_hier90_linear10_two_phase_200k_seed120_13884811__checkpoint_300000,question_D_hier90_linear10_two_phase_200k_seed120_13884811,300000,0.9937539100646973,0,7,quest,matrix_aux_detector_raw,406,0.0,6.851466623021489e-05
question_D_hier90_linear10_two_phase_200k_seed120_13884811__checkpoint_300000,question_D_hier90_linear10_two_phase_200k_seed120_13884811,300000,0.9937539100646973,1,0,quest,matrix_aux_detector_raw,406,0.6403940886699507,0.5487690199726176
question_D_hier90_linear10_two_phase_200k_seed120_13884811__checkpoint_300000,question_D_hier90_linear10_two_phase_200k_seed120_13884811,300000,0.9937539100646973,1,1,quest,matrix_aux_detector_raw,406,0.2832512315270936,0.24025667929798553
question_D_hier90_linear10_two_phase_200k_seed120_13884811__checkpoint_300000,question_D_hier90_linear10_two_phase_200k_seed120_13884811,300000,0.9937539100646973,1,2,quest,matrix_aux_detector_raw,406,0.0,0.00010856431329580428
question_D_hier90_linear10_two_phase_200k_seed120_13884811__checkpoint_300000,question_D_hier90_linear10_two_phase_200k_seed120_13884811,300000,0.9937539100646973,1,3,quest,matrix_aux_detector_raw,406,0.0,9.249382055535268e-09
question_D_hier90_linear10_two_phase_200k_seed120_13884811__checkpoint_300000,question_D_hier90_linear10_two_phase_200k_seed120_13884811,300000,0.9937539100646973,1,4,quest,matrix_aux_detector_raw,406,0.007389162561576354,0.004512247219445509
question_D_hier90_linear10_two_phase_200k_seed120_13884811__checkpoint_300000,question_D_hier90_linear10_two_phase_200k_seed120_13884811,300000,0.9937539100646973,1,5,quest,matrix_aux_detector_raw,406,0.0,3.6285204917730594e-10
question_D_hier90_linear10_two_phase_200k_seed120_13884811__checkpoint_300000,question_D_hier90_linear10_two_phase_200k_seed120_13884811,300000,0.9937539100646973,1,6,quest,matrix_aux_detector_raw,406,0.0,0.0008111135729041053
question_D_hier90_linear10_two_phase_200k_seed120_13884811__checkpoint_300000,question_D_hier90_linear10_two_phase_200k_seed120_13884811,300000,0.9937539100646973,1,7,quest,matrix_aux_detector_raw,406,0.7561576354679803,0.5478559370000539
question_D_hier90_linear10_two_phase_200k_seed120_13884811__checkpoint_300000,question_D_hier90_linear10_two_phase_200k_seed120_13884811,300000,0.9937539100646973,2,0,quest,matrix_aux_detector_raw,406,0.0,4.929483136464979e-13
question_D_hier90_linear10_two_phase_200k_seed120_13884811__checkpoint_300000,question_D_hier90_linear10_two_phase_200k_seed120_13884811,300000,0.9937539100646973,2,1,quest,matrix_aux_detector_raw,406,0.0,3.913885853900163e-07
question_D_hier90_linear10_two_phase_200k_seed120_13884811__checkpoint_300000,question_D_hier90_linear10_two_phase_200k_seed120_13884811,300000,0.9937539100646973,2,2,quest,matrix_aux_detector_raw,406,0.0,4.21774691534744e-07
question_D_hier90_linear10_two_phase_200k_seed120_13884811__checkpoint_300000,question_D_hier90_linear10_two_phase_200k_seed120_13884811,300000,0.9937539100646973,2,3,quest,matrix_aux_detector_raw,406,0.0024630541871921183,0.006969182216777577
question_D_hier90_linear10_two_phase_200k_seed120_13884811__checkpoint_300000,question_D_hier90_linear10_two_phase_200k_seed120_13884811,300000,0.9937539100646973,2,4,quest,matrix_aux_detector_raw,406,1.0,0.9940063049053324
question_D_hier90_linear10_two_phase_200k_seed120_13884811__checkpoint_300000,question_D_hier90_linear10_two_phase_200k_seed120_13884811,300000,0.9937539100646973,2,5,quest,matrix_aux_detector_raw,406,0.0,8.78206371826082e-12
question_D_hier90_linear10_two_phase_200k_seed120_13884811__checkpoint_300000,question_D_hier90_linear10_two_phase_200k_seed120_13884811,300000,0.9937539100646973,2,6,quest,matrix_aux_detector_raw,406,0.603448275862069,0.5146335229930036
question_D_hier90_linear10_two_phase_200k_seed120_13884811__checkpoint_300000,question_D_hier90_linear10_two_phase_200k_seed120_13884811,300000,0.9937539100646973,2,7,quest,matrix_aux_detector_raw,406,0.0,2.8720009624259387e-05
question_D_hier90_linear10_two_phase_200k_seed120_13884811__checkpoint_300000,question_D_hier90_linear10_two_phase_200k_seed120_13884811,300000,0.9937539100646973,3,0,quest,matrix_aux_detector_raw,406,0.0,2.966204208670139e-13
question_D_hier90_linear10_two_phase_200k_seed120_13884811__checkpoint_300000,question_D_hier90_linear10_two_phase_200k_seed120_13884811,300000,0.9937539100646973,3,1,quest,matrix_aux_detector_raw,406,0.0,5.337837298112679e-05
question_D_hier90_linear10_two_phase_200k_seed120_13884811__checkpoint_300000,question_D_hier90_linear10_two_phase_200k_seed120_13884811,300000,0.9937539100646973,3,2,quest,matrix_aux_detector_raw,406,1.0,0.9999980189530133
question_D_hier90_linear10_two_phase_200k_seed120_13884811__checkpoint_300000,question_D_hier90_linear10_two_phase_200k_seed120_13884811,300000,0.9937539100646973,3,3,quest,matrix_aux_detector_raw,406,0.0,7.637528731048202e-10
question_D_hier90_linear10_two_phase_200k_seed120_13884811__checkpoint_300000,question_D_hier90_linear10_two_phase_200k_seed120_13884811,300000,0.9937539100646973,3,4,quest,matrix_aux_detector_raw,406,0.854679802955665,0.802252537425639
question_D_hier90_linear10_two_phase_200k_seed120_13884811__checkpoint_300000,question_D_hier90_linear10_two_phase_200k_seed120_13884811,300000,0.9937539100646973,3,5,quest,matrix_aux_detector_raw,406,1.0,0.9999971921220788
question_D_hier90_linear10_two_phase_200k_seed120_13884811__checkpoint_300000,question_D_hier90_linear10_two_phase_200k_seed120_13884811,300000,0.9937539100646973,3,6,quest,matrix_aux_detector_raw,406,0.0,2.621973075699107e-09
question_D_hier90_linear10_two_phase_200k_seed120_13884811__checkpoint_300000,question_D_hier90_linear10_two_phase_200k_seed120_13884811,300000,0.9937539100646973,3,7,quest,matrix_aux_detector_raw,406,0.0,2.6286127276438928e-11
question_D_hier90_linear10_two_phase_200k_seed120_13884811__checkpoint_300000,question_D_hier90_linear10_two_phase_200k_seed120_13884811,300000,0.9937539100646973,4,0,quest,matrix_aux_detector_raw,406,1.0,0.9999998854886135
question_D_hier90_linear10_two_phase_200k_seed120_13884811__checkpoint_300000,question_D_hier90_linear10_two_phase_200k_seed120_13884811,300000,0.9937539100646973,4,1,quest,matrix_aux_detector_raw,406,0.0,2.599908685838989e-09
question_D_hier90_linear10_two_phase_200k_seed120_13884811__checkpoint_300000,question_D_hier90_linear10_two_phase_200k_seed120_13884811,300000,0.9937539100646973,4,2,quest,matrix_aux_detector_raw,406,1.0,0.9998606958706391
question_D_hier90_linear10_two_phase_200k_seed120_13884811__checkpoint_300000,question_D_hier90_linear10_two_phase_200k_seed120_13884811,300000,0.9937539100646973,4,3,quest,matrix_aux_detector_raw,406,0.0,2.3649540882001934e-08
question_D_hier90_linear10_two_phase_200k_seed120_13884811__checkpoint_300000,question_D_hier90_linear10_two_phase_200k_seed120_13884811,300000,0.9937539100646973,4,4,quest,matrix_aux_detector_raw,406,0.0,0.0006641413293005241
question_D_hier90_linear10_two_phase_200k_seed120_13884811__checkpoint_300000,question_D_hier90_linear10_two_phase_200k_seed120_13884811,300000,0.9937539100646973,4,5,quest,matrix_aux_detector_raw,406,0.0,4.259397167503348e-06
question_D_hier90_linear10_two_phase_200k_seed120_13884811__checkpoint_300000,question_D_hier90_linear10_two_phase_200k_seed120_13884811,300000,0.9937539100646973,4,6,quest,matrix_aux_detector_raw,406,0.0,3.3052134277158158e-09
question_D_hier90_linear10_two_phase_200k_seed120_13884811__checkpoint_300000,question_D_hier90_linear10_two_phase_200k_seed120_13884811,300000,0.9937539100646973,4,7,quest,matrix_aux_detector_raw,406,0.0,6.089772365995489e-09
question_D_hier90_linear10_two_phase_200k_seed120_13884811__checkpoint_300000,question_D_hier90_linear10_two_phase_200k_seed120_13884811,300000,0.9937539100646973,5,0,quest,matrix_aux_detector_raw,406,0.0,6.63183606933322e-07
question_D_hier90_linear10_two_phase_200k_seed120_13884811__checkpoint_300000,question_D_hier90_linear10_two_phase_200k_seed120_13884811,300000,0.9937539100646973,5,1,quest,matrix_aux_detector_raw,406,0.0,5.578441715166437e-07
question_D_hier90_linear10_two_phase_200k_seed120_13884811__checkpoint_300000,question_D_hier90_linear10_two_phase_200k_seed120_13884811,300000,0.9937539100646973,5,2,quest,matrix_aux_detector_raw,406,0.0,4.1770644242207746e-05
question_D_hier90_linear10_two_phase_200k_seed120_13884811__checkpoint_300000,question_D_hier90_linear10_two_phase_200k_seed120_13884811,300000,0.9937539100646973,5,3,quest,matrix_aux_detector_raw,406,0.017241379310344827,0.01665891565960807
question_D_hier90_linear10_two_phase_200k_seed120_13884811__checkpoint_300000,question_D_hier90_linear10_two_phase_200k_seed120_13884811,300000,0.9937539100646973,5,4,quest,matrix_aux_detector_raw,406,0.0,1.5043597565721543e-06
question_D_hier90_linear10_two_phase_200k_seed120_13884811__checkpoint_300000,question_D_hier90_linear10_two_phase_200k_seed120_13884811,300000,0.9937539100646973,5,5,quest,matrix_aux_detector_raw,406,0.0,0.00021745189989636068
question_D_hier90_linear10_two_phase_200k_seed120_13884811__checkpoint_300000,question_D_hier90_linear10_two_phase_200k_seed120_13884811,300000,0.9937539100646973,5,6,quest,matrix_aux_detector_raw,406,0.0,5.93057058972415e-07
question_D_hier90_linear10_two_phase_200k_seed120_13884811__checkpoint_300000,question_D_hier90_linear10_two_phase_200k_seed120_13884811,300000,0.9937539100646973,5,7,quest,matrix_aux_detector_raw,406,0.8497536945812808,0.7421729648210512
question_D_hier90_linear10_two_phase_200k_seed42_12625361__checkpoint_300000,question_D_hier90_linear10_two_phase_200k_seed42_12625361,300000,0.3004249036312103,0,0,quest,matrix_aux_detector_raw,406,0.0,1.8616482511154133e-14
question_D_hier90_linear10_two_phase_200k_seed42_12625361__checkpoint_300000,question_D_hier90_linear10_two_phase_200k_seed42_12625361,300000,0.3004249036312103,0,1,quest,matrix_aux_detector_raw,406,0.0,1.2752981910768144e-12
question_D_hier90_linear10_two_phase_200k_seed42_12625361__checkpoint_300000,question_D_hier90_linear10_two_phase_200k_seed42_12625361,300000,0.3004249036312103,0,2,quest,matrix_aux_detector_raw,406,0.0,5.825915739394276e-11
question_D_hier90_linear10_two_phase_200k_seed42_12625361__checkpoint_300000,question_D_hier90_linear10_two_phase_200k_seed42_12625361,300000,0.3004249036312103,0,3,quest,matrix_aux_detector_raw,406,0.7807881773399015,0.7501267999604623
question_D_hier90_linear10_two_phase_200k_seed42_12625361__checkpoint_300000,question_D_hier90_linear10_two_phase_200k_seed42_12625361,300000,0.3004249036312103,0,4,quest,matrix_aux_detector_raw,406,0.0,3.762622051947278e-15
question_D_hier90_linear10_two_phase_200k_seed42_12625361__checkpoint_300000,question_D_hier90_linear10_two_phase_200k_seed42_12625361,300000,0.3004249036312103,0,5,quest,matrix_aux_detector_raw,406,0.0,0.000641701049695014
question_D_hier90_linear10_two_phase_200k_seed42_12625361__checkpoint_300000,question_D_hier90_linear10_two_phase_200k_seed42_12625361,300000,0.3004249036312103,0,6,quest,matrix_aux_detector_raw,406,0.0,0.0001867108417392867
question_D_hier90_linear10_two_phase_200k_seed42_12625361__checkpoint_300000,question_D_hier90_linear10_two_phase_200k_seed42_12625361,300000,0.3004249036312103,0,7,quest,matrix_aux_detector_raw,406,0.2019704433497537,0.20195165078149915
question_D_hier90_linear10_two_phase_200k_seed42_12625361__checkpoint_300000,question_D_hier90_linear10_two_phase_200k_seed42_12625361,300000,0.3004249036312103,1,0,quest,matrix_aux_detector_raw,406,0.0,0.017070753421642826
question_D_hier90_linear10_two_phase_200k_seed42_12625361__checkpoint_300000,question_D_hier90_linear10_two_phase_200k_seed42_12625361,300000,0.3004249036312103,1,1,quest,matrix_aux_detector_raw,406,0.0,5.302845602678672e-07
question_D_hier90_linear10_two_phase_200k_seed42_12625361__checkpoint_300000,question_D_hier90_linear10_two_phase_200k_seed42_12625361,300000,0.3004249036312103,1,2,quest,matrix_aux_detector_raw,406,0.07881773399014778,0.060109180534050066
question_D_hier90_linear10_two_phase_200k_seed42_12625361__checkpoint_300000,question_D_hier90_linear10_two_phase_200k_seed42_12625361,300000,0.3004249036312103,1,3,quest,matrix_aux_detector_raw,406,0.0,1.140714447983553e-08
question_D_hier90_linear10_two_phase_200k_seed42_12625361__checkpoint_300000,question_D_hier90_linear10_two_phase_200k_seed42_12625361,300000,0.3004249036312103,1,4,quest,matrix_aux_detector_raw,406,0.6133004926108374,0.5345661173610647
question_D_hier90_linear10_two_phase_200k_seed42_12625361__checkpoint_300000,question_D_hier90_linear10_two_phase_200k_seed42_12625361,300000,0.3004249036312103,1,5,quest,matrix_aux_detector_raw,406,0.7586206896551724,0.6062817549646021
question_D_hier90_linear10_two_phase_200k_seed42_12625361__checkpoint_300000,question_D_hier90_linear10_two_phase_200k_seed42_12625361,300000,0.3004249036312103,1,6,quest,matrix_aux_detector_raw,406,0.0,5.659085753552654e-08
question_D_hier90_linear10_two_phase_200k_seed42_12625361__checkpoint_300000,question_D_hier90_linear10_two_phase_200k_seed42_12625361,300000,0.3004249036312103,1,7,quest,matrix_aux_detector_raw,406,0.11822660098522167,0.05813515718942961
question_D_hier90_linear10_two_phase_200k_seed42_12625361__checkpoint_300000,question_D_hier90_linear10_two_phase_200k_seed42_12625361,300000,0.3004249036312103,2,0,quest,matrix_aux_detector_raw,406,0.0,4.67295086130912e-06
question_D_hier90_linear10_two_phase_200k_seed42_12625361__checkpoint_300000,question_D_hier90_linear10_two_phase_200k_seed42_12625361,300000,0.3004249036312103,2,1,quest,matrix_aux_detector_raw,406,0.0024630541871921183,0.0019023084591523306
question_D_hier90_linear10_two_phase_200k_seed42_12625361__checkpoint_300000,question_D_hier90_linear10_two_phase_200k_seed42_12625361,300000,0.3004249036312103,2,2,quest,matrix_aux_detector_raw,406,0.0,0.0017315496341104015
question_D_hier90_linear10_two_phase_200k_seed42_12625361__checkpoint_300000,question_D_hier90_linear10_two_phase_200k_seed42_12625361,300000,0.3004249036312103,2,3,quest,matrix_aux_detector_raw,406,0.5197044334975369,0.48428132754260517
question_D_hier90_linear10_two_phase_200k_seed42_12625361__checkpoint_300000,question_D_hier90_linear10_two_phase_200k_seed42_12625361,300000,0.3004249036312103,2,4,quest,matrix_aux_detector_raw,406,0.16009852216748768,0.097149682135572
question_D_hier90_linear10_two_phase_200k_seed42_12625361__checkpoint_300000,question_D_hier90_linear10_two_phase_200k_seed42_12625361,300000,0.3004249036312103,2,5,quest,matrix_aux_detector_raw,406,0.0,2.4181057128467398e-09
question_D_hier90_linear10_two_phase_200k_seed42_12625361__checkpoint_300000,question_D_hier90_linear10_two_phase_200k_seed42_12625361,300000,0.3004249036312103,2,6,quest,matrix_aux_detector_raw,406,0.12315270935960591,0.08517978290739038
question_D_hier90_linear10_two_phase_200k_seed42_12625361__checkpoint_300000,question_D_hier90_linear10_two_phase_200k_seed42_12625361,300000,0.3004249036312103,2,7,quest,matrix_aux_detector_raw,406,0.9359605911330049,0.9147127844595072
question_D_hier90_linear10_two_phase_200k_seed42_12625361__checkpoint_300000,question_D_hier90_linear10_two_phase_200k_seed42_12625361,300000,0.3004249036312103,3,0,quest,matrix_aux_detector_raw,406,0.0,1.5301665190751407e-05
question_D_hier90_linear10_two_phase_200k_seed42_12625361__checkpoint_300000,question_D_hier90_linear10_two_phase_200k_seed42_12625361,300000,0.3004249036312103,3,1,quest,matrix_aux_detector_raw,406,0.012315270935960592,0.010664356505583972
question_D_hier90_linear10_two_phase_200k_seed42_12625361__checkpoint_300000,question_D_hier90_linear10_two_phase_200k_seed42_12625361,300000,0.3004249036312103,3,2,quest,matrix_aux_detector_raw,406,0.3669950738916256,0.35191713008100467
question_D_hier90_linear10_two_phase_200k_seed42_12625361__checkpoint_300000,question_D_hier90_linear10_two_phase_200k_seed42_12625361,300000,0.3004249036312103,3,3,quest,matrix_aux_detector_raw,406,1.0,0.9999988026219636
question_D_hier90_linear10_two_phase_200k_seed42_12625361__checkpoint_300000,question_D_hier90_linear10_two_phase_200k_seed42_12625361,300000,0.3004249036312103,3,4,quest,matrix_aux_detector_raw,406,0.0,1.3319834418599174e-08
question_D_hier90_linear10_two_phase_200k_seed42_12625361__checkpoint_300000,question_D_hier90_linear10_two_phase_200k_seed42_12625361,300000,0.3004249036312103,3,5,quest,matrix_aux_detector_raw,406,0.0,0.001770131623390443
question_D_hier90_linear10_two_phase_200k_seed42_12625361__checkpoint_300000,question_D_hier90_linear10_two_phase_200k_seed42_12625361,300000,0.3004249036312103,3,6,quest,matrix_aux_detector_raw,406,0.12561576354679804,0.09521294816455816
question_D_hier90_linear10_two_phase_200k_seed42_12625361__checkpoint_300000,question_D_hier90_linear10_two_phase_200k_seed42_12625361,300000,0.3004249036312103,3,7,quest,matrix_aux_detector_raw,406,1.0,0.9999145678992342
question_D_hier90_linear10_two_phase_200k_seed42_12625361__checkpoint_300000,question_D_hier90_linear10_two_phase_200k_seed42_12625361,300000,0.3004249036312103,4,0,quest,matrix_aux_detector_raw,406,0.0,1.5300602945550285e-13
question_D_hier90_linear10_two_phase_200k_seed42_12625361__checkpoint_300000,question_D_hier90_linear10_two_phase_200k_seed42_12625361,300000,0.3004249036312103,4,1,quest,matrix_aux_detector_raw,406,0.0,4.2881648148465024e-10
question_D_hier90_linear10_two_phase_200k_seed42_12625361__checkpoint_300000,question_D_hier90_linear10_two_phase_200k_seed42_12625361,300000,0.3004249036312103,4,2,quest,matrix_aux_detector_raw,406,0.0,2.12296495035673e-06
question_D_hier90_linear10_two_phase_200k_seed42_12625361__checkpoint_300000,question_D_hier90_linear10_two_phase_200k_seed42_12625361,300000,0.3004249036312103,4,3,quest,matrix_aux_detector_raw,406,0.0,4.1047813110973996e-15
question_D_hier90_linear10_two_phase_200k_seed42_12625361__checkpoint_300000,question_D_hier90_linear10_two_phase_200k_seed42_12625361,300000,0.3004249036312103,4,4,quest,matrix_aux_detector_raw,406,1.0,0.9999998822588051
question_D_hier90_linear10_two_phase_200k_seed42_12625361__checkpoint_300000,question_D_hier90_linear10_two_phase_200k_seed42_12625361,300000,0.3004249036312103,4,5,quest,matrix_aux_detector_raw,406,0.0,4.5752882373485075e-07
question_D_hier90_linear10_two_phase_200k_seed42_12625361__checkpoint_300000,question_D_hier90_linear10_two_phase_200k_seed42_12625361,300000,0.3004249036312103,4,6,quest,matrix_aux_detector_raw,406,0.0,9.128412429587196e-07
question_D_hier90_linear10_two_phase_200k_seed42_12625361__checkpoint_300000,question_D_hier90_linear10_two_phase_200k_seed42_12625361,300000,0.3004249036312103,4,7,quest,matrix_aux_detector_raw,406,0.04926108374384237,0.0384456531189888
question_D_hier90_linear10_two_phase_200k_seed42_12625361__checkpoint_300000,question_D_hier90_linear10_two_phase_200k_seed42_12625361,300000,0.3004249036312103,5,0,quest,matrix_aux_detector_raw,406,0.0,5.8847076947661456e-08
question_D_hier90_linear10_two_phase_200k_seed42_12625361__checkpoint_300000,question_D_hier90_linear10_two_phase_200k_seed42_12625361,300000,0.3004249036312103,5,1,quest,matrix_aux_detector_raw,406,0.0,2.18202938369577e-07
question_D_hier90_linear10_two_phase_200k_seed42_12625361__checkpoint_300000,question_D_hier90_linear10_two_phase_200k_seed42_12625361,300000,0.3004249036312103,5,2,quest,matrix_aux_detector_raw,406,0.0,3.974574103721947e-05
question_D_hier90_linear10_two_phase_200k_seed42_12625361__checkpoint_300000,question_D_hier90_linear10_two_phase_200k_seed42_12625361,300000,0.3004249036312103,5,3,quest,matrix_aux_detector_raw,406,0.10098522167487685,0.06538571577351238
question_D_hier90_linear10_two_phase_200k_seed42_12625361__checkpoint_300000,question_D_hier90_linear10_two_phase_200k_seed42_12625361,300000,0.3004249036312103,5,4,quest,matrix_aux_detector_raw,406,0.0024630541871921183,0.0037808234090193453
question_D_hier90_linear10_two_phase_200k_seed42_12625361__checkpoint_300000,question_D_hier90_linear10_two_phase_200k_seed42_12625361,300000,0.3004249036312103,5,5,quest,matrix_aux_detector_raw,406,0.0,7.804743394695761e-05
question_D_hier90_linear10_two_phase_200k_seed42_12625361__checkpoint_300000,question_D_hier90_linear10_two_phase_200k_seed42_12625361,300000,0.3004249036312103,5,6,quest,matrix_aux_detector_raw,406,0.0,2.33096789027129e-07
question_D_hier90_linear10_two_phase_200k_seed42_12625361__checkpoint_300000,question_D_hier90_linear10_two_phase_200k_seed42_12625361,300000,0.3004249036312103,5,7,quest,matrix_aux_detector_raw,406,0.0,2.1586906829106503e-06
question_D_hier90_linear10_two_phase_200k_seed43_12625510__checkpoint_300000,question_D_hier90_linear10_two_phase_200k_seed43_12625510,300000,0.23943987488746643,0,0,quest,matrix_aux_detector_raw,406,0.0,1.274787720007194e-13
question_D_hier90_linear10_two_phase_200k_seed43_12625510__checkpoint_300000,question_D_hier90_linear10_two_phase_200k_seed43_12625510,300000,0.23943987488746643,0,1,quest,matrix_aux_detector_raw,406,0.0,1.532883058778082e-05
question_D_hier90_linear10_two_phase_200k_seed43_12625510__checkpoint_300000,question_D_hier90_linear10_two_phase_200k_seed43_12625510,300000,0.23943987488746643,0,2,quest,matrix_aux_detector_raw,406,0.0,6.960327631276378e-38
question_D_hier90_linear10_two_phase_200k_seed43_12625510__checkpoint_300000,question_D_hier90_linear10_two_phase_200k_seed43_12625510,300000,0.23943987488746643,0,3,quest,matrix_aux_detector_raw,406,0.0,1.5256640481810495e-41
question_D_hier90_linear10_two_phase_200k_seed43_12625510__checkpoint_300000,question_D_hier90_linear10_two_phase_200k_seed43_12625510,300000,0.23943987488746643,0,4,quest,matrix_aux_detector_raw,406,0.4088669950738916,0.4088651983245129
question_D_hier90_linear10_two_phase_200k_seed43_12625510__checkpoint_300000,question_D_hier90_linear10_two_phase_200k_seed43_12625510,300000,0.23943987488746643,0,5,quest,matrix_aux_detector_raw,406,0.0,4.180015667371643e-16
question_D_hier90_linear10_two_phase_200k_seed43_12625510__checkpoint_300000,question_D_hier90_linear10_two_phase_200k_seed43_12625510,300000,0.23943987488746643,0,6,quest,matrix_aux_detector_raw,406,0.0,6.332558076954916e-34
question_D_hier90_linear10_two_phase_200k_seed43_12625510__checkpoint_300000,question_D_hier90_linear10_two_phase_200k_seed43_12625510,300000,0.23943987488746643,0,7,quest,matrix_aux_detector_raw,406,0.6133004926108374,0.597511030319017
question_D_hier90_linear10_two_phase_200k_seed43_12625510__checkpoint_300000,question_D_hier90_linear10_two_phase_200k_seed43_12625510,300000,0.23943987488746643,1,0,quest,matrix_aux_detector_raw,406,0.21921182266009853,0.14806323082218958
question_D_hier90_linear10_two_phase_200k_seed43_12625510__checkpoint_300000,question_D_hier90_linear10_two_phase_200k_seed43_12625510,300000,0.23943987488746643,1,1,quest,matrix_aux_detector_raw,406,0.21428571428571427,0.19510285950846798
question_D_hier90_linear10_two_phase_200k_seed43_12625510__checkpoint_300000,question_D_hier90_linear10_two_phase_200k_seed43_12625510,300000,0.23943987488746643,1,2,quest,matrix_aux_detector_raw,406,0.0049261083743842365,0.00637341150471177
question_D_hier90_linear10_two_phase_200k_seed43_12625510__checkpoint_300000,question_D_hier90_linear10_two_phase_200k_seed43_12625510,300000,0.23943987488746643,1,3,quest,matrix_aux_detector_raw,406,0.3522167487684729,0.3323619144990599
question_D_hier90_linear10_two_phase_200k_seed43_12625510__checkpoint_300000,question_D_hier90_linear10_two_phase_200k_seed43_12625510,300000,0.23943987488746643,1,4,quest,matrix_aux_detector_raw,406,0.0,1.2853733683272795e-09
question_D_hier90_linear10_two_phase_200k_seed43_12625510__checkpoint_300000,question_D_hier90_linear10_two_phase_200k_seed43_12625510,300000,0.23943987488746643,1,5,quest,matrix_aux_detector_raw,406,0.7931034482758621,0.6917132559400844
question_D_hier90_linear10_two_phase_200k_seed43_12625510__checkpoint_300000,question_D_hier90_linear10_two_phase_200k_seed43_12625510,300000,0.23943987488746643,1,6,quest,matrix_aux_detector_raw,406,0.0,2.793374581334625e-06
question_D_hier90_linear10_two_phase_200k_seed43_12625510__checkpoint_300000,question_D_hier90_linear10_two_phase_200k_seed43_12625510,300000,0.23943987488746643,1,7,quest,matrix_aux_detector_raw,406,0.059113300492610835,0.043199674632295966
question_D_hier90_linear10_two_phase_200k_seed43_12625510__checkpoint_300000,question_D_hier90_linear10_two_phase_200k_seed43_12625510,300000,0.23943987488746643,2,0,quest,matrix_aux_detector_raw,406,0.0,7.537369818816313e-05
question_D_hier90_linear10_two_phase_200k_seed43_12625510__checkpoint_300000,question_D_hier90_linear10_two_phase_200k_seed43_12625510,300000,0.23943987488746643,2,1,quest,matrix_aux_detector_raw,406,0.1921182266009852,0.13933928552314506
question_D_hier90_linear10_two_phase_200k_seed43_12625510__checkpoint_300000,question_D_hier90_linear10_two_phase_200k_seed43_12625510,300000,0.23943987488746643,2,2,quest,matrix_aux_detector_raw,406,0.1206896551724138,0.10025579086897586
question_D_hier90_linear10_two_phase_200k_seed43_12625510__checkpoint_300000,question_D_hier90_linear10_two_phase_200k_seed43_12625510,300000,0.23943987488746643,2,3,quest,matrix_aux_detector_raw,406,0.8004926108374384,0.7043973128848072
question_D_hier90_linear10_two_phase_200k_seed43_12625510__checkpoint_300000,question_D_hier90_linear10_two_phase_200k_seed43_12625510,300000,0.23943987488746643,2,4,quest,matrix_aux_detector_raw,406,0.0,2.7430881302213182e-06
question_D_hier90_linear10_two_phase_200k_seed43_12625510__checkpoint_300000,question_D_hier90_linear10_two_phase_200k_seed43_12625510,300000,0.23943987488746643,2,5,quest,matrix_aux_detector_raw,406,0.0,1.6203631356412633e-12
question_D_hier90_linear10_two_phase_200k_seed43_12625510__checkpoint_300000,question_D_hier90_linear10_two_phase_200k_seed43_12625510,300000,0.23943987488746643,2,6,quest,matrix_aux_detector_raw,406,0.0,8.515678455691486e-05
question_D_hier90_linear10_two_phase_200k_seed43_12625510__checkpoint_300000,question_D_hier90_linear10_two_phase_200k_seed43_12625510,300000,0.23943987488746643,2,7,quest,matrix_aux_detector_raw,406,0.0,1.0599932557640262e-07
question_D_hier90_linear10_two_phase_200k_seed43_12625510__checkpoint_300000,question_D_hier90_linear10_two_phase_200k_seed43_12625510,300000,0.23943987488746643,3,0,quest,matrix_aux_detector_raw,406,0.0,7.688125086084071e-07
question_D_hier90_linear10_two_phase_200k_seed43_12625510__checkpoint_300000,question_D_hier90_linear10_two_phase_200k_seed43_12625510,300000,0.23943987488746643,3,1,quest,matrix_aux_detector_raw,406,0.0,1.1465320106608946e-08
question_D_hier90_linear10_two_phase_200k_seed43_12625510__checkpoint_300000,question_D_hier90_linear10_two_phase_200k_seed43_12625510,300000,0.23943987488746643,3,2,quest,matrix_aux_detector_raw,406,0.0,7.229437277830614e-05
question_D_hier90_linear10_two_phase_200k_seed43_12625510__checkpoint_300000,question_D_hier90_linear10_two_phase_200k_seed43_12625510,300000,0.23943987488746643,3,3,quest,matrix_aux_detector_raw,406,0.0,4.2339777383236066e-09
question_D_hier90_linear10_two_phase_200k_seed43_12625510__checkpoint_300000,question_D_hier90_linear10_two_phase_200k_seed43_12625510,300000,0.23943987488746643,3,4,quest,matrix_aux_detector_raw,406,0.0,4.239619249275398e-05
question_D_hier90_linear10_two_phase_200k_seed43_12625510__checkpoint_300000,question_D_hier90_linear10_two_phase_200k_seed43_12625510,300000,0.23943987488746643,3,5,quest,matrix_aux_detector_raw,406,1.0,0.9999793792886688
question_D_hier90_linear10_two_phase_200k_seed43_12625510__checkpoint_300000,question_D_hier90_linear10_two_phase_200k_seed43_12625510,300000,0.23943987488746643,3,6,quest,matrix_aux_detector_raw,406,0.0,3.379445552298877e-11
question_D_hier90_linear10_two_phase_200k_seed43_12625510__checkpoint_300000,question_D_hier90_linear10_two_phase_200k_seed43_12625510,300000,0.23943987488746643,3,7,quest,matrix_aux_detector_raw,406,0.0,3.391429409440085e-05
question_D_hier90_linear10_two_phase_200k_seed43_12625510__checkpoint_300000,question_D_hier90_linear10_two_phase_200k_seed43_12625510,300000,0.23943987488746643,4,0,quest,matrix_aux_detector_raw,406,0.9975369458128078,0.9966912210501474
question_D_hier90_linear10_two_phase_200k_seed43_12625510__checkpoint_300000,question_D_hier90_linear10_two_phase_200k_seed43_12625510,300000,0.23943987488746643,4,1,quest,matrix_aux_detector_raw,406,0.0049261083743842365,0.007514373931736266
question_D_hier90_linear10_two_phase_200k_seed43_12625510__checkpoint_300000,question_D_hier90_linear10_two_phase_200k_seed43_12625510,300000,0.23943987488746643,4,2,quest,matrix_aux_detector_raw,406,0.007389162561576354,0.007392736575843809
question_D_hier90_linear10_two_phase_200k_seed43_12625510__checkpoint_300000,question_D_hier90_linear10_two_phase_200k_seed43_12625510,300000,0.23943987488746643,4,3,quest,matrix_aux_detector_raw,406,1.0,0.9999851077941838
question_D_hier90_linear10_two_phase_200k_seed43_12625510__checkpoint_300000,question_D_hier90_linear10_two_phase_200k_seed43_12625510,300000,0.23943987488746643,4,4,quest,matrix_aux_detector_raw,406,0.0,0.0011338026099739376
question_D_hier90_linear10_two_phase_200k_seed43_12625510__checkpoint_300000,question_D_hier90_linear10_two_phase_200k_seed43_12625510,300000,0.23943987488746643,4,5,quest,matrix_aux_detector_raw,406,1.0,0.9999996320954685
question_D_hier90_linear10_two_phase_200k_seed43_12625510__checkpoint_300000,question_D_hier90_linear10_two_phase_200k_seed43_12625510,300000,0.23943987488746643,4,6,quest,matrix_aux_detector_raw,406,0.012315270935960592,0.011941623323434899
question_D_hier90_linear10_two_phase_200k_seed43_12625510__checkpoint_300000,question_D_hier90_linear10_two_phase_200k_seed43_12625510,300000,0.23943987488746643,4,7,quest,matrix_aux_detector_raw,406,0.0,5.144030290282627e-07
question_D_hier90_linear10_two_phase_200k_seed43_12625510__checkpoint_300000,question_D_hier90_linear10_two_phase_200k_seed43_12625510,300000,0.23943987488746643,5,0,quest,matrix_aux_detector_raw,406,1.0,0.9992109450507046
question_D_hier90_linear10_two_phase_200k_seed43_12625510__checkpoint_300000,question_D_hier90_linear10_two_phase_200k_seed43_12625510,300000,0.23943987488746643,5,1,quest,matrix_aux_detector_raw,406,0.007389162561576354,0.007995461647673688
question_D_hier90_linear10_two_phase_200k_seed43_12625510__checkpoint_300000,question_D_hier90_linear10_two_phase_200k_seed43_12625510,300000,0.23943987488746643,5,2,quest,matrix_aux_detector_raw,406,0.0,1.1551096816150115e-05
question_D_hier90_linear10_two_phase_200k_seed43_12625510__checkpoint_300000,question_D_hier90_linear10_two_phase_200k_seed43_12625510,300000,0.23943987488746643,5,3,quest,matrix_aux_detector_raw,406,0.0,0.0004528122835771552
question_D_hier90_linear10_two_phase_200k_seed43_12625510__checkpoint_300000,question_D_hier90_linear10_two_phase_200k_seed43_12625510,300000,0.23943987488746643,5,4,quest,matrix_aux_detector_raw,406,0.0,1.0875408100499313e-06
question_D_hier90_linear10_two_phase_200k_seed43_12625510__checkpoint_300000,question_D_hier90_linear10_two_phase_200k_seed43_12625510,300000,0.23943987488746643,5,5,quest,matrix_aux_detector_raw,406,0.0,0.0001700382837208923
question_D_hier90_linear10_two_phase_200k_seed43_12625510__checkpoint_300000,question_D_hier90_linear10_two_phase_200k_seed43_12625510,300000,0.23943987488746643,5,6,quest,matrix_aux_detector_raw,406,0.0,1.1031642318199466e-05
question_D_hier90_linear10_two_phase_200k_seed43_12625510__checkpoint_300000,question_D_hier90_linear10_two_phase_200k_seed43_12625510,300000,0.23943987488746643,5,7,quest,matrix_aux_detector_raw,406,0.9975369458128078,0.9813934169856492
question_D_hier90_linear10_two_phase_200k_seed44_12625511__checkpoint_300000,question_D_hier90_linear10_two_phase_200k_seed44_12625511,300000,0.8190842866897583,0,0,quest,matrix_aux_detector_raw,406,0.0,1.1583988232946545e-06
question_D_hier90_linear10_two_phase_200k_seed44_12625511__checkpoint_300000,question_D_hier90_linear10_two_phase_200k_seed44_12625511,300000,0.8190842866897583,0,1,quest,matrix_aux_detector_raw,406,0.0,2.953456144081885e-26
question_D_hier90_linear10_two_phase_200k_seed44_12625511__checkpoint_300000,question_D_hier90_linear10_two_phase_200k_seed44_12625511,300000,0.8190842866897583,0,2,quest,matrix_aux_detector_raw,406,0.0,2.9237149209910164e-17
question_D_hier90_linear10_two_phase_200k_seed44_12625511__checkpoint_300000,question_D_hier90_linear10_two_phase_200k_seed44_12625511,300000,0.8190842866897583,0,3,quest,matrix_aux_detector_raw,406,0.0,6.707858147024962e-21
question_D_hier90_linear10_two_phase_200k_seed44_12625511__checkpoint_300000,question_D_hier90_linear10_two_phase_200k_seed44_12625511,300000,0.8190842866897583,0,4,quest,matrix_aux_detector_raw,406,0.0,2.1661104101158584e-19
question_D_hier90_linear10_two_phase_200k_seed44_12625511__checkpoint_300000,question_D_hier90_linear10_two_phase_200k_seed44_12625511,300000,0.8190842866897583,0,5,quest,matrix_aux_detector_raw,406,0.0,0.0
question_D_hier90_linear10_two_phase_200k_seed44_12625511__checkpoint_300000,question_D_hier90_linear10_two_phase_200k_seed44_12625511,300000,0.8190842866897583,0,6,quest,matrix_aux_detector_raw,406,0.0049261083743842365,0.004063389887631272
question_D_hier90_linear10_two_phase_200k_seed44_12625511__checkpoint_300000,question_D_hier90_linear10_two_phase_200k_seed44_12625511,300000,0.8190842866897583,0,7,quest,matrix_aux_detector_raw,406,0.0,8.69699909678511e-19
question_D_hier90_linear10_two_phase_200k_seed44_12625511__checkpoint_300000,question_D_hier90_linear10_two_phase_200k_seed44_12625511,300000,0.8190842866897583,1,0,quest,matrix_aux_detector_raw,406,0.019704433497536946,0.015919826004395315
question_D_hier90_linear10_two_phase_200k_seed44_12625511__checkpoint_300000,question_D_hier90_linear10_two_phase_200k_seed44_12625511,300000,0.8190842866897583,1,1,quest,matrix_aux_detector_raw,406,0.0,5.399244040924264e-14
question_D_hier90_linear10_two_phase_200k_seed44_12625511__checkpoint_300000,question_D_hier90_linear10_two_phase_200k_seed44_12625511,300000,0.8190842866897583,1,2,quest,matrix_aux_detector_raw,406,0.29064039408866993,0.2628371664001668
question_D_hier90_linear10_two_phase_200k_seed44_12625511__checkpoint_300000,question_D_hier90_linear10_two_phase_200k_seed44_12625511,300000,0.8190842866897583,1,3,quest,matrix_aux_detector_raw,406,0.0,1.8087623219955553e-05
question_D_hier90_linear10_two_phase_200k_seed44_12625511__checkpoint_300000,question_D_hier90_linear10_two_phase_200k_seed44_12625511,300000,0.8190842866897583,1,4,quest,matrix_aux_detector_raw,406,0.07635467980295567,0.04773608744916623
question_D_hier90_linear10_two_phase_200k_seed44_12625511__checkpoint_300000,question_D_hier90_linear10_two_phase_200k_seed44_12625511,300000,0.8190842866897583,1,5,quest,matrix_aux_detector_raw,406,0.029556650246305417,0.01761671473141616
question_D_hier90_linear10_two_phase_200k_seed44_12625511__checkpoint_300000,question_D_hier90_linear10_two_phase_200k_seed44_12625511,300000,0.8190842866897583,1,6,quest,matrix_aux_detector_raw,406,0.0024630541871921183,0.0006771319990053009
question_D_hier90_linear10_two_phase_200k_seed44_12625511__checkpoint_300000,question_D_hier90_linear10_two_phase_200k_seed44_12625511,300000,0.8190842866897583,1,7,quest,matrix_aux_detector_raw,406,0.0,8.066914735075102e-07
question_D_hier90_linear10_two_phase_200k_seed44_12625511__checkpoint_300000,question_D_hier90_linear10_two_phase_200k_seed44_12625511,300000,0.8190842866897583,2,0,quest,matrix_aux_detector_raw,406,0.7660098522167488,0.5592883698613007
question_D_hier90_linear10_two_phase_200k_seed44_12625511__checkpoint_300000,question_D_hier90_linear10_two_phase_200k_seed44_12625511,300000,0.8190842866897583,2,1,quest,matrix_aux_detector_raw,406,0.0,5.5029109817439516e-08
question_D_hier90_linear10_two_phase_200k_seed44_12625511__checkpoint_300000,question_D_hier90_linear10_two_phase_200k_seed44_12625511,300000,0.8190842866897583,2,2,quest,matrix_aux_detector_raw,406,0.0,6.346439387561636e-09
question_D_hier90_linear10_two_phase_200k_seed44_12625511__checkpoint_300000,question_D_hier90_linear10_two_phase_200k_seed44_12625511,300000,0.8190842866897583,2,3,quest,matrix_aux_detector_raw,406,0.9359605911330049,0.8845082458194129
question_D_hier90_linear10_two_phase_200k_seed44_12625511__checkpoint_300000,question_D_hier90_linear10_two_phase_200k_seed44_12625511,300000,0.8190842866897583,2,4,quest,matrix_aux_detector_raw,406,0.0,1.3929405371411295e-08
question_D_hier90_linear10_two_phase_200k_seed44_12625511__checkpoint_300000,question_D_hier90_linear10_two_phase_200k_seed44_12625511,300000,0.8190842866897583,2,5,quest,matrix_aux_detector_raw,406,0.6699507389162561,0.5530505175656306
question_D_hier90_linear10_two_phase_200k_seed44_12625511__checkpoint_300000,question_D_hier90_linear10_two_phase_200k_seed44_12625511,300000,0.8190842866897583,2,6,quest,matrix_aux_detector_raw,406,0.0,1.3385738392264385e-05
question_D_hier90_linear10_two_phase_200k_seed44_12625511__checkpoint_300000,question_D_hier90_linear10_two_phase_200k_seed44_12625511,300000,0.8190842866897583,2,7,quest,matrix_aux_detector_raw,406,0.009852216748768473,0.01709109660221288
question_D_hier90_linear10_two_phase_200k_seed44_12625511__checkpoint_300000,question_D_hier90_linear10_two_phase_200k_seed44_12625511,300000,0.8190842866897583,3,0,quest,matrix_aux_detector_raw,406,0.5123152709359606,0.4805828847320635
question_D_hier90_linear10_two_phase_200k_seed44_12625511__checkpoint_300000,question_D_hier90_linear10_two_phase_200k_seed44_12625511,300000,0.8190842866897583,3,1,quest,matrix_aux_detector_raw,406,0.0,0.0010506352457244268
question_D_hier90_linear10_two_phase_200k_seed44_12625511__checkpoint_300000,question_D_hier90_linear10_two_phase_200k_seed44_12625511,300000,0.8190842866897583,3,2,quest,matrix_aux_detector_raw,406,0.9655172413793104,0.9425423844657802
question_D_hier90_linear10_two_phase_200k_seed44_12625511__checkpoint_300000,question_D_hier90_linear10_two_phase_200k_seed44_12625511,300000,0.8190842866897583,3,3,quest,matrix_aux_detector_raw,406,1.0,1.0
question_D_hier90_linear10_two_phase_200k_seed44_12625511__checkpoint_300000,question_D_hier90_linear10_two_phase_200k_seed44_12625511,300000,0.8190842866897583,3,4,quest,matrix_aux_detector_raw,406,1.0,0.9998223758096179
question_D_hier90_linear10_two_phase_200k_seed44_12625511__checkpoint_300000,question_D_hier90_linear10_two_phase_200k_seed44_12625511,300000,0.8190842866897583,3,5,quest,matrix_aux_detector_raw,406,0.0,5.599459895025628e-13
question_D_hier90_linear10_two_phase_200k_seed44_12625511__checkpoint_300000,question_D_hier90_linear10_two_phase_200k_seed44_12625511,300000,0.8190842866897583,3,6,quest,matrix_aux_detector_raw,406,0.0,2.3142778218973572e-06
question_D_hier90_linear10_two_phase_200k_seed44_12625511__checkpoint_300000,question_D_hier90_linear10_two_phase_200k_seed44_12625511,300000,0.8190842866897583,3,7,quest,matrix_aux_detector_raw,406,0.9359605911330049,0.9084340354239596
question_D_hier90_linear10_two_phase_200k_seed44_12625511__checkpoint_300000,question_D_hier90_linear10_two_phase_200k_seed44_12625511,300000,0.8190842866897583,4,0,quest,matrix_aux_detector_raw,406,0.0,1.3033379648207809e-09
question_D_hier90_linear10_two_phase_200k_seed44_12625511__checkpoint_300000,question_D_hier90_linear10_two_phase_200k_seed44_12625511,300000,0.8190842866897583,4,1,quest,matrix_aux_detector_raw,406,1.0,0.9989057393203228
question_D_hier90_linear10_two_phase_200k_seed44_12625511__checkpoint_300000,question_D_hier90_linear10_two_phase_200k_seed44_12625511,300000,0.8190842866897583,4,2,quest,matrix_aux_detector_raw,406,0.0,5.319767744790878e-11
question_D_hier90_linear10_two_phase_200k_seed44_12625511__checkpoint_300000,question_D_hier90_linear10_two_phase_200k_seed44_12625511,300000,0.8190842866897583,4,3,quest,matrix_aux_detector_raw,406,0.0,2.6320995174554656e-05
question_D_hier90_linear10_two_phase_200k_seed44_12625511__checkpoint_300000,question_D_hier90_linear10_two_phase_200k_seed44_12625511,300000,0.8190842866897583,4,4,quest,matrix_aux_detector_raw,406,0.0,2.2578231869764783e-11
question_D_hier90_linear10_two_phase_200k_seed44_12625511__checkpoint_300000,question_D_hier90_linear10_two_phase_200k_seed44_12625511,300000,0.8190842866897583,4,5,quest,matrix_aux_detector_raw,406,0.0,9.224100433279912e-09
question_D_hier90_linear10_two_phase_200k_seed44_12625511__checkpoint_300000,question_D_hier90_linear10_two_phase_200k_seed44_12625511,300000,0.8190842866897583,4,6,quest,matrix_aux_detector_raw,406,0.0,1.4023264223610747e-11
question_D_hier90_linear10_two_phase_200k_seed44_12625511__checkpoint_300000,question_D_hier90_linear10_two_phase_200k_seed44_12625511,300000,0.8190842866897583,4,7,quest,matrix_aux_detector_raw,406,1.0,0.9997346656663078
question_D_hier90_linear10_two_phase_200k_seed44_12625511__checkpoint_300000,question_D_hier90_linear10_two_phase_200k_seed44_12625511,300000,0.8190842866897583,5,0,quest,matrix_aux_detector_raw,406,0.0,2.8392763930390906e-07
question_D_hier90_linear10_two_phase_200k_seed44_12625511__checkpoint_300000,question_D_hier90_linear10_two_phase_200k_seed44_12625511,300000,0.8190842866897583,5,1,quest,matrix_aux_detector_raw,406,0.0,0.0006675855973345504
question_D_hier90_linear10_two_phase_200k_seed44_12625511__checkpoint_300000,question_D_hier90_linear10_two_phase_200k_seed44_12625511,300000,0.8190842866897583,5,2,quest,matrix_aux_detector_raw,406,0.0,2.833594395470448e-06
question_D_hier90_linear10_two_phase_200k_seed44_12625511__checkpoint_300000,question_D_hier90_linear10_two_phase_200k_seed44_12625511,300000,0.8190842866897583,5,3,quest,matrix_aux_detector_raw,406,0.0,8.283122140390592e-09
question_D_hier90_linear10_two_phase_200k_seed44_12625511__checkpoint_300000,question_D_hier90_linear10_two_phase_200k_seed44_12625511,300000,0.8190842866897583,5,4,quest,matrix_aux_detector_raw,406,0.0,0.0007090075921415981
question_D_hier90_linear10_two_phase_200k_seed44_12625511__checkpoint_300000,question_D_hier90_linear10_two_phase_200k_seed44_12625511,300000,0.8190842866897583,5,5,quest,matrix_aux_detector_raw,406,0.0,1.865031349145361e-06
question_D_hier90_linear10_two_phase_200k_seed44_12625511__checkpoint_300000,question_D_hier90_linear10_two_phase_200k_seed44_12625511,300000,0.8190842866897583,5,6,quest,matrix_aux_detector_raw,406,0.0,8.112470853427431e-06
question_D_hier90_linear10_two_phase_200k_seed44_12625511__checkpoint_300000,question_D_hier90_linear10_two_phase_200k_seed44_12625511,300000,0.8190842866897583,5,7,quest,matrix_aux_detector_raw,406,0.0,5.586000434869016e-06
question_D_hier90_linear10_two_phase_200k_seed45_12625512__checkpoint_300000,question_D_hier90_linear10_two_phase_200k_seed45_12625512,300000,0.9999788999557495,0,0,quest,matrix_aux_detector_raw,406,0.0,4.0664119636449144e-16
question_D_hier90_linear10_two_phase_200k_seed45_12625512__checkpoint_300000,question_D_hier90_linear10_two_phase_200k_seed45_12625512,300000,0.9999788999557495,0,1,quest,matrix_aux_detector_raw,406,0.0,5.5695692917390156e-14
question_D_hier90_linear10_two_phase_200k_seed45_12625512__checkpoint_300000,question_D_hier90_linear10_two_phase_200k_seed45_12625512,300000,0.9999788999557495,0,2,quest,matrix_aux_detector_raw,406,0.0,3.755349542526292e-09
question_D_hier90_linear10_two_phase_200k_seed45_12625512__checkpoint_300000,question_D_hier90_linear10_two_phase_200k_seed45_12625512,300000,0.9999788999557495,0,3,quest,matrix_aux_detector_raw,406,0.0,2.485856889774527e-27
question_D_hier90_linear10_two_phase_200k_seed45_12625512__checkpoint_300000,question_D_hier90_linear10_two_phase_200k_seed45_12625512,300000,0.9999788999557495,0,4,quest,matrix_aux_detector_raw,406,0.0,4.4143773122644326e-15
question_D_hier90_linear10_two_phase_200k_seed45_12625512__checkpoint_300000,question_D_hier90_linear10_two_phase_200k_seed45_12625512,300000,0.9999788999557495,0,5,quest,matrix_aux_detector_raw,406,0.0,3.48857206992808e-25
question_D_hier90_linear10_two_phase_200k_seed45_12625512__checkpoint_300000,question_D_hier90_linear10_two_phase_200k_seed45_12625512,300000,0.9999788999557495,0,6,quest,matrix_aux_detector_raw,406,0.0,9.843103534708055e-19
question_D_hier90_linear10_two_phase_200k_seed45_12625512__checkpoint_300000,question_D_hier90_linear10_two_phase_200k_seed45_12625512,300000,0.9999788999557495,0,7,quest,matrix_aux_detector_raw,406,0.0,7.504915163877268e-19
question_D_hier90_linear10_two_phase_200k_seed45_12625512__checkpoint_300000,question_D_hier90_linear10_two_phase_200k_seed45_12625512,300000,0.9999788999557495,1,0,quest,matrix_aux_detector_raw,406,0.0,7.060811343227649e-07
question_D_hier90_linear10_two_phase_200k_seed45_12625512__checkpoint_300000,question_D_hier90_linear10_two_phase_200k_seed45_12625512,300000,0.9999788999557495,1,1,quest,matrix_aux_detector_raw,406,0.0,7.222400770414876e-12
question_D_hier90_linear10_two_phase_200k_seed45_12625512__checkpoint_300000,question_D_hier90_linear10_two_phase_200k_seed45_12625512,300000,0.9999788999557495,1,2,quest,matrix_aux_detector_raw,406,0.0024630541871921183,0.0033881582867613257
question_D_hier90_linear10_two_phase_200k_seed45_12625512__checkpoint_300000,question_D_hier90_linear10_two_phase_200k_seed45_12625512,300000,0.9999788999557495,1,3,quest,matrix_aux_detector_raw,406,0.0024630541871921183,0.0036884112061911487
question_D_hier90_linear10_two_phase_200k_seed45_12625512__checkpoint_300000,question_D_hier90_linear10_two_phase_200k_seed45_12625512,300000,0.9999788999557495,1,4,quest,matrix_aux_detector_raw,406,0.0,1.9590130975734555e-12
question_D_hier90_linear10_two_phase_200k_seed45_12625512__checkpoint_300000,question_D_hier90_linear10_two_phase_200k_seed45_12625512,300000,0.9999788999557495,1,5,quest,matrix_aux_detector_raw,406,0.0,1.012471641545211e-06
question_D_hier90_linear10_two_phase_200k_seed45_12625512__checkpoint_300000,question_D_hier90_linear10_two_phase_200k_seed45_12625512,300000,0.9999788999557495,1,6,quest,matrix_aux_detector_raw,406,0.05665024630541872,0.03716237640155367
question_D_hier90_linear10_two_phase_200k_seed45_12625512__checkpoint_300000,question_D_hier90_linear10_two_phase_200k_seed45_12625512,300000,0.9999788999557495,1,7,quest,matrix_aux_detector_raw,406,0.0,0.0006565923832315113
question_D_hier90_linear10_two_phase_200k_seed45_12625512__checkpoint_300000,question_D_hier90_linear10_two_phase_200k_seed45_12625512,300000,0.9999788999557495,2,0,quest,matrix_aux_detector_raw,406,0.0,7.170351834288299e-12
question_D_hier90_linear10_two_phase_200k_seed45_12625512__checkpoint_300000,question_D_hier90_linear10_two_phase_200k_seed45_12625512,300000,0.9999788999557495,2,1,quest,matrix_aux_detector_raw,406,1.0,0.9986068877974167
question_D_hier90_linear10_two_phase_200k_seed45_12625512__checkpoint_300000,question_D_hier90_linear10_two_phase_200k_seed45_12625512,300000,0.9999788999557495,2,2,quest,matrix_aux_detector_raw,406,0.0,3.3215046470900015e-11
question_D_hier90_linear10_two_phase_200k_seed45_12625512__checkpoint_300000,question_D_hier90_linear10_two_phase_200k_seed45_12625512,300000,0.9999788999557495,2,3,quest,matrix_aux_detector_raw,406,0.0,1.4151263398608893e-06
question_D_hier90_linear10_two_phase_200k_seed45_12625512__checkpoint_300000,question_D_hier90_linear10_two_phase_200k_seed45_12625512,300000,0.9999788999557495,2,4,quest,matrix_aux_detector_raw,406,0.1206896551724138,0.09699943866171622
question_D_hier90_linear10_two_phase_200k_seed45_12625512__checkpoint_300000,question_D_hier90_linear10_two_phase_200k_seed45_12625512,300000,0.9999788999557495,2,5,quest,matrix_aux_detector_raw,406,0.0,0.00017180391710682247
question_D_hier90_linear10_two_phase_200k_seed45_12625512__checkpoint_300000,question_D_hier90_linear10_two_phase_200k_seed45_12625512,300000,0.9999788999557495,2,6,quest,matrix_aux_detector_raw,406,0.0,2.8643588827937812e-09
question_D_hier90_linear10_two_phase_200k_seed45_12625512__checkpoint_300000,question_D_hier90_linear10_two_phase_200k_seed45_12625512,300000,0.9999788999557495,2,7,quest,matrix_aux_detector_raw,406,1.0,0.9999999844381962
question_D_hier90_linear10_two_phase_200k_seed45_12625512__checkpoint_300000,question_D_hier90_linear10_two_phase_200k_seed45_12625512,300000,0.9999788999557495,3,0,quest,matrix_aux_detector_raw,406,1.0,0.9999707413130793
question_D_hier90_linear10_two_phase_200k_seed45_12625512__checkpoint_300000,question_D_hier90_linear10_two_phase_200k_seed45_12625512,300000,0.9999788999557495,3,1,quest,matrix_aux_detector_raw,406,1.0,0.9999998352797748
question_D_hier90_linear10_two_phase_200k_seed45_12625512__checkpoint_300000,question_D_hier90_linear10_two_phase_200k_seed45_12625512,300000,0.9999788999557495,3,2,quest,matrix_aux_detector_raw,406,0.0,1.0077826124072609e-08
question_D_hier90_linear10_two_phase_200k_seed45_12625512__checkpoint_300000,question_D_hier90_linear10_two_phase_200k_seed45_12625512,300000,0.9999788999557495,3,3,quest,matrix_aux_detector_raw,406,0.9261083743842364,0.9049183537722568
question_D_hier90_linear10_two_phase_200k_seed45_12625512__checkpoint_300000,question_D_hier90_linear10_two_phase_200k_seed45_12625512,300000,0.9999788999557495,3,4,quest,matrix_aux_detector_raw,406,0.0,1.3074900516474915e-10
question_D_hier90_linear10_two_phase_200k_seed45_12625512__checkpoint_300000,question_D_hier90_linear10_two_phase_200k_seed45_12625512,300000,0.9999788999557495,3,5,quest,matrix_aux_detector_raw,406,0.0,3.811228763598966e-12
question_D_hier90_linear10_two_phase_200k_seed45_12625512__checkpoint_300000,question_D_hier90_linear10_two_phase_200k_seed45_12625512,300000,0.9999788999557495,3,6,quest,matrix_aux_detector_raw,406,0.9014778325123153,0.8246362079192971
question_D_hier90_linear10_two_phase_200k_seed45_12625512__checkpoint_300000,question_D_hier90_linear10_two_phase_200k_seed45_12625512,300000,0.9999788999557495,3,7,quest,matrix_aux_detector_raw,406,1.0,0.9999998117902597
question_D_hier90_linear10_two_phase_200k_seed45_12625512__checkpoint_300000,question_D_hier90_linear10_two_phase_200k_seed45_12625512,300000,0.9999788999557495,4,0,quest,matrix_aux_detector_raw,406,0.0,2.0727383832738574e-09
question_D_hier90_linear10_two_phase_200k_seed45_12625512__checkpoint_300000,question_D_hier90_linear10_two_phase_200k_seed45_12625512,300000,0.9999788999557495,4,1,quest,matrix_aux_detector_raw,406,1.0,0.9611045870140855
question_D_hier90_linear10_two_phase_200k_seed45_12625512__checkpoint_300000,question_D_hier90_linear10_two_phase_200k_seed45_12625512,300000,0.9999788999557495,4,2,quest,matrix_aux_detector_raw,406,0.0,5.024402291631191e-10
question_D_hier90_linear10_two_phase_200k_seed45_12625512__checkpoint_300000,question_D_hier90_linear10_two_phase_200k_seed45_12625512,300000,0.9999788999557495,4,3,quest,matrix_aux_detector_raw,406,0.0,1.1090351940830851e-10
question_D_hier90_linear10_two_phase_200k_seed45_12625512__checkpoint_300000,question_D_hier90_linear10_two_phase_200k_seed45_12625512,300000,0.9999788999557495,4,4,quest,matrix_aux_detector_raw,406,0.0,1.666669165823494e-11
question_D_hier90_linear10_two_phase_200k_seed45_12625512__checkpoint_300000,question_D_hier90_linear10_two_phase_200k_seed45_12625512,300000,0.9999788999557495,4,5,quest,matrix_aux_detector_raw,406,0.2684729064039409,0.20840747629811804
question_D_hier90_linear10_two_phase_200k_seed45_12625512__checkpoint_300000,question_D_hier90_linear10_two_phase_200k_seed45_12625512,300000,0.9999788999557495,4,6,quest,matrix_aux_detector_raw,406,0.0,2.547278029302282e-12
question_D_hier90_linear10_two_phase_200k_seed45_12625512__checkpoint_300000,question_D_hier90_linear10_two_phase_200k_seed45_12625512,300000,0.9999788999557495,4,7,quest,matrix_aux_detector_raw,406,0.9950738916256158,0.9810785964553432
question_D_hier90_linear10_two_phase_200k_seed45_12625512__checkpoint_300000,question_D_hier90_linear10_two_phase_200k_seed45_12625512,300000,0.9999788999557495,5,0,quest,matrix_aux_detector_raw,406,0.0,4.110221600972781e-07
question_D_hier90_linear10_two_phase_200k_seed45_12625512__checkpoint_300000,question_D_hier90_linear10_two_phase_200k_seed45_12625512,300000,0.9999788999557495,5,1,quest,matrix_aux_detector_raw,406,0.0,0.0012321318631651535
question_D_hier90_linear10_two_phase_200k_seed45_12625512__checkpoint_300000,question_D_hier90_linear10_two_phase_200k_seed45_12625512,300000,0.9999788999557495,5,2,quest,matrix_aux_detector_raw,406,0.0,1.397153683815328e-07
question_D_hier90_linear10_two_phase_200k_seed45_12625512__checkpoint_300000,question_D_hier90_linear10_two_phase_200k_seed45_12625512,300000,0.9999788999557495,5,3,quest,matrix_aux_detector_raw,406,0.0,0.00019489156645917412
question_D_hier90_linear10_two_phase_200k_seed45_12625512__checkpoint_300000,question_D_hier90_linear10_two_phase_200k_seed45_12625512,300000,0.9999788999557495,5,4,quest,matrix_aux_detector_raw,406,0.0,8.822131430125687e-06
question_D_hier90_linear10_two_phase_200k_seed45_12625512__checkpoint_300000,question_D_hier90_linear10_two_phase_200k_seed45_12625512,300000,0.9999788999557495,5,5,quest,matrix_aux_detector_raw,406,0.04187192118226601,0.024949509695449554
question_D_hier90_linear10_two_phase_200k_seed45_12625512__checkpoint_300000,question_D_hier90_linear10_two_phase_200k_seed45_12625512,300000,0.9999788999557495,5,6,quest,matrix_aux_detector_raw,406,0.0,0.0002138792984181368
question_D_hier90_linear10_two_phase_200k_seed45_12625512__checkpoint_300000,question_D_hier90_linear10_two_phase_200k_seed45_12625512,300000,0.9999788999557495,5,7,quest,matrix_aux_detector_raw,406,0.0,0.0013733242507760204
question_D_hier90_linear10_two_phase_200k_seed46_12625513__checkpoint_300000,question_D_hier90_linear10_two_phase_200k_seed46_12625513,300000,0.706609308719635,0,0,quest,matrix_aux_detector_raw,406,0.0,0.000579998512361159
question_D_hier90_linear10_two_phase_200k_seed46_12625513__checkpoint_300000,question_D_hier90_linear10_two_phase_200k_seed46_12625513,300000,0.706609308719635,0,1,quest,matrix_aux_detector_raw,406,0.43842364532019706,0.4376958935028066
question_D_hier90_linear10_two_phase_200k_seed46_12625513__checkpoint_300000,question_D_hier90_linear10_two_phase_200k_seed46_12625513,300000,0.706609308719635,0,2,quest,matrix_aux_detector_raw,406,0.0,4.303002409663296e-05
question_D_hier90_linear10_two_phase_200k_seed46_12625513__checkpoint_300000,question_D_hier90_linear10_two_phase_200k_seed46_12625513,300000,0.706609308719635,0,3,quest,matrix_aux_detector_raw,406,0.43842364532019706,0.43280063296202254
question_D_hier90_linear10_two_phase_200k_seed46_12625513__checkpoint_300000,question_D_hier90_linear10_two_phase_200k_seed46_12625513,300000,0.706609308719635,0,4,quest,matrix_aux_detector_raw,406,0.0,5.134934690329687e-28
question_D_hier90_linear10_two_phase_200k_seed46_12625513__checkpoint_300000,question_D_hier90_linear10_two_phase_200k_seed46_12625513,300000,0.706609308719635,0,5,quest,matrix_aux_detector_raw,406,0.0,1.6561417815181813e-09
question_D_hier90_linear10_two_phase_200k_seed46_12625513__checkpoint_300000,question_D_hier90_linear10_two_phase_200k_seed46_12625513,300000,0.706609308719635,0,6,quest,matrix_aux_detector_raw,406,0.0,0.0
question_D_hier90_linear10_two_phase_200k_seed46_12625513__checkpoint_300000,question_D_hier90_linear10_two_phase_200k_seed46_12625513,300000,0.706609308719635,0,7,quest,matrix_aux_detector_raw,406,0.0,1.6448559884509557e-18
question_D_hier90_linear10_two_phase_200k_seed46_12625513__checkpoint_300000,question_D_hier90_linear10_two_phase_200k_seed46_12625513,300000,0.706609308719635,1,0,quest,matrix_aux_detector_raw,406,0.0,0.002041943237988036
question_D_hier90_linear10_two_phase_200k_seed46_12625513__checkpoint_300000,question_D_hier90_linear10_two_phase_200k_seed46_12625513,300000,0.706609308719635,1,1,quest,matrix_aux_detector_raw,406,0.0,5.1488476175027074e-05
question_D_hier90_linear10_two_phase_200k_seed46_12625513__checkpoint_300000,question_D_hier90_linear10_two_phase_200k_seed46_12625513,300000,0.706609308719635,1,2,quest,matrix_aux_detector_raw,406,0.1206896551724138,0.09502379315747787
question_D_hier90_linear10_two_phase_200k_seed46_12625513__checkpoint_300000,question_D_hier90_linear10_two_phase_200k_seed46_12625513,300000,0.706609308719635,1,3,quest,matrix_aux_detector_raw,406,0.0,5.716036728317042e-10
question_D_hier90_linear10_two_phase_200k_seed46_12625513__checkpoint_300000,question_D_hier90_linear10_two_phase_200k_seed46_12625513,300000,0.706609308719635,1,4,quest,matrix_aux_detector_raw,406,0.0,1.5452343216077029e-06
question_D_hier90_linear10_two_phase_200k_seed46_12625513__checkpoint_300000,question_D_hier90_linear10_two_phase_200k_seed46_12625513,300000,0.706609308719635,1,5,quest,matrix_aux_detector_raw,406,0.0,2.9178276774870176e-12
question_D_hier90_linear10_two_phase_200k_seed46_12625513__checkpoint_300000,question_D_hier90_linear10_two_phase_200k_seed46_12625513,300000,0.706609308719635,1,6,quest,matrix_aux_detector_raw,406,0.0,3.451205806603224e-14
question_D_hier90_linear10_two_phase_200k_seed46_12625513__checkpoint_300000,question_D_hier90_linear10_two_phase_200k_seed46_12625513,300000,0.706609308719635,1,7,quest,matrix_aux_detector_raw,406,0.017241379310344827,0.010067022128161253
question_D_hier90_linear10_two_phase_200k_seed46_12625513__checkpoint_300000,question_D_hier90_linear10_two_phase_200k_seed46_12625513,300000,0.706609308719635,2,0,quest,matrix_aux_detector_raw,406,0.0,4.2284621332214427e-13
question_D_hier90_linear10_two_phase_200k_seed46_12625513__checkpoint_300000,question_D_hier90_linear10_two_phase_200k_seed46_12625513,300000,0.706609308719635,2,1,quest,matrix_aux_detector_raw,406,0.0,0.00019462303989508146
question_D_hier90_linear10_two_phase_200k_seed46_12625513__checkpoint_300000,question_D_hier90_linear10_two_phase_200k_seed46_12625513,300000,0.706609308719635,2,2,quest,matrix_aux_detector_raw,406,0.0,1.8871121165008307e-10
question_D_hier90_linear10_two_phase_200k_seed46_12625513__checkpoint_300000,question_D_hier90_linear10_two_phase_200k_seed46_12625513,300000,0.706609308719635,2,3,quest,matrix_aux_detector_raw,406,0.8029556650246306,0.6754220385745849
question_D_hier90_linear10_two_phase_200k_seed46_12625513__checkpoint_300000,question_D_hier90_linear10_two_phase_200k_seed46_12625513,300000,0.706609308719635,2,4,quest,matrix_aux_detector_raw,406,0.0,2.186900707594659e-07
question_D_hier90_linear10_two_phase_200k_seed46_12625513__checkpoint_300000,question_D_hier90_linear10_two_phase_200k_seed46_12625513,300000,0.706609308719635,2,5,quest,matrix_aux_detector_raw,406,0.0,1.2139873000040348e-18
question_D_hier90_linear10_two_phase_200k_seed46_12625513__checkpoint_300000,question_D_hier90_linear10_two_phase_200k_seed46_12625513,300000,0.706609308719635,2,6,quest,matrix_aux_detector_raw,406,0.0,4.0409636520870177e-10
question_D_hier90_linear10_two_phase_200k_seed46_12625513__checkpoint_300000,question_D_hier90_linear10_two_phase_200k_seed46_12625513,300000,0.706609308719635,2,7,quest,matrix_aux_detector_raw,406,0.583743842364532,0.5290753455907834
question_D_hier90_linear10_two_phase_200k_seed46_12625513__checkpoint_300000,question_D_hier90_linear10_two_phase_200k_seed46_12625513,300000,0.706609308719635,3,0,quest,matrix_aux_detector_raw,406,0.0,2.4684420946601568e-14
question_D_hier90_linear10_two_phase_200k_seed46_12625513__checkpoint_300000,question_D_hier90_linear10_two_phase_200k_seed46_12625513,300000,0.706609308719635,3,1,quest,matrix_aux_detector_raw,406,0.0,1.180762771840887e-17
question_D_hier90_linear10_two_phase_200k_seed46_12625513__checkpoint_300000,question_D_hier90_linear10_two_phase_200k_seed46_12625513,300000,0.706609308719635,3,2,quest,matrix_aux_detector_raw,406,0.6231527093596059,0.5854660568994506
question_D_hier90_linear10_two_phase_200k_seed46_12625513__checkpoint_300000,question_D_hier90_linear10_two_phase_200k_seed46_12625513,300000,0.706609308719635,3,3,quest,matrix_aux_detector_raw,406,0.0,1.3260026140310074e-12
question_D_hier90_linear10_two_phase_200k_seed46_12625513__checkpoint_300000,question_D_hier90_linear10_two_phase_200k_seed46_12625513,300000,0.706609308719635,3,4,quest,matrix_aux_detector_raw,406,0.0,8.294520860561825e-21
question_D_hier90_linear10_two_phase_200k_seed46_12625513__checkpoint_300000,question_D_hier90_linear10_two_phase_200k_seed46_12625513,300000,0.706609308719635,3,5,quest,matrix_aux_detector_raw,406,1.0,0.9999998837268999
question_D_hier90_linear10_two_phase_200k_seed46_12625513__checkpoint_300000,question_D_hier90_linear10_two_phase_200k_seed46_12625513,300000,0.706609308719635,3,6,quest,matrix_aux_detector_raw,406,1.0,0.9999970833362617
question_D_hier90_linear10_two_phase_200k_seed46_12625513__checkpoint_300000,question_D_hier90_linear10_two_phase_200k_seed46_12625513,300000,0.706609308719635,3,7,quest,matrix_aux_detector_raw,406,1.0,0.9983663887813173
question_D_hier90_linear10_two_phase_200k_seed46_12625513__checkpoint_300000,question_D_hier90_linear10_two_phase_200k_seed46_12625513,300000,0.706609308719635,4,0,quest,matrix_aux_detector_raw,406,1.0,0.9936658660032479
question_D_hier90_linear10_two_phase_200k_seed46_12625513__checkpoint_300000,question_D_hier90_linear10_two_phase_200k_seed46_12625513,300000,0.706609308719635,4,1,quest,matrix_aux_detector_raw,406,0.0,1.87615901775757e-09
question_D_hier90_linear10_two_phase_200k_seed46_12625513__checkpoint_300000,question_D_hier90_linear10_two_phase_200k_seed46_12625513,300000,0.706609308719635,4,2,quest,matrix_aux_detector_raw,406,0.0,7.294634577645648e-10
question_D_hier90_linear10_two_phase_200k_seed46_12625513__checkpoint_300000,question_D_hier90_linear10_two_phase_200k_seed46_12625513,300000,0.706609308719635,4,3,quest,matrix_aux_detector_raw,406,0.0,1.320935581811195e-10
question_D_hier90_linear10_two_phase_200k_seed46_12625513__checkpoint_300000,question_D_hier90_linear10_two_phase_200k_seed46_12625513,300000,0.706609308719635,4,4,quest,matrix_aux_detector_raw,406,0.0,1.5403273844791411e-09
question_D_hier90_linear10_two_phase_200k_seed46_12625513__checkpoint_300000,question_D_hier90_linear10_two_phase_200k_seed46_12625513,300000,0.706609308719635,4,5,quest,matrix_aux_detector_raw,406,0.08620689655172414,0.050463690092572934
question_D_hier90_linear10_two_phase_200k_seed46_12625513__checkpoint_300000,question_D_hier90_linear10_two_phase_200k_seed46_12625513,300000,0.706609308719635,4,6,quest,matrix_aux_detector_raw,406,1.0,0.9999954816449452
question_D_hier90_linear10_two_phase_200k_seed46_12625513__checkpoint_300000,question_D_hier90_linear10_two_phase_200k_seed46_12625513,300000,0.706609308719635,4,7,quest,matrix_aux_detector_raw,406,0.0,6.264205866905721e-11
question_D_hier90_linear10_two_phase_200k_seed46_12625513__checkpoint_300000,question_D_hier90_linear10_two_phase_200k_seed46_12625513,300000,0.706609308719635,5,0,quest,matrix_aux_detector_raw,406,0.0,7.187816945113359e-10
question_D_hier90_linear10_two_phase_200k_seed46_12625513__checkpoint_300000,question_D_hier90_linear10_two_phase_200k_seed46_12625513,300000,0.706609308719635,5,1,quest,matrix_aux_detector_raw,406,0.0,1.9098152255152827e-06
question_D_hier90_linear10_two_phase_200k_seed46_12625513__checkpoint_300000,question_D_hier90_linear10_two_phase_200k_seed46_12625513,300000,0.706609308719635,5,2,quest,matrix_aux_detector_raw,406,0.0,5.296039576794292e-06
question_D_hier90_linear10_two_phase_200k_seed46_12625513__checkpoint_300000,question_D_hier90_linear10_two_phase_200k_seed46_12625513,300000,0.706609308719635,5,3,quest,matrix_aux_detector_raw,406,0.0,0.0002524090260170825
question_D_hier90_linear10_two_phase_200k_seed46_12625513__checkpoint_300000,question_D_hier90_linear10_two_phase_200k_seed46_12625513,300000,0.706609308719635,5,4,quest,matrix_aux_detector_raw,406,0.0,0.00034305096132544754
question_D_hier90_linear10_two_phase_200k_seed46_12625513__checkpoint_300000,question_D_hier90_linear10_two_phase_200k_seed46_12625513,300000,0.706609308719635,5,5,quest,matrix_aux_detector_raw,406,0.0,8.179612617814524e-05
question_D_hier90_linear10_two_phase_200k_seed46_12625513__checkpoint_300000,question_D_hier90_linear10_two_phase_200k_seed46_12625513,300000,0.706609308719635,5,6,quest,matrix_aux_detector_raw,406,0.0,2.41286346394528e-09
question_D_hier90_linear10_two_phase_200k_seed46_12625513__checkpoint_300000,question_D_hier90_linear10_two_phase_200k_seed46_12625513,300000,0.706609308719635,5,7,quest,matrix_aux_detector_raw,406,0.0,9.454057889934269e-07
question_D_hier90_linear10_two_phase_200k_seed47_12625804__checkpoint_300000,question_D_hier90_linear10_two_phase_200k_seed47_12625804,300000,0.8829160332679749,0,0,quest,matrix_aux_detector_raw,406,0.0,1.4423553581828673e-15
question_D_hier90_linear10_two_phase_200k_seed47_12625804__checkpoint_300000,question_D_hier90_linear10_two_phase_200k_seed47_12625804,300000,0.8829160332679749,0,1,quest,matrix_aux_detector_raw,406,0.0,4.575723244623385e-40
question_D_hier90_linear10_two_phase_200k_seed47_12625804__checkpoint_300000,question_D_hier90_linear10_two_phase_200k_seed47_12625804,300000,0.8829160332679749,0,2,quest,matrix_aux_detector_raw,406,0.0,1.7766112465228582e-12
question_D_hier90_linear10_two_phase_200k_seed47_12625804__checkpoint_300000,question_D_hier90_linear10_two_phase_200k_seed47_12625804,300000,0.8829160332679749,0,3,quest,matrix_aux_detector_raw,406,0.0,6.019039862554288e-28
question_D_hier90_linear10_two_phase_200k_seed47_12625804__checkpoint_300000,question_D_hier90_linear10_two_phase_200k_seed47_12625804,300000,0.8829160332679749,0,4,quest,matrix_aux_detector_raw,406,0.47044334975369456,0.43497716202879344
question_D_hier90_linear10_two_phase_200k_seed47_12625804__checkpoint_300000,question_D_hier90_linear10_two_phase_200k_seed47_12625804,300000,0.8829160332679749,0,5,quest,matrix_aux_detector_raw,406,0.0,5.5703038187164495e-30
question_D_hier90_linear10_two_phase_200k_seed47_12625804__checkpoint_300000,question_D_hier90_linear10_two_phase_200k_seed47_12625804,300000,0.8829160332679749,0,6,quest,matrix_aux_detector_raw,406,0.0,7.143397303469279e-23
question_D_hier90_linear10_two_phase_200k_seed47_12625804__checkpoint_300000,question_D_hier90_linear10_two_phase_200k_seed47_12625804,300000,0.8829160332679749,0,7,quest,matrix_aux_detector_raw,406,0.0,1.9636259289249726e-14
question_D_hier90_linear10_two_phase_200k_seed47_12625804__checkpoint_300000,question_D_hier90_linear10_two_phase_200k_seed47_12625804,300000,0.8829160332679749,1,0,quest,matrix_aux_detector_raw,406,0.0024630541871921183,0.0022603987029513484
question_D_hier90_linear10_two_phase_200k_seed47_12625804__checkpoint_300000,question_D_hier90_linear10_two_phase_200k_seed47_12625804,300000,0.8829160332679749,1,1,quest,matrix_aux_detector_raw,406,0.9729064039408867,0.9120233907786386
question_D_hier90_linear10_two_phase_200k_seed47_12625804__checkpoint_300000,question_D_hier90_linear10_two_phase_200k_seed47_12625804,300000,0.8829160332679749,1,2,quest,matrix_aux_detector_raw,406,0.0,0.00020508679015060927
question_D_hier90_linear10_two_phase_200k_seed47_12625804__checkpoint_300000,question_D_hier90_linear10_two_phase_200k_seed47_12625804,300000,0.8829160332679749,1,3,quest,matrix_aux_detector_raw,406,0.009852216748768473,0.011164768293514067
question_D_hier90_linear10_two_phase_200k_seed47_12625804__checkpoint_300000,question_D_hier90_linear10_two_phase_200k_seed47_12625804,300000,0.8829160332679749,1,4,quest,matrix_aux_detector_raw,406,0.0,8.036007115313635e-07
question_D_hier90_linear10_two_phase_200k_seed47_12625804__checkpoint_300000,question_D_hier90_linear10_two_phase_200k_seed47_12625804,300000,0.8829160332679749,1,5,quest,matrix_aux_detector_raw,406,0.0024630541871921183,0.001592356585721022
question_D_hier90_linear10_two_phase_200k_seed47_12625804__checkpoint_300000,question_D_hier90_linear10_two_phase_200k_seed47_12625804,300000,0.8829160332679749,1,6,quest,matrix_aux_detector_raw,406,0.7955665024630542,0.742745728260501
question_D_hier90_linear10_two_phase_200k_seed47_12625804__checkpoint_300000,question_D_hier90_linear10_two_phase_200k_seed47_12625804,300000,0.8829160332679749,1,7,quest,matrix_aux_detector_raw,406,0.0,9.23492400730205e-08
question_D_hier90_linear10_two_phase_200k_seed47_12625804__checkpoint_300000,question_D_hier90_linear10_two_phase_200k_seed47_12625804,300000,0.8829160332679749,2,0,quest,matrix_aux_detector_raw,406,0.0,2.1446457880713636e-11
question_D_hier90_linear10_two_phase_200k_seed47_12625804__checkpoint_300000,question_D_hier90_linear10_two_phase_200k_seed47_12625804,300000,0.8829160332679749,2,1,quest,matrix_aux_detector_raw,406,0.8817733990147784,0.8519416725437335
question_D_hier90_linear10_two_phase_200k_seed47_12625804__checkpoint_300000,question_D_hier90_linear10_two_phase_200k_seed47_12625804,300000,0.8829160332679749,2,2,quest,matrix_aux_detector_raw,406,0.9876847290640394,0.9694710075235903
question_D_hier90_linear10_two_phase_200k_seed47_12625804__checkpoint_300000,question_D_hier90_linear10_two_phase_200k_seed47_12625804,300000,0.8829160332679749,2,3,quest,matrix_aux_detector_raw,406,0.7561576354679803,0.7271173166356201
question_D_hier90_linear10_two_phase_200k_seed47_12625804__checkpoint_300000,question_D_hier90_linear10_two_phase_200k_seed47_12625804,300000,0.8829160332679749,2,4,quest,matrix_aux_detector_raw,406,0.0,4.80214796066789e-08
question_D_hier90_linear10_two_phase_200k_seed47_12625804__checkpoint_300000,question_D_hier90_linear10_two_phase_200k_seed47_12625804,300000,0.8829160332679749,2,5,quest,matrix_aux_detector_raw,406,0.21921182266009853,0.15191588061762348
question_D_hier90_linear10_two_phase_200k_seed47_12625804__checkpoint_300000,question_D_hier90_linear10_two_phase_200k_seed47_12625804,300000,0.8829160332679749,2,6,quest,matrix_aux_detector_raw,406,0.014778325123152709,0.008576228013148432
question_D_hier90_linear10_two_phase_200k_seed47_12625804__checkpoint_300000,question_D_hier90_linear10_two_phase_200k_seed47_12625804,300000,0.8829160332679749,2,7,quest,matrix_aux_detector_raw,406,0.0,3.181016130942538e-05
question_D_hier90_linear10_two_phase_200k_seed47_12625804__checkpoint_300000,question_D_hier90_linear10_two_phase_200k_seed47_12625804,300000,0.8829160332679749,3,0,quest,matrix_aux_detector_raw,406,0.0,4.038023128933474e-08
question_D_hier90_linear10_two_phase_200k_seed47_12625804__checkpoint_300000,question_D_hier90_linear10_two_phase_200k_seed47_12625804,300000,0.8829160332679749,3,1,quest,matrix_aux_detector_raw,406,1.0,0.9999999533145886
question_D_hier90_linear10_two_phase_200k_seed47_12625804__checkpoint_300000,question_D_hier90_linear10_two_phase_200k_seed47_12625804,300000,0.8829160332679749,3,2,quest,matrix_aux_detector_raw,406,1.0,0.9991715568039805
question_D_hier90_linear10_two_phase_200k_seed47_12625804__checkpoint_300000,question_D_hier90_linear10_two_phase_200k_seed47_12625804,300000,0.8829160332679749,3,3,quest,matrix_aux_detector_raw,406,0.0,6.69502929401409e-08
question_D_hier90_linear10_two_phase_200k_seed47_12625804__checkpoint_300000,question_D_hier90_linear10_two_phase_200k_seed47_12625804,300000,0.8829160332679749,3,4,quest,matrix_aux_detector_raw,406,0.0,7.663259223134787e-07
question_D_hier90_linear10_two_phase_200k_seed47_12625804__checkpoint_300000,question_D_hier90_linear10_two_phase_200k_seed47_12625804,300000,0.8829160332679749,3,5,quest,matrix_aux_detector_raw,406,0.9458128078817734,0.9109364907782561
question_D_hier90_linear10_two_phase_200k_seed47_12625804__checkpoint_300000,question_D_hier90_linear10_two_phase_200k_seed47_12625804,300000,0.8829160332679749,3,6,quest,matrix_aux_detector_raw,406,0.0,2.483491069432124e-13
question_D_hier90_linear10_two_phase_200k_seed47_12625804__checkpoint_300000,question_D_hier90_linear10_two_phase_200k_seed47_12625804,300000,0.8829160332679749,3,7,quest,matrix_aux_detector_raw,406,0.0,0.013106200132385937
question_D_hier90_linear10_two_phase_200k_seed47_12625804__checkpoint_300000,question_D_hier90_linear10_two_phase_200k_seed47_12625804,300000,0.8829160332679749,4,0,quest,matrix_aux_detector_raw,406,0.0,9.457817919010477e-10
question_D_hier90_linear10_two_phase_200k_seed47_12625804__checkpoint_300000,question_D_hier90_linear10_two_phase_200k_seed47_12625804,300000,0.8829160332679749,4,1,quest,matrix_aux_detector_raw,406,0.0,7.126903366558567e-09
question_D_hier90_linear10_two_phase_200k_seed47_12625804__checkpoint_300000,question_D_hier90_linear10_two_phase_200k_seed47_12625804,300000,0.8829160332679749,4,2,quest,matrix_aux_detector_raw,406,1.0,0.9999995766014889
question_D_hier90_linear10_two_phase_200k_seed47_12625804__checkpoint_300000,question_D_hier90_linear10_two_phase_200k_seed47_12625804,300000,0.8829160332679749,4,3,quest,matrix_aux_detector_raw,406,1.0,0.9999998123774975
question_D_hier90_linear10_two_phase_200k_seed47_12625804__checkpoint_300000,question_D_hier90_linear10_two_phase_200k_seed47_12625804,300000,0.8829160332679749,4,4,quest,matrix_aux_detector_raw,406,1.0,0.9999996106612858
question_D_hier90_linear10_two_phase_200k_seed47_12625804__checkpoint_300000,question_D_hier90_linear10_two_phase_200k_seed47_12625804,300000,0.8829160332679749,4,5,quest,matrix_aux_detector_raw,406,1.0,0.9968192929704788
question_D_hier90_linear10_two_phase_200k_seed47_12625804__checkpoint_300000,question_D_hier90_linear10_two_phase_200k_seed47_12625804,300000,0.8829160332679749,4,6,quest,matrix_aux_detector_raw,406,0.0,3.1333867782925715e-10
question_D_hier90_linear10_two_phase_200k_seed47_12625804__checkpoint_300000,question_D_hier90_linear10_two_phase_200k_seed47_12625804,300000,0.8829160332679749,4,7,quest,matrix_aux_detector_raw,406,0.0,5.579195795188727e-10
question_D_hier90_linear10_two_phase_200k_seed47_12625804__checkpoint_300000,question_D_hier90_linear10_two_phase_200k_seed47_12625804,300000,0.8829160332679749,5,0,quest,matrix_aux_detector_raw,406,0.0,1.1770737651841923e-06
question_D_hier90_linear10_two_phase_200k_seed47_12625804__checkpoint_300000,question_D_hier90_linear10_two_phase_200k_seed47_12625804,300000,0.8829160332679749,5,1,quest,matrix_aux_detector_raw,406,0.0,1.1017284075807075e-09
question_D_hier90_linear10_two_phase_200k_seed47_12625804__checkpoint_300000,question_D_hier90_linear10_two_phase_200k_seed47_12625804,300000,0.8829160332679749,5,2,quest,matrix_aux_detector_raw,406,0.012315270935960592,0.011397936404164555
question_D_hier90_linear10_two_phase_200k_seed47_12625804__checkpoint_300000,question_D_hier90_linear10_two_phase_200k_seed47_12625804,300000,0.8829160332679749,5,3,quest,matrix_aux_detector_raw,406,0.0,4.193684609719773e-08
question_D_hier90_linear10_two_phase_200k_seed47_12625804__checkpoint_300000,question_D_hier90_linear10_two_phase_200k_seed47_12625804,300000,0.8829160332679749,5,4,quest,matrix_aux_detector_raw,406,0.0,1.5914705953171156e-09
question_D_hier90_linear10_two_phase_200k_seed47_12625804__checkpoint_300000,question_D_hier90_linear10_two_phase_200k_seed47_12625804,300000,0.8829160332679749,5,5,quest,matrix_aux_detector_raw,406,0.0,1.0037376382147044e-06
question_D_hier90_linear10_two_phase_200k_seed47_12625804__checkpoint_300000,question_D_hier90_linear10_two_phase_200k_seed47_12625804,300000,0.8829160332679749,5,6,quest,matrix_aux_detector_raw,406,0.0,1.8956209040228308e-11
question_D_hier90_linear10_two_phase_200k_seed47_12625804__checkpoint_300000,question_D_hier90_linear10_two_phase_200k_seed47_12625804,300000,0.8829160332679749,5,7,quest,matrix_aux_detector_raw,406,0.0,4.298894318261231e-06
question_D_hier90_linear10_two_phase_200k_seed48_12625805__checkpoint_300000,question_D_hier90_linear10_two_phase_200k_seed48_12625805,300000,0.09258780628442764,0,0,quest,matrix_aux_detector_raw,406,0.7635467980295566,0.7661650175187554
question_D_hier90_linear10_two_phase_200k_seed48_12625805__checkpoint_300000,question_D_hier90_linear10_two_phase_200k_seed48_12625805,300000,0.09258780628442764,0,1,quest,matrix_aux_detector_raw,406,0.0,4.508758310131684e-28
question_D_hier90_linear10_two_phase_200k_seed48_12625805__checkpoint_300000,question_D_hier90_linear10_two_phase_200k_seed48_12625805,300000,0.09258780628442764,0,2,quest,matrix_aux_detector_raw,406,0.0,3.0695237223702596e-08
question_D_hier90_linear10_two_phase_200k_seed48_12625805__checkpoint_300000,question_D_hier90_linear10_two_phase_200k_seed48_12625805,300000,0.09258780628442764,0,3,quest,matrix_aux_detector_raw,406,0.029556650246305417,0.018933000610003477
question_D_hier90_linear10_two_phase_200k_seed48_12625805__checkpoint_300000,question_D_hier90_linear10_two_phase_200k_seed48_12625805,300000,0.09258780628442764,0,4,quest,matrix_aux_detector_raw,406,0.0,6.691974473688728e-14
question_D_hier90_linear10_two_phase_200k_seed48_12625805__checkpoint_300000,question_D_hier90_linear10_two_phase_200k_seed48_12625805,300000,0.09258780628442764,0,5,quest,matrix_aux_detector_raw,406,0.0,3.240168233636237e-18
question_D_hier90_linear10_two_phase_200k_seed48_12625805__checkpoint_300000,question_D_hier90_linear10_two_phase_200k_seed48_12625805,300000,0.09258780628442764,0,6,quest,matrix_aux_detector_raw,406,0.0,0.0
question_D_hier90_linear10_two_phase_200k_seed48_12625805__checkpoint_300000,question_D_hier90_linear10_two_phase_200k_seed48_12625805,300000,0.09258780628442764,0,7,quest,matrix_aux_detector_raw,406,0.0,2.686998207210249e-29
question_D_hier90_linear10_two_phase_200k_seed48_12625805__checkpoint_300000,question_D_hier90_linear10_two_phase_200k_seed48_12625805,300000,0.09258780628442764,1,0,quest,matrix_aux_detector_raw,406,0.0024630541871921183,0.0029645522655252794
question_D_hier90_linear10_two_phase_200k_seed48_12625805__checkpoint_300000,question_D_hier90_linear10_two_phase_200k_seed48_12625805,300000,0.09258780628442764,1,1,quest,matrix_aux_detector_raw,406,0.0,2.2975758345553545e-08
question_D_hier90_linear10_two_phase_200k_seed48_12625805__checkpoint_300000,question_D_hier90_linear10_two_phase_200k_seed48_12625805,300000,0.09258780628442764,1,2,quest,matrix_aux_detector_raw,406,0.014778325123152709,0.01022329277606749
question_D_hier90_linear10_two_phase_200k_seed48_12625805__checkpoint_300000,question_D_hier90_linear10_two_phase_200k_seed48_12625805,300000,0.09258780628442764,1,3,quest,matrix_aux_detector_raw,406,0.0,1.680939890127118e-10
question_D_hier90_linear10_two_phase_200k_seed48_12625805__checkpoint_300000,question_D_hier90_linear10_two_phase_200k_seed48_12625805,300000,0.09258780628442764,1,4,quest,matrix_aux_detector_raw,406,0.03694581280788178,0.02245185245789121
question_D_hier90_linear10_two_phase_200k_seed48_12625805__checkpoint_300000,question_D_hier90_linear10_two_phase_200k_seed48_12625805,300000,0.09258780628442764,1,5,quest,matrix_aux_detector_raw,406,0.0,4.775598577295498e-06
question_D_hier90_linear10_two_phase_200k_seed48_12625805__checkpoint_300000,question_D_hier90_linear10_two_phase_200k_seed48_12625805,300000,0.09258780628442764,1,6,quest,matrix_aux_detector_raw,406,0.0,2.4492902008322722e-14
question_D_hier90_linear10_two_phase_200k_seed48_12625805__checkpoint_300000,question_D_hier90_linear10_two_phase_200k_seed48_12625805,300000,0.09258780628442764,1,7,quest,matrix_aux_detector_raw,406,0.0,0.00044442618572571615
question_D_hier90_linear10_two_phase_200k_seed48_12625805__checkpoint_300000,question_D_hier90_linear10_two_phase_200k_seed48_12625805,300000,0.09258780628442764,2,0,quest,matrix_aux_detector_raw,406,0.687192118226601,0.629481377017619
question_D_hier90_linear10_two_phase_200k_seed48_12625805__checkpoint_300000,question_D_hier90_linear10_two_phase_200k_seed48_12625805,300000,0.09258780628442764,2,1,quest,matrix_aux_detector_raw,406,0.0,4.89911411183923e-13
question_D_hier90_linear10_two_phase_200k_seed48_12625805__checkpoint_300000,question_D_hier90_linear10_two_phase_200k_seed48_12625805,300000,0.09258780628442764,2,2,quest,matrix_aux_detector_raw,406,0.0,0.00022874822182215507
question_D_hier90_linear10_two_phase_200k_seed48_12625805__checkpoint_300000,question_D_hier90_linear10_two_phase_200k_seed48_12625805,300000,0.09258780628442764,2,3,quest,matrix_aux_detector_raw,406,0.0,8.710799320316057e-09
question_D_hier90_linear10_two_phase_200k_seed48_12625805__checkpoint_300000,question_D_hier90_linear10_two_phase_200k_seed48_12625805,300000,0.09258780628442764,2,4,quest,matrix_aux_detector_raw,406,0.0,1.710169024106563e-13
question_D_hier90_linear10_two_phase_200k_seed48_12625805__checkpoint_300000,question_D_hier90_linear10_two_phase_200k_seed48_12625805,300000,0.09258780628442764,2,5,quest,matrix_aux_detector_raw,406,0.8448275862068966,0.7801897085877938
question_D_hier90_linear10_two_phase_200k_seed48_12625805__checkpoint_300000,question_D_hier90_linear10_two_phase_200k_seed48_12625805,300000,0.09258780628442764,2,6,quest,matrix_aux_detector_raw,406,0.0049261083743842365,0.004668991094401679
question_D_hier90_linear10_two_phase_200k_seed48_12625805__checkpoint_300000,question_D_hier90_linear10_two_phase_200k_seed48_12625805,300000,0.09258780628442764,2,7,quest,matrix_aux_detector_raw,406,0.0,4.952127090336598e-15
question_D_hier90_linear10_two_phase_200k_seed48_12625805__checkpoint_300000,question_D_hier90_linear10_two_phase_200k_seed48_12625805,300000,0.09258780628442764,3,0,quest,matrix_aux_detector_raw,406,0.5344827586206896,0.43229894599663976
question_D_hier90_linear10_two_phase_200k_seed48_12625805__checkpoint_300000,question_D_hier90_linear10_two_phase_200k_seed48_12625805,300000,0.09258780628442764,3,1,quest,matrix_aux_detector_raw,406,0.7684729064039408,0.727687737002298
question_D_hier90_linear10_two_phase_200k_seed48_12625805__checkpoint_300000,question_D_hier90_linear10_two_phase_200k_seed48_12625805,300000,0.09258780628442764,3,2,quest,matrix_aux_detector_raw,406,0.0,3.940805661454788e-06
question_D_hier90_linear10_two_phase_200k_seed48_12625805__checkpoint_300000,question_D_hier90_linear10_two_phase_200k_seed48_12625805,300000,0.09258780628442764,3,3,quest,matrix_aux_detector_raw,406,0.0,1.531011461514227e-08
question_D_hier90_linear10_two_phase_200k_seed48_12625805__checkpoint_300000,question_D_hier90_linear10_two_phase_200k_seed48_12625805,300000,0.09258780628442764,3,4,quest,matrix_aux_detector_raw,406,0.9975369458128078,0.9884920718854872
question_D_hier90_linear10_two_phase_200k_seed48_12625805__checkpoint_300000,question_D_hier90_linear10_two_phase_200k_seed48_12625805,300000,0.09258780628442764,3,5,quest,matrix_aux_detector_raw,406,0.229064039408867,0.14622199801225702
question_D_hier90_linear10_two_phase_200k_seed48_12625805__checkpoint_300000,question_D_hier90_linear10_two_phase_200k_seed48_12625805,300000,0.09258780628442764,3,6,quest,matrix_aux_detector_raw,406,0.0,1.3288531447532806e-09
question_D_hier90_linear10_two_phase_200k_seed48_12625805__checkpoint_300000,question_D_hier90_linear10_two_phase_200k_seed48_12625805,300000,0.09258780628442764,3,7,quest,matrix_aux_detector_raw,406,0.08374384236453201,0.05565474769172091
question_D_hier90_linear10_two_phase_200k_seed48_12625805__checkpoint_300000,question_D_hier90_linear10_two_phase_200k_seed48_12625805,300000,0.09258780628442764,4,0,quest,matrix_aux_detector_raw,406,0.9975369458128078,0.9873169882250536
question_D_hier90_linear10_two_phase_200k_seed48_12625805__checkpoint_300000,question_D_hier90_linear10_two_phase_200k_seed48_12625805,300000,0.09258780628442764,4,1,quest,matrix_aux_detector_raw,406,0.0,6.395164772304592e-09
question_D_hier90_linear10_two_phase_200k_seed48_12625805__checkpoint_300000,question_D_hier90_linear10_two_phase_200k_seed48_12625805,300000,0.09258780628442764,4,2,quest,matrix_aux_detector_raw,406,0.0,3.067606306450927e-05
question_D_hier90_linear10_two_phase_200k_seed48_12625805__checkpoint_300000,question_D_hier90_linear10_two_phase_200k_seed48_12625805,300000,0.09258780628442764,4,3,quest,matrix_aux_detector_raw,406,0.0,4.098366101231235e-12
question_D_hier90_linear10_two_phase_200k_seed48_12625805__checkpoint_300000,question_D_hier90_linear10_two_phase_200k_seed48_12625805,300000,0.09258780628442764,4,4,quest,matrix_aux_detector_raw,406,1.0,0.9999999327612628
question_D_hier90_linear10_two_phase_200k_seed48_12625805__checkpoint_300000,question_D_hier90_linear10_two_phase_200k_seed48_12625805,300000,0.09258780628442764,4,5,quest,matrix_aux_detector_raw,406,0.0,2.3274863809755993e-06
question_D_hier90_linear10_two_phase_200k_seed48_12625805__checkpoint_300000,question_D_hier90_linear10_two_phase_200k_seed48_12625805,300000,0.09258780628442764,4,6,quest,matrix_aux_detector_raw,406,0.0,1.778143536300967e-14
question_D_hier90_linear10_two_phase_200k_seed48_12625805__checkpoint_300000,question_D_hier90_linear10_two_phase_200k_seed48_12625805,300000,0.09258780628442764,4,7,quest,matrix_aux_detector_raw,406,0.0,2.838102328215982e-08
question_D_hier90_linear10_two_phase_200k_seed48_12625805__checkpoint_300000,question_D_hier90_linear10_two_phase_200k_seed48_12625805,300000,0.09258780628442764,5,0,quest,matrix_aux_detector_raw,406,0.05665024630541872,0.03480727496228495
question_D_hier90_linear10_two_phase_200k_seed48_12625805__checkpoint_300000,question_D_hier90_linear10_two_phase_200k_seed48_12625805,300000,0.09258780628442764,5,1,quest,matrix_aux_detector_raw,406,0.0,7.754708484611332e-05
question_D_hier90_linear10_two_phase_200k_seed48_12625805__checkpoint_300000,question_D_hier90_linear10_two_phase_200k_seed48_12625805,300000,0.09258780628442764,5,2,quest,matrix_aux_detector_raw,406,0.0,5.198316183608846e-06
question_D_hier90_linear10_two_phase_200k_seed48_12625805__checkpoint_300000,question_D_hier90_linear10_two_phase_200k_seed48_12625805,300000,0.09258780628442764,5,3,quest,matrix_aux_detector_raw,406,0.0,8.381881116272029e-07
question_D_hier90_linear10_two_phase_200k_seed48_12625805__checkpoint_300000,question_D_hier90_linear10_two_phase_200k_seed48_12625805,300000,0.09258780628442764,5,4,quest,matrix_aux_detector_raw,406,0.0,6.540517567097947e-07
question_D_hier90_linear10_two_phase_200k_seed48_12625805__checkpoint_300000,question_D_hier90_linear10_two_phase_200k_seed48_12625805,300000,0.09258780628442764,5,5,quest,matrix_aux_detector_raw,406,0.0,3.637864342616417e-07
question_D_hier90_linear10_two_phase_200k_seed48_12625805__checkpoint_300000,question_D_hier90_linear10_two_phase_200k_seed48_12625805,300000,0.09258780628442764,5,6,quest,matrix_aux_detector_raw,406,0.0,2.2383269436195742e-08
question_D_hier90_linear10_two_phase_200k_seed48_12625805__checkpoint_300000,question_D_hier90_linear10_two_phase_200k_seed48_12625805,300000,0.09258780628442764,5,7,quest,matrix_aux_detector_raw,406,0.0,1.2218170121424616e-06
question_D_hier90_linear10_two_phase_200k_seed49_12625806__checkpoint_300000,question_D_hier90_linear10_two_phase_200k_seed49_12625806,300000,0.9999798536300659,0,0,quest,matrix_aux_detector_raw,406,0.46798029556650245,0.45869953478580533
question_D_hier90_linear10_two_phase_200k_seed49_12625806__checkpoint_300000,question_D_hier90_linear10_two_phase_200k_seed49_12625806,300000,0.9999798536300659,0,1,quest,matrix_aux_detector_raw,406,0.0,6.622493990107005e-21
question_D_hier90_linear10_two_phase_200k_seed49_12625806__checkpoint_300000,question_D_hier90_linear10_two_phase_200k_seed49_12625806,300000,0.9999798536300659,0,2,quest,matrix_aux_detector_raw,406,0.0,2.468703741045408e-16
question_D_hier90_linear10_two_phase_200k_seed49_12625806__checkpoint_300000,question_D_hier90_linear10_two_phase_200k_seed49_12625806,300000,0.9999798536300659,0,3,quest,matrix_aux_detector_raw,406,0.0,0.0
question_D_hier90_linear10_two_phase_200k_seed49_12625806__checkpoint_300000,question_D_hier90_linear10_two_phase_200k_seed49_12625806,300000,0.9999798536300659,0,4,quest,matrix_aux_detector_raw,406,0.0,6.938923444200244e-06
question_D_hier90_linear10_two_phase_200k_seed49_12625806__checkpoint_300000,question_D_hier90_linear10_two_phase_200k_seed49_12625806,300000,0.9999798536300659,0,5,quest,matrix_aux_detector_raw,406,0.0,2.0483655522092966e-25
question_D_hier90_linear10_two_phase_200k_seed49_12625806__checkpoint_300000,question_D_hier90_linear10_two_phase_200k_seed49_12625806,300000,0.9999798536300659,0,6,quest,matrix_aux_detector_raw,406,0.0,2.9770653024343993e-18
question_D_hier90_linear10_two_phase_200k_seed49_12625806__checkpoint_300000,question_D_hier90_linear10_two_phase_200k_seed49_12625806,300000,0.9999798536300659,0,7,quest,matrix_aux_detector_raw,406,0.12315270935960591,0.09968709132582451
question_D_hier90_linear10_two_phase_200k_seed49_12625806__checkpoint_300000,question_D_hier90_linear10_two_phase_200k_seed49_12625806,300000,0.9999798536300659,1,0,quest,matrix_aux_detector_raw,406,0.0,3.611072148725322e-10
question_D_hier90_linear10_two_phase_200k_seed49_12625806__checkpoint_300000,question_D_hier90_linear10_two_phase_200k_seed49_12625806,300000,0.9999798536300659,1,1,quest,matrix_aux_detector_raw,406,0.0049261083743842365,0.0046852976316132345
question_D_hier90_linear10_two_phase_200k_seed49_12625806__checkpoint_300000,question_D_hier90_linear10_two_phase_200k_seed49_12625806,300000,0.9999798536300659,1,2,quest,matrix_aux_detector_raw,406,0.5935960591133005,0.5183501776016922
question_D_hier90_linear10_two_phase_200k_seed49_12625806__checkpoint_300000,question_D_hier90_linear10_two_phase_200k_seed49_12625806,300000,0.9999798536300659,1,3,quest,matrix_aux_detector_raw,406,0.0,1.665029545553214e-05
question_D_hier90_linear10_two_phase_200k_seed49_12625806__checkpoint_300000,question_D_hier90_linear10_two_phase_200k_seed49_12625806,300000,0.9999798536300659,1,4,quest,matrix_aux_detector_raw,406,0.0024630541871921183,0.0026984087355507312
question_D_hier90_linear10_two_phase_200k_seed49_12625806__checkpoint_300000,question_D_hier90_linear10_two_phase_200k_seed49_12625806,300000,0.9999798536300659,1,5,quest,matrix_aux_detector_raw,406,0.0,2.751186947801876e-07
question_D_hier90_linear10_two_phase_200k_seed49_12625806__checkpoint_300000,question_D_hier90_linear10_two_phase_200k_seed49_12625806,300000,0.9999798536300659,1,6,quest,matrix_aux_detector_raw,406,0.5073891625615764,0.460538858881248
question_D_hier90_linear10_two_phase_200k_seed49_12625806__checkpoint_300000,question_D_hier90_linear10_two_phase_200k_seed49_12625806,300000,0.9999798536300659,1,7,quest,matrix_aux_detector_raw,406,0.20689655172413793,0.1496450554077262
question_D_hier90_linear10_two_phase_200k_seed49_12625806__checkpoint_300000,question_D_hier90_linear10_two_phase_200k_seed49_12625806,300000,0.9999798536300659,2,0,quest,matrix_aux_detector_raw,406,0.034482758620689655,0.024880249683636523
question_D_hier90_linear10_two_phase_200k_seed49_12625806__checkpoint_300000,question_D_hier90_linear10_two_phase_200k_seed49_12625806,300000,0.9999798536300659,2,1,quest,matrix_aux_detector_raw,406,0.0,1.2290255436280842e-05
question_D_hier90_linear10_two_phase_200k_seed49_12625806__checkpoint_300000,question_D_hier90_linear10_two_phase_200k_seed49_12625806,300000,0.9999798536300659,2,2,quest,matrix_aux_detector_raw,406,0.0,2.5420336378196036e-05
question_D_hier90_linear10_two_phase_200k_seed49_12625806__checkpoint_300000,question_D_hier90_linear10_two_phase_200k_seed49_12625806,300000,0.9999798536300659,2,3,quest,matrix_aux_detector_raw,406,0.0,1.2561615201891803e-06
question_D_hier90_linear10_two_phase_200k_seed49_12625806__checkpoint_300000,question_D_hier90_linear10_two_phase_200k_seed49_12625806,300000,0.9999798536300659,2,4,quest,matrix_aux_detector_raw,406,0.9950738916256158,0.9871769715559306
question_D_hier90_linear10_two_phase_200k_seed49_12625806__checkpoint_300000,question_D_hier90_linear10_two_phase_200k_seed49_12625806,300000,0.9999798536300659,2,5,quest,matrix_aux_detector_raw,406,0.0,0.0017463870713359312
question_D_hier90_linear10_two_phase_200k_seed49_12625806__checkpoint_300000,question_D_hier90_linear10_two_phase_200k_seed49_12625806,300000,0.9999798536300659,2,6,quest,matrix_aux_detector_raw,406,0.0,3.111429375860546e-09
question_D_hier90_linear10_two_phase_200k_seed49_12625806__checkpoint_300000,question_D_hier90_linear10_two_phase_200k_seed49_12625806,300000,0.9999798536300659,2,7,quest,matrix_aux_detector_raw,406,0.0,6.529553696902459e-12
question_D_hier90_linear10_two_phase_200k_seed49_12625806__checkpoint_300000,question_D_hier90_linear10_two_phase_200k_seed49_12625806,300000,0.9999798536300659,3,0,quest,matrix_aux_detector_raw,406,0.0,4.8017041533942884e-08
question_D_hier90_linear10_two_phase_200k_seed49_12625806__checkpoint_300000,question_D_hier90_linear10_two_phase_200k_seed49_12625806,300000,0.9999798536300659,3,1,quest,matrix_aux_detector_raw,406,0.0,3.955198895060936e-10
question_D_hier90_linear10_two_phase_200k_seed49_12625806__checkpoint_300000,question_D_hier90_linear10_two_phase_200k_seed49_12625806,300000,0.9999798536300659,3,2,quest,matrix_aux_detector_raw,406,0.0,5.468087438959499e-12
question_D_hier90_linear10_two_phase_200k_seed49_12625806__checkpoint_300000,question_D_hier90_linear10_two_phase_200k_seed49_12625806,300000,0.9999798536300659,3,3,quest,matrix_aux_detector_raw,406,1.0,0.9999733533471676
question_D_hier90_linear10_two_phase_200k_seed49_12625806__checkpoint_300000,question_D_hier90_linear10_two_phase_200k_seed49_12625806,300000,0.9999798536300659,3,4,quest,matrix_aux_detector_raw,406,0.0,1.653767896296799e-05
question_D_hier90_linear10_two_phase_200k_seed49_12625806__checkpoint_300000,question_D_hier90_linear10_two_phase_200k_seed49_12625806,300000,0.9999798536300659,3,5,quest,matrix_aux_detector_raw,406,0.9876847290640394,0.9450090102337557
question_D_hier90_linear10_two_phase_200k_seed49_12625806__checkpoint_300000,question_D_hier90_linear10_two_phase_200k_seed49_12625806,300000,0.9999798536300659,3,6,quest,matrix_aux_detector_raw,406,0.09852216748768473,0.050077262952335715
question_D_hier90_linear10_two_phase_200k_seed49_12625806__checkpoint_300000,question_D_hier90_linear10_two_phase_200k_seed49_12625806,300000,0.9999798536300659,3,7,quest,matrix_aux_detector_raw,406,1.0,0.999999760994183
question_D_hier90_linear10_two_phase_200k_seed49_12625806__checkpoint_300000,question_D_hier90_linear10_two_phase_200k_seed49_12625806,300000,0.9999798536300659,4,0,quest,matrix_aux_detector_raw,406,0.0,1.5058866692658117e-06
question_D_hier90_linear10_two_phase_200k_seed49_12625806__checkpoint_300000,question_D_hier90_linear10_two_phase_200k_seed49_12625806,300000,0.9999798536300659,4,1,quest,matrix_aux_detector_raw,406,0.0,9.424167025422242e-06
question_D_hier90_linear10_two_phase_200k_seed49_12625806__checkpoint_300000,question_D_hier90_linear10_two_phase_200k_seed49_12625806,300000,0.9999798536300659,4,2,quest,matrix_aux_detector_raw,406,0.0,3.8490420024146305e-07
question_D_hier90_linear10_two_phase_200k_seed49_12625806__checkpoint_300000,question_D_hier90_linear10_two_phase_200k_seed49_12625806,300000,0.9999798536300659,4,3,quest,matrix_aux_detector_raw,406,1.0,0.9999999744551522
question_D_hier90_linear10_two_phase_200k_seed49_12625806__checkpoint_300000,question_D_hier90_linear10_two_phase_200k_seed49_12625806,300000,0.9999798536300659,4,4,quest,matrix_aux_detector_raw,406,0.0,5.470295451875739e-06
question_D_hier90_linear10_two_phase_200k_seed49_12625806__checkpoint_300000,question_D_hier90_linear10_two_phase_200k_seed49_12625806,300000,0.9999798536300659,4,5,quest,matrix_aux_detector_raw,406,1.0,0.9999999309995492
question_D_hier90_linear10_two_phase_200k_seed49_12625806__checkpoint_300000,question_D_hier90_linear10_two_phase_200k_seed49_12625806,300000,0.9999798536300659,4,6,quest,matrix_aux_detector_raw,406,1.0,0.9999132736269476
question_D_hier90_linear10_two_phase_200k_seed49_12625806__checkpoint_300000,question_D_hier90_linear10_two_phase_200k_seed49_12625806,300000,0.9999798536300659,4,7,quest,matrix_aux_detector_raw,406,0.0,1.2388342954886794e-05
question_D_hier90_linear10_two_phase_200k_seed49_12625806__checkpoint_300000,question_D_hier90_linear10_two_phase_200k_seed49_12625806,300000,0.9999798536300659,5,0,quest,matrix_aux_detector_raw,406,0.0,3.258352200222728e-05
question_D_hier90_linear10_two_phase_200k_seed49_12625806__checkpoint_300000,question_D_hier90_linear10_two_phase_200k_seed49_12625806,300000,0.9999798536300659,5,1,quest,matrix_aux_detector_raw,406,0.0,3.7404799954107845e-11
question_D_hier90_linear10_two_phase_200k_seed49_12625806__checkpoint_300000,question_D_hier90_linear10_two_phase_200k_seed49_12625806,300000,0.9999798536300659,5,2,quest,matrix_aux_detector_raw,406,0.0,6.574310573617259e-09
question_D_hier90_linear10_two_phase_200k_seed49_12625806__checkpoint_300000,question_D_hier90_linear10_two_phase_200k_seed49_12625806,300000,0.9999798536300659,5,3,quest,matrix_aux_detector_raw,406,0.0024630541871921183,0.001322374277810673
question_D_hier90_linear10_two_phase_200k_seed49_12625806__checkpoint_300000,question_D_hier90_linear10_two_phase_200k_seed49_12625806,300000,0.9999798536300659,5,4,quest,matrix_aux_detector_raw,406,0.0,0.0001626657552106529
question_D_hier90_linear10_two_phase_200k_seed49_12625806__checkpoint_300000,question_D_hier90_linear10_two_phase_200k_seed49_12625806,300000,0.9999798536300659,5,5,quest,matrix_aux_detector_raw,406,0.0,0.0005019317945457514
question_D_hier90_linear10_two_phase_200k_seed49_12625806__checkpoint_300000,question_D_hier90_linear10_two_phase_200k_seed49_12625806,300000,0.9999798536300659,5,6,quest,matrix_aux_detector_raw,406,0.0,5.80308005321771e-06
question_D_hier90_linear10_two_phase_200k_seed49_12625806__checkpoint_300000,question_D_hier90_linear10_two_phase_200k_seed49_12625806,300000,0.9999798536300659,5,7,quest,matrix_aux_detector_raw,406,0.0,1.3179787970777851e-06
question_D_hier90_linear10_two_phase_200k_seed50_12625807__checkpoint_300000,question_D_hier90_linear10_two_phase_200k_seed50_12625807,300000,4.121739402762614e-05,0,0,quest,matrix_aux_detector_raw,406,0.0,5.931989944714327e-29
question_D_hier90_linear10_two_phase_200k_seed50_12625807__checkpoint_300000,question_D_hier90_linear10_two_phase_200k_seed50_12625807,300000,4.121739402762614e-05,0,1,quest,matrix_aux_detector_raw,406,0.0,6.706442963741122e-18
question_D_hier90_linear10_two_phase_200k_seed50_12625807__checkpoint_300000,question_D_hier90_linear10_two_phase_200k_seed50_12625807,300000,4.121739402762614e-05,0,2,quest,matrix_aux_detector_raw,406,0.0,0.0
question_D_hier90_linear10_two_phase_200k_seed50_12625807__checkpoint_300000,question_D_hier90_linear10_two_phase_200k_seed50_12625807,300000,4.121739402762614e-05,0,3,quest,matrix_aux_detector_raw,406,0.1354679802955665,0.11069795471949678
question_D_hier90_linear10_two_phase_200k_seed50_12625807__checkpoint_300000,question_D_hier90_linear10_two_phase_200k_seed50_12625807,300000,4.121739402762614e-05,0,4,quest,matrix_aux_detector_raw,406,0.0,2.4455272596249903e-14
question_D_hier90_linear10_two_phase_200k_seed50_12625807__checkpoint_300000,question_D_hier90_linear10_two_phase_200k_seed50_12625807,300000,4.121739402762614e-05,0,5,quest,matrix_aux_detector_raw,406,0.18226600985221675,0.18351460845863238
question_D_hier90_linear10_two_phase_200k_seed50_12625807__checkpoint_300000,question_D_hier90_linear10_two_phase_200k_seed50_12625807,300000,4.121739402762614e-05,0,6,quest,matrix_aux_detector_raw,406,0.0,3.1976535222612995e-26
question_D_hier90_linear10_two_phase_200k_seed50_12625807__checkpoint_300000,question_D_hier90_linear10_two_phase_200k_seed50_12625807,300000,4.121739402762614e-05,0,7,quest,matrix_aux_detector_raw,406,0.0,8.136017886237353e-17
question_D_hier90_linear10_two_phase_200k_seed50_12625807__checkpoint_300000,question_D_hier90_linear10_two_phase_200k_seed50_12625807,300000,4.121739402762614e-05,1,0,quest,matrix_aux_detector_raw,406,0.0,3.1848603458994214e-07
question_D_hier90_linear10_two_phase_200k_seed50_12625807__checkpoint_300000,question_D_hier90_linear10_two_phase_200k_seed50_12625807,300000,4.121739402762614e-05,1,1,quest,matrix_aux_detector_raw,406,0.0,7.194989782513158e-09
question_D_hier90_linear10_two_phase_200k_seed50_12625807__checkpoint_300000,question_D_hier90_linear10_two_phase_200k_seed50_12625807,300000,4.121739402762614e-05,1,2,quest,matrix_aux_detector_raw,406,0.06403940886699508,0.03814739474486986
question_D_hier90_linear10_two_phase_200k_seed50_12625807__checkpoint_300000,question_D_hier90_linear10_two_phase_200k_seed50_12625807,300000,4.121739402762614e-05,1,3,quest,matrix_aux_detector_raw,406,0.04187192118226601,0.027844876381949022
question_D_hier90_linear10_two_phase_200k_seed50_12625807__checkpoint_300000,question_D_hier90_linear10_two_phase_200k_seed50_12625807,300000,4.121739402762614e-05,1,4,quest,matrix_aux_detector_raw,406,0.5591133004926109,0.4788881060478157
question_D_hier90_linear10_two_phase_200k_seed50_12625807__checkpoint_300000,question_D_hier90_linear10_two_phase_200k_seed50_12625807,300000,4.121739402762614e-05,1,5,quest,matrix_aux_detector_raw,406,0.0,4.91323615428259e-09
question_D_hier90_linear10_two_phase_200k_seed50_12625807__checkpoint_300000,question_D_hier90_linear10_two_phase_200k_seed50_12625807,300000,4.121739402762614e-05,1,6,quest,matrix_aux_detector_raw,406,0.0,5.582740917143584e-05
question_D_hier90_linear10_two_phase_200k_seed50_12625807__checkpoint_300000,question_D_hier90_linear10_two_phase_200k_seed50_12625807,300000,4.121739402762614e-05,1,7,quest,matrix_aux_detector_raw,406,0.0,1.8195241364900313e-09
question_D_hier90_linear10_two_phase_200k_seed50_12625807__checkpoint_300000,question_D_hier90_linear10_two_phase_200k_seed50_12625807,300000,4.121739402762614e-05,2,0,quest,matrix_aux_detector_raw,406,0.0,1.7053202957709317e-24
question_D_hier90_linear10_two_phase_200k_seed50_12625807__checkpoint_300000,question_D_hier90_linear10_two_phase_200k_seed50_12625807,300000,4.121739402762614e-05,2,1,quest,matrix_aux_detector_raw,406,1.0,0.999754135685014
question_D_hier90_linear10_two_phase_200k_seed50_12625807__checkpoint_300000,question_D_hier90_linear10_two_phase_200k_seed50_12625807,300000,4.121739402762614e-05,2,2,quest,matrix_aux_detector_raw,406,0.41379310344827586,0.3877573991403545
question_D_hier90_linear10_two_phase_200k_seed50_12625807__checkpoint_300000,question_D_hier90_linear10_two_phase_200k_seed50_12625807,300000,4.121739402762614e-05,2,3,quest,matrix_aux_detector_raw,406,1.0,0.9999945474962882
question_D_hier90_linear10_two_phase_200k_seed50_12625807__checkpoint_300000,question_D_hier90_linear10_two_phase_200k_seed50_12625807,300000,4.121739402762614e-05,2,4,quest,matrix_aux_detector_raw,406,0.30295566502463056,0.2699235805293894
question_D_hier90_linear10_two_phase_200k_seed50_12625807__checkpoint_300000,question_D_hier90_linear10_two_phase_200k_seed50_12625807,300000,4.121739402762614e-05,2,5,quest,matrix_aux_detector_raw,406,0.29310344827586204,0.2417471197153586
question_D_hier90_linear10_two_phase_200k_seed50_12625807__checkpoint_300000,question_D_hier90_linear10_two_phase_200k_seed50_12625807,300000,4.121739402762614e-05,2,6,quest,matrix_aux_detector_raw,406,0.0,0.0002348038318080821
question_D_hier90_linear10_two_phase_200k_seed50_12625807__checkpoint_300000,question_D_hier90_linear10_two_phase_200k_seed50_12625807,300000,4.121739402762614e-05,2,7,quest,matrix_aux_detector_raw,406,0.0,0.0015071661989135123
question_D_hier90_linear10_two_phase_200k_seed50_12625807__checkpoint_300000,question_D_hier90_linear10_two_phase_200k_seed50_12625807,300000,4.121739402762614e-05,3,0,quest,matrix_aux_detector_raw,406,0.0,9.219476729989742e-08
question_D_hier90_linear10_two_phase_200k_seed50_12625807__checkpoint_300000,question_D_hier90_linear10_two_phase_200k_seed50_12625807,300000,4.121739402762614e-05,3,1,quest,matrix_aux_detector_raw,406,0.27586206896551724,0.20840761601397045
question_D_hier90_linear10_two_phase_200k_seed50_12625807__checkpoint_300000,question_D_hier90_linear10_two_phase_200k_seed50_12625807,300000,4.121739402762614e-05,3,2,quest,matrix_aux_detector_raw,406,0.0,1.7193807420084823e-10
question_D_hier90_linear10_two_phase_200k_seed50_12625807__checkpoint_300000,question_D_hier90_linear10_two_phase_200k_seed50_12625807,300000,4.121739402762614e-05,3,3,quest,matrix_aux_detector_raw,406,0.0,0.0008123167228349587
question_D_hier90_linear10_two_phase_200k_seed50_12625807__checkpoint_300000,question_D_hier90_linear10_two_phase_200k_seed50_12625807,300000,4.121739402762614e-05,3,4,quest,matrix_aux_detector_raw,406,0.0,1.2141650334311296e-08
question_D_hier90_linear10_two_phase_200k_seed50_12625807__checkpoint_300000,question_D_hier90_linear10_two_phase_200k_seed50_12625807,300000,4.121739402762614e-05,3,5,quest,matrix_aux_detector_raw,406,0.0,1.779625941341586e-07
question_D_hier90_linear10_two_phase_200k_seed50_12625807__checkpoint_300000,question_D_hier90_linear10_two_phase_200k_seed50_12625807,300000,4.121739402762614e-05,3,6,quest,matrix_aux_detector_raw,406,0.0,1.4232363941186958e-09
question_D_hier90_linear10_two_phase_200k_seed50_12625807__checkpoint_300000,question_D_hier90_linear10_two_phase_200k_seed50_12625807,300000,4.121739402762614e-05,3,7,quest,matrix_aux_detector_raw,406,0.0,3.6572811234894873e-13
question_D_hier90_linear10_two_phase_200k_seed50_12625807__checkpoint_300000,question_D_hier90_linear10_two_phase_200k_seed50_12625807,300000,4.121739402762614e-05,4,0,quest,matrix_aux_detector_raw,406,0.0,9.185995620325818e-09
question_D_hier90_linear10_two_phase_200k_seed50_12625807__checkpoint_300000,question_D_hier90_linear10_two_phase_200k_seed50_12625807,300000,4.121739402762614e-05,4,1,quest,matrix_aux_detector_raw,406,0.0,3.1839647419211875e-12
question_D_hier90_linear10_two_phase_200k_seed50_12625807__checkpoint_300000,question_D_hier90_linear10_two_phase_200k_seed50_12625807,300000,4.121739402762614e-05,4,2,quest,matrix_aux_detector_raw,406,1.0,0.9999999530209697
question_D_hier90_linear10_two_phase_200k_seed50_12625807__checkpoint_300000,question_D_hier90_linear10_two_phase_200k_seed50_12625807,300000,4.121739402762614e-05,4,3,quest,matrix_aux_detector_raw,406,0.0,9.070976793682777e-12
question_D_hier90_linear10_two_phase_200k_seed50_12625807__checkpoint_300000,question_D_hier90_linear10_two_phase_200k_seed50_12625807,300000,4.121739402762614e-05,4,4,quest,matrix_aux_detector_raw,406,0.0,9.803516755122138e-09
question_D_hier90_linear10_two_phase_200k_seed50_12625807__checkpoint_300000,question_D_hier90_linear10_two_phase_200k_seed50_12625807,300000,4.121739402762614e-05,4,5,quest,matrix_aux_detector_raw,406,0.0,1.2463305163683464e-11
question_D_hier90_linear10_two_phase_200k_seed50_12625807__checkpoint_300000,question_D_hier90_linear10_two_phase_200k_seed50_12625807,300000,4.121739402762614e-05,4,6,quest,matrix_aux_detector_raw,406,0.0,1.7138545469437882e-05
question_D_hier90_linear10_two_phase_200k_seed50_12625807__checkpoint_300000,question_D_hier90_linear10_two_phase_200k_seed50_12625807,300000,4.121739402762614e-05,4,7,quest,matrix_aux_detector_raw,406,0.0,1.8850043095772545e-12
question_D_hier90_linear10_two_phase_200k_seed50_12625807__checkpoint_300000,question_D_hier90_linear10_two_phase_200k_seed50_12625807,300000,4.121739402762614e-05,5,0,quest,matrix_aux_detector_raw,406,0.0,4.4249624579599204e-05
question_D_hier90_linear10_two_phase_200k_seed50_12625807__checkpoint_300000,question_D_hier90_linear10_two_phase_200k_seed50_12625807,300000,4.121739402762614e-05,5,1,quest,matrix_aux_detector_raw,406,0.0,8.477160108716334e-05
question_D_hier90_linear10_two_phase_200k_seed50_12625807__checkpoint_300000,question_D_hier90_linear10_two_phase_200k_seed50_12625807,300000,4.121739402762614e-05,5,2,quest,matrix_aux_detector_raw,406,0.0,0.00020420751473006167
question_D_hier90_linear10_two_phase_200k_seed50_12625807__checkpoint_300000,question_D_hier90_linear10_two_phase_200k_seed50_12625807,300000,4.121739402762614e-05,5,3,quest,matrix_aux_detector_raw,406,0.0,3.6994708295867475e-07
question_D_hier90_linear10_two_phase_200k_seed50_12625807__checkpoint_300000,question_D_hier90_linear10_two_phase_200k_seed50_12625807,300000,4.121739402762614e-05,5,4,quest,matrix_aux_detector_raw,406,0.0,1.0244204151007271e-08
question_D_hier90_linear10_two_phase_200k_seed50_12625807__checkpoint_300000,question_D_hier90_linear10_two_phase_200k_seed50_12625807,300000,4.121739402762614e-05,5,5,quest,matrix_aux_detector_raw,406,0.0,0.00011964473621851896
question_D_hier90_linear10_two_phase_200k_seed50_12625807__checkpoint_300000,question_D_hier90_linear10_two_phase_200k_seed50_12625807,300000,4.121739402762614e-05,5,6,quest,matrix_aux_detector_raw,406,0.0,2.2739709767202047e-05
question_D_hier90_linear10_two_phase_200k_seed50_12625807__checkpoint_300000,question_D_hier90_linear10_two_phase_200k_seed50_12625807,300000,4.121739402762614e-05,5,7,quest,matrix_aux_detector_raw,406,0.0,7.803122076142528e-09
question_D_hier90_linear10_two_phase_200k_seed51_12628746__checkpoint_300000,question_D_hier90_linear10_two_phase_200k_seed51_12628746,300000,0.8917101621627808,0,0,quest,matrix_aux_detector_raw,406,0.0,1.4057709695966484e-28
question_D_hier90_linear10_two_phase_200k_seed51_12628746__checkpoint_300000,question_D_hier90_linear10_two_phase_200k_seed51_12628746,300000,0.8917101621627808,0,1,quest,matrix_aux_detector_raw,406,0.2660098522167488,0.25928784109559055
question_D_hier90_linear10_two_phase_200k_seed51_12628746__checkpoint_300000,question_D_hier90_linear10_two_phase_200k_seed51_12628746,300000,0.8917101621627808,0,2,quest,matrix_aux_detector_raw,406,0.0,4.780077699739852e-26
question_D_hier90_linear10_two_phase_200k_seed51_12628746__checkpoint_300000,question_D_hier90_linear10_two_phase_200k_seed51_12628746,300000,0.8917101621627808,0,3,quest,matrix_aux_detector_raw,406,0.0,2.1631738846558426e-19
question_D_hier90_linear10_two_phase_200k_seed51_12628746__checkpoint_300000,question_D_hier90_linear10_two_phase_200k_seed51_12628746,300000,0.8917101621627808,0,4,quest,matrix_aux_detector_raw,406,0.0,6.881090449010934e-23
question_D_hier90_linear10_two_phase_200k_seed51_12628746__checkpoint_300000,question_D_hier90_linear10_two_phase_200k_seed51_12628746,300000,0.8917101621627808,0,5,quest,matrix_aux_detector_raw,406,0.8793103448275862,0.8440866567361524
question_D_hier90_linear10_two_phase_200k_seed51_12628746__checkpoint_300000,question_D_hier90_linear10_two_phase_200k_seed51_12628746,300000,0.8917101621627808,0,6,quest,matrix_aux_detector_raw,406,0.0,9.711004741802041e-18
question_D_hier90_linear10_two_phase_200k_seed51_12628746__checkpoint_300000,question_D_hier90_linear10_two_phase_200k_seed51_12628746,300000,0.8917101621627808,0,7,quest,matrix_aux_detector_raw,406,0.0,3.44035610343375e-10
question_D_hier90_linear10_two_phase_200k_seed51_12628746__checkpoint_300000,question_D_hier90_linear10_two_phase_200k_seed51_12628746,300000,0.8917101621627808,1,0,quest,matrix_aux_detector_raw,406,0.0,7.964443068141453e-10
question_D_hier90_linear10_two_phase_200k_seed51_12628746__checkpoint_300000,question_D_hier90_linear10_two_phase_200k_seed51_12628746,300000,0.8917101621627808,1,1,quest,matrix_aux_detector_raw,406,0.31773399014778325,0.12186370133773389
question_D_hier90_linear10_two_phase_200k_seed51_12628746__checkpoint_300000,question_D_hier90_linear10_two_phase_200k_seed51_12628746,300000,0.8917101621627808,1,2,quest,matrix_aux_detector_raw,406,0.0,4.249128543500288e-11
question_D_hier90_linear10_two_phase_200k_seed51_12628746__checkpoint_300000,question_D_hier90_linear10_two_phase_200k_seed51_12628746,300000,0.8917101621627808,1,3,quest,matrix_aux_detector_raw,406,0.0,4.2062659481265887e-05
question_D_hier90_linear10_two_phase_200k_seed51_12628746__checkpoint_300000,question_D_hier90_linear10_two_phase_200k_seed51_12628746,300000,0.8917101621627808,1,4,quest,matrix_aux_detector_raw,406,0.06403940886699508,0.04251545256463685
question_D_hier90_linear10_two_phase_200k_seed51_12628746__checkpoint_300000,question_D_hier90_linear10_two_phase_200k_seed51_12628746,300000,0.8917101621627808,1,5,quest,matrix_aux_detector_raw,406,0.3522167487684729,0.2153864633313353
question_D_hier90_linear10_two_phase_200k_seed51_12628746__checkpoint_300000,question_D_hier90_linear10_two_phase_200k_seed51_12628746,300000,0.8917101621627808,1,6,quest,matrix_aux_detector_raw,406,0.0,9.028698962574302e-15
question_D_hier90_linear10_two_phase_200k_seed51_12628746__checkpoint_300000,question_D_hier90_linear10_two_phase_200k_seed51_12628746,300000,0.8917101621627808,1,7,quest,matrix_aux_detector_raw,406,0.0,0.00021056305691893065
question_D_hier90_linear10_two_phase_200k_seed51_12628746__checkpoint_300000,question_D_hier90_linear10_two_phase_200k_seed51_12628746,300000,0.8917101621627808,2,0,quest,matrix_aux_detector_raw,406,0.0049261083743842365,0.004648697158247189
question_D_hier90_linear10_two_phase_200k_seed51_12628746__checkpoint_300000,question_D_hier90_linear10_two_phase_200k_seed51_12628746,300000,0.8917101621627808,2,1,quest,matrix_aux_detector_raw,406,0.0,9.333964569500607e-11
question_D_hier90_linear10_two_phase_200k_seed51_12628746__checkpoint_300000,question_D_hier90_linear10_two_phase_200k_seed51_12628746,300000,0.8917101621627808,2,2,quest,matrix_aux_detector_raw,406,0.0,1.2943757803219672e-05
question_D_hier90_linear10_two_phase_200k_seed51_12628746__checkpoint_300000,question_D_hier90_linear10_two_phase_200k_seed51_12628746,300000,0.8917101621627808,2,3,quest,matrix_aux_detector_raw,406,0.9852216748768473,0.9768249068886335
question_D_hier90_linear10_two_phase_200k_seed51_12628746__checkpoint_300000,question_D_hier90_linear10_two_phase_200k_seed51_12628746,300000,0.8917101621627808,2,4,quest,matrix_aux_detector_raw,406,0.4187192118226601,0.3748227646562406
question_D_hier90_linear10_two_phase_200k_seed51_12628746__checkpoint_300000,question_D_hier90_linear10_two_phase_200k_seed51_12628746,300000,0.8917101621627808,2,5,quest,matrix_aux_detector_raw,406,0.0,1.4185705467536007e-10
question_D_hier90_linear10_two_phase_200k_seed51_12628746__checkpoint_300000,question_D_hier90_linear10_two_phase_200k_seed51_12628746,300000,0.8917101621627808,2,6,quest,matrix_aux_detector_raw,406,0.8497536945812808,0.7545859765643687
question_D_hier90_linear10_two_phase_200k_seed51_12628746__checkpoint_300000,question_D_hier90_linear10_two_phase_200k_seed51_12628746,300000,0.8917101621627808,2,7,quest,matrix_aux_detector_raw,406,0.0,9.870754698355074e-08
question_D_hier90_linear10_two_phase_200k_seed51_12628746__checkpoint_300000,question_D_hier90_linear10_two_phase_200k_seed51_12628746,300000,0.8917101621627808,3,0,quest,matrix_aux_detector_raw,406,0.6576354679802956,0.6564622027692772
question_D_hier90_linear10_two_phase_200k_seed51_12628746__checkpoint_300000,question_D_hier90_linear10_two_phase_200k_seed51_12628746,300000,0.8917101621627808,3,1,quest,matrix_aux_detector_raw,406,0.0,8.133440724839033e-11
question_D_hier90_linear10_two_phase_200k_seed51_12628746__checkpoint_300000,question_D_hier90_linear10_two_phase_200k_seed51_12628746,300000,0.8917101621627808,3,2,quest,matrix_aux_detector_raw,406,0.6699507389162561,0.6389604910175911
question_D_hier90_linear10_two_phase_200k_seed51_12628746__checkpoint_300000,question_D_hier90_linear10_two_phase_200k_seed51_12628746,300000,0.8917101621627808,3,3,quest,matrix_aux_detector_raw,406,0.0,0.00016659486669331108
question_D_hier90_linear10_two_phase_200k_seed51_12628746__checkpoint_300000,question_D_hier90_linear10_two_phase_200k_seed51_12628746,300000,0.8917101621627808,3,4,quest,matrix_aux_detector_raw,406,0.8940886699507389,0.7775818063749065
question_D_hier90_linear10_two_phase_200k_seed51_12628746__checkpoint_300000,question_D_hier90_linear10_two_phase_200k_seed51_12628746,300000,0.8917101621627808,3,5,quest,matrix_aux_detector_raw,406,1.0,0.9999925971324808
question_D_hier90_linear10_two_phase_200k_seed51_12628746__checkpoint_300000,question_D_hier90_linear10_two_phase_200k_seed51_12628746,300000,0.8917101621627808,3,6,quest,matrix_aux_detector_raw,406,1.0,0.9999995760142509
question_D_hier90_linear10_two_phase_200k_seed51_12628746__checkpoint_300000,question_D_hier90_linear10_two_phase_200k_seed51_12628746,300000,0.8917101621627808,3,7,quest,matrix_aux_detector_raw,406,0.0,8.5597070811876e-06
question_D_hier90_linear10_two_phase_200k_seed51_12628746__checkpoint_300000,question_D_hier90_linear10_two_phase_200k_seed51_12628746,300000,0.8917101621627808,4,0,quest,matrix_aux_detector_raw,406,0.09852216748768473,0.061070851388895134
question_D_hier90_linear10_two_phase_200k_seed51_12628746__checkpoint_300000,question_D_hier90_linear10_two_phase_200k_seed51_12628746,300000,0.8917101621627808,4,1,quest,matrix_aux_detector_raw,406,0.0,1.5284951564972506e-14
question_D_hier90_linear10_two_phase_200k_seed51_12628746__checkpoint_300000,question_D_hier90_linear10_two_phase_200k_seed51_12628746,300000,0.8917101621627808,4,2,quest,matrix_aux_detector_raw,406,0.0,1.9571044169330037e-08
question_D_hier90_linear10_two_phase_200k_seed51_12628746__checkpoint_300000,question_D_hier90_linear10_two_phase_200k_seed51_12628746,300000,0.8917101621627808,4,3,quest,matrix_aux_detector_raw,406,0.0,0.0012553615712329379
question_D_hier90_linear10_two_phase_200k_seed51_12628746__checkpoint_300000,question_D_hier90_linear10_two_phase_200k_seed51_12628746,300000,0.8917101621627808,4,4,quest,matrix_aux_detector_raw,406,1.0,0.9999939611392655
question_D_hier90_linear10_two_phase_200k_seed51_12628746__checkpoint_300000,question_D_hier90_linear10_two_phase_200k_seed51_12628746,300000,0.8917101621627808,4,5,quest,matrix_aux_detector_raw,406,0.0,1.8499480304120007e-05
question_D_hier90_linear10_two_phase_200k_seed51_12628746__checkpoint_300000,question_D_hier90_linear10_two_phase_200k_seed51_12628746,300000,0.8917101621627808,4,6,quest,matrix_aux_detector_raw,406,0.0,6.540632811475579e-09
question_D_hier90_linear10_two_phase_200k_seed51_12628746__checkpoint_300000,question_D_hier90_linear10_two_phase_200k_seed51_12628746,300000,0.8917101621627808,4,7,quest,matrix_aux_detector_raw,406,1.0,0.9999974508003648
question_D_hier90_linear10_two_phase_200k_seed51_12628746__checkpoint_300000,question_D_hier90_linear10_two_phase_200k_seed51_12628746,300000,0.8917101621627808,5,0,quest,matrix_aux_detector_raw,406,0.0,1.9759532999582364e-06
question_D_hier90_linear10_two_phase_200k_seed51_12628746__checkpoint_300000,question_D_hier90_linear10_two_phase_200k_seed51_12628746,300000,0.8917101621627808,5,1,quest,matrix_aux_detector_raw,406,0.0,0.0002942961232707342
question_D_hier90_linear10_two_phase_200k_seed51_12628746__checkpoint_300000,question_D_hier90_linear10_two_phase_200k_seed51_12628746,300000,0.8917101621627808,5,2,quest,matrix_aux_detector_raw,406,0.33004926108374383,0.2931139879768869
question_D_hier90_linear10_two_phase_200k_seed51_12628746__checkpoint_300000,question_D_hier90_linear10_two_phase_200k_seed51_12628746,300000,0.8917101621627808,5,3,quest,matrix_aux_detector_raw,406,0.0,0.00018644069597115927
question_D_hier90_linear10_two_phase_200k_seed51_12628746__checkpoint_300000,question_D_hier90_linear10_two_phase_200k_seed51_12628746,300000,0.8917101621627808,5,4,quest,matrix_aux_detector_raw,406,0.0,2.3787028354840605e-05
question_D_hier90_linear10_two_phase_200k_seed51_12628746__checkpoint_300000,question_D_hier90_linear10_two_phase_200k_seed51_12628746,300000,0.8917101621627808,5,5,quest,matrix_aux_detector_raw,406,0.0,4.085781128082769e-06
question_D_hier90_linear10_two_phase_200k_seed51_12628746__checkpoint_300000,question_D_hier90_linear10_two_phase_200k_seed51_12628746,300000,0.8917101621627808,5,6,quest,matrix_aux_detector_raw,406,0.0,0.00011233329854737023
question_D_hier90_linear10_two_phase_200k_seed51_12628746__checkpoint_300000,question_D_hier90_linear10_two_phase_200k_seed51_12628746,300000,0.8917101621627808,5,7,quest,matrix_aux_detector_raw,406,0.0,1.5345112118837563e-08
question_D_hier90_linear10_two_phase_200k_seed52_12628803__checkpoint_300000,question_D_hier90_linear10_two_phase_200k_seed52_12628803,300000,0.9909662008285522,0,0,quest,matrix_aux_detector_raw,406,0.0,3.470866934716695e-06
question_D_hier90_linear10_two_phase_200k_seed52_12628803__checkpoint_300000,question_D_hier90_linear10_two_phase_200k_seed52_12628803,300000,0.9909662008285522,0,1,quest,matrix_aux_detector_raw,406,0.0,3.3386053324743536e-24
question_D_hier90_linear10_two_phase_200k_seed52_12628803__checkpoint_300000,question_D_hier90_linear10_two_phase_200k_seed52_12628803,300000,0.9909662008285522,0,2,quest,matrix_aux_detector_raw,406,0.0,3.3413938685499104e-06
question_D_hier90_linear10_two_phase_200k_seed52_12628803__checkpoint_300000,question_D_hier90_linear10_two_phase_200k_seed52_12628803,300000,0.9909662008285522,0,3,quest,matrix_aux_detector_raw,406,0.0,1.8350900077959158e-34
question_D_hier90_linear10_two_phase_200k_seed52_12628803__checkpoint_300000,question_D_hier90_linear10_two_phase_200k_seed52_12628803,300000,0.9909662008285522,0,4,quest,matrix_aux_detector_raw,406,0.0,4.336714804110962e-08
question_D_hier90_linear10_two_phase_200k_seed52_12628803__checkpoint_300000,question_D_hier90_linear10_two_phase_200k_seed52_12628803,300000,0.9909662008285522,0,5,quest,matrix_aux_detector_raw,406,0.1724137931034483,0.1538130770400558
question_D_hier90_linear10_two_phase_200k_seed52_12628803__checkpoint_300000,question_D_hier90_linear10_two_phase_200k_seed52_12628803,300000,0.9909662008285522,0,6,quest,matrix_aux_detector_raw,406,0.0,4.949947158873558e-28
question_D_hier90_linear10_two_phase_200k_seed52_12628803__checkpoint_300000,question_D_hier90_linear10_two_phase_200k_seed52_12628803,300000,0.9909662008285522,0,7,quest,matrix_aux_detector_raw,406,0.0,4.87970289848033e-16
question_D_hier90_linear10_two_phase_200k_seed52_12628803__checkpoint_300000,question_D_hier90_linear10_two_phase_200k_seed52_12628803,300000,0.9909662008285522,1,0,quest,matrix_aux_detector_raw,406,0.017241379310344827,0.010420080970955198
question_D_hier90_linear10_two_phase_200k_seed52_12628803__checkpoint_300000,question_D_hier90_linear10_two_phase_200k_seed52_12628803,300000,0.9909662008285522,1,1,quest,matrix_aux_detector_raw,406,0.07389162561576355,0.04339930637291498
question_D_hier90_linear10_two_phase_200k_seed52_12628803__checkpoint_300000,question_D_hier90_linear10_two_phase_200k_seed52_12628803,300000,0.9909662008285522,1,2,quest,matrix_aux_detector_raw,406,0.0049261083743842365,0.0037695545403704845
question_D_hier90_linear10_two_phase_200k_seed52_12628803__checkpoint_300000,question_D_hier90_linear10_two_phase_200k_seed52_12628803,300000,0.9909662008285522,1,3,quest,matrix_aux_detector_raw,406,0.0,1.2570002198850249e-08
question_D_hier90_linear10_two_phase_200k_seed52_12628803__checkpoint_300000,question_D_hier90_linear10_two_phase_200k_seed52_12628803,300000,0.9909662008285522,1,4,quest,matrix_aux_detector_raw,406,0.0,2.554927812767619e-13
question_D_hier90_linear10_two_phase_200k_seed52_12628803__checkpoint_300000,question_D_hier90_linear10_two_phase_200k_seed52_12628803,300000,0.9909662008285522,1,5,quest,matrix_aux_detector_raw,406,0.0,2.2564782441246515e-12
question_D_hier90_linear10_two_phase_200k_seed52_12628803__checkpoint_300000,question_D_hier90_linear10_two_phase_200k_seed52_12628803,300000,0.9909662008285522,1,6,quest,matrix_aux_detector_raw,406,0.43349753694581283,0.4240974187216394
question_D_hier90_linear10_two_phase_200k_seed52_12628803__checkpoint_300000,question_D_hier90_linear10_two_phase_200k_seed52_12628803,300000,0.9909662008285522,1,7,quest,matrix_aux_detector_raw,406,0.0,3.0490517909810988e-06
question_D_hier90_linear10_two_phase_200k_seed52_12628803__checkpoint_300000,question_D_hier90_linear10_two_phase_200k_seed52_12628803,300000,0.9909662008285522,2,0,quest,matrix_aux_detector_raw,406,0.0,0.00046037067678669015
question_D_hier90_linear10_two_phase_200k_seed52_12628803__checkpoint_300000,question_D_hier90_linear10_two_phase_200k_seed52_12628803,300000,0.9909662008285522,2,1,quest,matrix_aux_detector_raw,406,0.0,1.3747655182292543e-05
question_D_hier90_linear10_two_phase_200k_seed52_12628803__checkpoint_300000,question_D_hier90_linear10_two_phase_200k_seed52_12628803,300000,0.9909662008285522,2,2,quest,matrix_aux_detector_raw,406,0.0,0.00021909284341681978
question_D_hier90_linear10_two_phase_200k_seed52_12628803__checkpoint_300000,question_D_hier90_linear10_two_phase_200k_seed52_12628803,300000,0.9909662008285522,2,3,quest,matrix_aux_detector_raw,406,0.7881773399014779,0.6571451222868047
question_D_hier90_linear10_two_phase_200k_seed52_12628803__checkpoint_300000,question_D_hier90_linear10_two_phase_200k_seed52_12628803,300000,0.9909662008285522,2,4,quest,matrix_aux_detector_raw,406,0.0,1.664317530921994e-07
question_D_hier90_linear10_two_phase_200k_seed52_12628803__checkpoint_300000,question_D_hier90_linear10_two_phase_200k_seed52_12628803,300000,0.9909662008285522,2,5,quest,matrix_aux_detector_raw,406,0.0,1.263203435797951e-07
question_D_hier90_linear10_two_phase_200k_seed52_12628803__checkpoint_300000,question_D_hier90_linear10_two_phase_200k_seed52_12628803,300000,0.9909662008285522,2,6,quest,matrix_aux_detector_raw,406,0.9261083743842364,0.8986139438462586
question_D_hier90_linear10_two_phase_200k_seed52_12628803__checkpoint_300000,question_D_hier90_linear10_two_phase_200k_seed52_12628803,300000,0.9909662008285522,2,7,quest,matrix_aux_detector_raw,406,0.9507389162561576,0.9209226025352871
question_D_hier90_linear10_two_phase_200k_seed52_12628803__checkpoint_300000,question_D_hier90_linear10_two_phase_200k_seed52_12628803,300000,0.9909662008285522,3,0,quest,matrix_aux_detector_raw,406,0.0,5.964036459142043e-12
question_D_hier90_linear10_two_phase_200k_seed52_12628803__checkpoint_300000,question_D_hier90_linear10_two_phase_200k_seed52_12628803,300000,0.9909662008285522,3,1,quest,matrix_aux_detector_raw,406,0.6182266009852216,0.4670786239001989
question_D_hier90_linear10_two_phase_200k_seed52_12628803__checkpoint_300000,question_D_hier90_linear10_two_phase_200k_seed52_12628803,300000,0.9909662008285522,3,2,quest,matrix_aux_detector_raw,406,0.0,7.806757192975157e-05
question_D_hier90_linear10_two_phase_200k_seed52_12628803__checkpoint_300000,question_D_hier90_linear10_two_phase_200k_seed52_12628803,300000,0.9909662008285522,3,3,quest,matrix_aux_detector_raw,406,0.4827586206896552,0.2982771970253521
question_D_hier90_linear10_two_phase_200k_seed52_12628803__checkpoint_300000,question_D_hier90_linear10_two_phase_200k_seed52_12628803,300000,0.9909662008285522,3,4,quest,matrix_aux_detector_raw,406,1.0,0.9869167356949134
question_D_hier90_linear10_two_phase_200k_seed52_12628803__checkpoint_300000,question_D_hier90_linear10_two_phase_200k_seed52_12628803,300000,0.9909662008285522,3,5,quest,matrix_aux_detector_raw,406,0.0,0.0023909539048318756
question_D_hier90_linear10_two_phase_200k_seed52_12628803__checkpoint_300000,question_D_hier90_linear10_two_phase_200k_seed52_12628803,300000,0.9909662008285522,3,6,quest,matrix_aux_detector_raw,406,0.0,3.375399808840028e-11
question_D_hier90_linear10_two_phase_200k_seed52_12628803__checkpoint_300000,question_D_hier90_linear10_two_phase_200k_seed52_12628803,300000,0.9909662008285522,3,7,quest,matrix_aux_detector_raw,406,1.0,0.9999175980466927
question_D_hier90_linear10_two_phase_200k_seed52_12628803__checkpoint_300000,question_D_hier90_linear10_two_phase_200k_seed52_12628803,300000,0.9909662008285522,4,0,quest,matrix_aux_detector_raw,406,0.0,3.66598742957212e-05
question_D_hier90_linear10_two_phase_200k_seed52_12628803__checkpoint_300000,question_D_hier90_linear10_two_phase_200k_seed52_12628803,300000,0.9909662008285522,4,1,quest,matrix_aux_detector_raw,406,0.0,2.48054274743696e-17
question_D_hier90_linear10_two_phase_200k_seed52_12628803__checkpoint_300000,question_D_hier90_linear10_two_phase_200k_seed52_12628803,300000,0.9909662008285522,4,2,quest,matrix_aux_detector_raw,406,0.6625615763546798,0.5927701477374306
question_D_hier90_linear10_two_phase_200k_seed52_12628803__checkpoint_300000,question_D_hier90_linear10_two_phase_200k_seed52_12628803,300000,0.9909662008285522,4,3,quest,matrix_aux_detector_raw,406,1.0,0.9968539730008013
question_D_hier90_linear10_two_phase_200k_seed52_12628803__checkpoint_300000,question_D_hier90_linear10_two_phase_200k_seed52_12628803,300000,0.9909662008285522,4,4,quest,matrix_aux_detector_raw,406,0.0,3.569475361802692e-05
question_D_hier90_linear10_two_phase_200k_seed52_12628803__checkpoint_300000,question_D_hier90_linear10_two_phase_200k_seed52_12628803,300000,0.9909662008285522,4,5,quest,matrix_aux_detector_raw,406,0.0,2.969234231076968e-14
question_D_hier90_linear10_two_phase_200k_seed52_12628803__checkpoint_300000,question_D_hier90_linear10_two_phase_200k_seed52_12628803,300000,0.9909662008285522,4,6,quest,matrix_aux_detector_raw,406,0.0,2.2007891588218944e-09
question_D_hier90_linear10_two_phase_200k_seed52_12628803__checkpoint_300000,question_D_hier90_linear10_two_phase_200k_seed52_12628803,300000,0.9909662008285522,4,7,quest,matrix_aux_detector_raw,406,0.0,5.784772981220971e-08
question_D_hier90_linear10_two_phase_200k_seed52_12628803__checkpoint_300000,question_D_hier90_linear10_two_phase_200k_seed52_12628803,300000,0.9909662008285522,5,0,quest,matrix_aux_detector_raw,406,0.0,0.00021508636211636973
question_D_hier90_linear10_two_phase_200k_seed52_12628803__checkpoint_300000,question_D_hier90_linear10_two_phase_200k_seed52_12628803,300000,0.9909662008285522,5,1,quest,matrix_aux_detector_raw,406,0.0,0.000560955990062649
question_D_hier90_linear10_two_phase_200k_seed52_12628803__checkpoint_300000,question_D_hier90_linear10_two_phase_200k_seed52_12628803,300000,0.9909662008285522,5,2,quest,matrix_aux_detector_raw,406,0.0,1.9834378502255507e-06
question_D_hier90_linear10_two_phase_200k_seed52_12628803__checkpoint_300000,question_D_hier90_linear10_two_phase_200k_seed52_12628803,300000,0.9909662008285522,5,3,quest,matrix_aux_detector_raw,406,0.0,2.535896620063427e-08
question_D_hier90_linear10_two_phase_200k_seed52_12628803__checkpoint_300000,question_D_hier90_linear10_two_phase_200k_seed52_12628803,300000,0.9909662008285522,5,4,quest,matrix_aux_detector_raw,406,0.0,0.000770652806989831
question_D_hier90_linear10_two_phase_200k_seed52_12628803__checkpoint_300000,question_D_hier90_linear10_two_phase_200k_seed52_12628803,300000,0.9909662008285522,5,5,quest,matrix_aux_detector_raw,406,0.0,0.00017545725187170395
question_D_hier90_linear10_two_phase_200k_seed52_12628803__checkpoint_300000,question_D_hier90_linear10_two_phase_200k_seed52_12628803,300000,0.9909662008285522,5,6,quest,matrix_aux_detector_raw,406,0.0,0.0005876951613563675
question_D_hier90_linear10_two_phase_200k_seed52_12628803__checkpoint_300000,question_D_hier90_linear10_two_phase_200k_seed52_12628803,300000,0.9909662008285522,5,7,quest,matrix_aux_detector_raw,406,0.0,5.098458114890949e-08
question_D_hier90_linear10_two_phase_200k_seed53_12629366__checkpoint_300000,question_D_hier90_linear10_two_phase_200k_seed53_12629366,300000,0.9982627034187317,0,0,quest,matrix_aux_detector_raw,406,0.0,5.347236318366455e-18
question_D_hier90_linear10_two_phase_200k_seed53_12629366__checkpoint_300000,question_D_hier90_linear10_two_phase_200k_seed53_12629366,300000,0.9982627034187317,0,1,quest,matrix_aux_detector_raw,406,0.1354679802955665,0.1265189782421843
question_D_hier90_linear10_two_phase_200k_seed53_12629366__checkpoint_300000,question_D_hier90_linear10_two_phase_200k_seed53_12629366,300000,0.9982627034187317,0,2,quest,matrix_aux_detector_raw,406,0.0,2.1113132833954785e-26
question_D_hier90_linear10_two_phase_200k_seed53_12629366__checkpoint_300000,question_D_hier90_linear10_two_phase_200k_seed53_12629366,300000,0.9982627034187317,0,3,quest,matrix_aux_detector_raw,406,0.0,7.97685516538869e-13
question_D_hier90_linear10_two_phase_200k_seed53_12629366__checkpoint_300000,question_D_hier90_linear10_two_phase_200k_seed53_12629366,300000,0.9982627034187317,0,4,quest,matrix_aux_detector_raw,406,0.0,3.43137812577487e-18
question_D_hier90_linear10_two_phase_200k_seed53_12629366__checkpoint_300000,question_D_hier90_linear10_two_phase_200k_seed53_12629366,300000,0.9982627034187317,0,5,quest,matrix_aux_detector_raw,406,0.0,9.764171394722924e-08
question_D_hier90_linear10_two_phase_200k_seed53_12629366__checkpoint_300000,question_D_hier90_linear10_two_phase_200k_seed53_12629366,300000,0.9982627034187317,0,6,quest,matrix_aux_detector_raw,406,0.0,1.3468061022389783e-25
question_D_hier90_linear10_two_phase_200k_seed53_12629366__checkpoint_300000,question_D_hier90_linear10_two_phase_200k_seed53_12629366,300000,0.9982627034187317,0,7,quest,matrix_aux_detector_raw,406,0.0,9.332407702506084e-26
question_D_hier90_linear10_two_phase_200k_seed53_12629366__checkpoint_300000,question_D_hier90_linear10_two_phase_200k_seed53_12629366,300000,0.9982627034187317,1,0,quest,matrix_aux_detector_raw,406,0.0,7.414912888081749e-08
question_D_hier90_linear10_two_phase_200k_seed53_12629366__checkpoint_300000,question_D_hier90_linear10_two_phase_200k_seed53_12629366,300000,0.9982627034187317,1,1,quest,matrix_aux_detector_raw,406,0.4458128078817734,0.2997839776824606
question_D_hier90_linear10_two_phase_200k_seed53_12629366__checkpoint_300000,question_D_hier90_linear10_two_phase_200k_seed53_12629366,300000,0.9982627034187317,1,2,quest,matrix_aux_detector_raw,406,0.0,1.0103140750274788e-09
question_D_hier90_linear10_two_phase_200k_seed53_12629366__checkpoint_300000,question_D_hier90_linear10_two_phase_200k_seed53_12629366,300000,0.9982627034187317,1,3,quest,matrix_aux_detector_raw,406,0.4088669950738916,0.3430732297008456
question_D_hier90_linear10_two_phase_200k_seed53_12629366__checkpoint_300000,question_D_hier90_linear10_two_phase_200k_seed53_12629366,300000,0.9982627034187317,1,4,quest,matrix_aux_detector_raw,406,0.0,4.3060523610492733e-10
question_D_hier90_linear10_two_phase_200k_seed53_12629366__checkpoint_300000,question_D_hier90_linear10_two_phase_200k_seed53_12629366,300000,0.9982627034187317,1,5,quest,matrix_aux_detector_raw,406,0.0,9.889362936701875e-11
question_D_hier90_linear10_two_phase_200k_seed53_12629366__checkpoint_300000,question_D_hier90_linear10_two_phase_200k_seed53_12629366,300000,0.9982627034187317,1,6,quest,matrix_aux_detector_raw,406,0.11822660098522167,0.07651909971962001
question_D_hier90_linear10_two_phase_200k_seed53_12629366__checkpoint_300000,question_D_hier90_linear10_two_phase_200k_seed53_12629366,300000,0.9982627034187317,1,7,quest,matrix_aux_detector_raw,406,0.0049261083743842365,0.005386059558370349
question_D_hier90_linear10_two_phase_200k_seed53_12629366__checkpoint_300000,question_D_hier90_linear10_two_phase_200k_seed53_12629366,300000,0.9982627034187317,2,0,quest,matrix_aux_detector_raw,406,0.9975369458128078,0.985782367934294
question_D_hier90_linear10_two_phase_200k_seed53_12629366__checkpoint_300000,question_D_hier90_linear10_two_phase_200k_seed53_12629366,300000,0.9982627034187317,2,1,quest,matrix_aux_detector_raw,406,0.0,2.752337552077319e-09
question_D_hier90_linear10_two_phase_200k_seed53_12629366__checkpoint_300000,question_D_hier90_linear10_two_phase_200k_seed53_12629366,300000,0.9982627034187317,2,2,quest,matrix_aux_detector_raw,406,0.0,8.992345858526293e-06
question_D_hier90_linear10_two_phase_200k_seed53_12629366__checkpoint_300000,question_D_hier90_linear10_two_phase_200k_seed53_12629366,300000,0.9982627034187317,2,3,quest,matrix_aux_detector_raw,406,0.0,1.7668953182334916e-15
question_D_hier90_linear10_two_phase_200k_seed53_12629366__checkpoint_300000,question_D_hier90_linear10_two_phase_200k_seed53_12629366,300000,0.9982627034187317,2,4,quest,matrix_aux_detector_raw,406,0.0,6.531312607198828e-07
question_D_hier90_linear10_two_phase_200k_seed53_12629366__checkpoint_300000,question_D_hier90_linear10_two_phase_200k_seed53_12629366,300000,0.9982627034187317,2,5,quest,matrix_aux_detector_raw,406,0.0,0.0019871807449857123
question_D_hier90_linear10_two_phase_200k_seed53_12629366__checkpoint_300000,question_D_hier90_linear10_two_phase_200k_seed53_12629366,300000,0.9982627034187317,2,6,quest,matrix_aux_detector_raw,406,0.3374384236453202,0.27531228881518915
question_D_hier90_linear10_two_phase_200k_seed53_12629366__checkpoint_300000,question_D_hier90_linear10_two_phase_200k_seed53_12629366,300000,0.9982627034187317,2,7,quest,matrix_aux_detector_raw,406,0.0,1.908483069801231e-10
question_D_hier90_linear10_two_phase_200k_seed53_12629366__checkpoint_300000,question_D_hier90_linear10_two_phase_200k_seed53_12629366,300000,0.9982627034187317,3,0,quest,matrix_aux_detector_raw,406,0.0,2.740848390423734e-05
question_D_hier90_linear10_two_phase_200k_seed53_12629366__checkpoint_300000,question_D_hier90_linear10_two_phase_200k_seed53_12629366,300000,0.9982627034187317,3,1,quest,matrix_aux_detector_raw,406,0.0,0.0011291707152652644
question_D_hier90_linear10_two_phase_200k_seed53_12629366__checkpoint_300000,question_D_hier90_linear10_two_phase_200k_seed53_12629366,300000,0.9982627034187317,3,2,quest,matrix_aux_detector_raw,406,0.0,0.0018073782255716095
question_D_hier90_linear10_two_phase_200k_seed53_12629366__checkpoint_300000,question_D_hier90_linear10_two_phase_200k_seed53_12629366,300000,0.9982627034187317,3,3,quest,matrix_aux_detector_raw,406,0.0,3.0263113144927118e-06
question_D_hier90_linear10_two_phase_200k_seed53_12629366__checkpoint_300000,question_D_hier90_linear10_two_phase_200k_seed53_12629366,300000,0.9982627034187317,3,4,quest,matrix_aux_detector_raw,406,1.0,0.9998810394056912
question_D_hier90_linear10_two_phase_200k_seed53_12629366__checkpoint_300000,question_D_hier90_linear10_two_phase_200k_seed53_12629366,300000,0.9982627034187317,3,5,quest,matrix_aux_detector_raw,406,0.06403940886699508,0.044203925942707
question_D_hier90_linear10_two_phase_200k_seed53_12629366__checkpoint_300000,question_D_hier90_linear10_two_phase_200k_seed53_12629366,300000,0.9982627034187317,3,6,quest,matrix_aux_detector_raw,406,0.0,8.221558920930437e-06
question_D_hier90_linear10_two_phase_200k_seed53_12629366__checkpoint_300000,question_D_hier90_linear10_two_phase_200k_seed53_12629366,300000,0.9982627034187317,3,7,quest,matrix_aux_detector_raw,406,0.9458128078817734,0.9176454847504206
question_D_hier90_linear10_two_phase_200k_seed53_12629366__checkpoint_300000,question_D_hier90_linear10_two_phase_200k_seed53_12629366,300000,0.9982627034187317,4,0,quest,matrix_aux_detector_raw,406,1.0,0.9999995783632025
question_D_hier90_linear10_two_phase_200k_seed53_12629366__checkpoint_300000,question_D_hier90_linear10_two_phase_200k_seed53_12629366,300000,0.9982627034187317,4,1,quest,matrix_aux_detector_raw,406,0.029556650246305417,0.027265617751604944
question_D_hier90_linear10_two_phase_200k_seed53_12629366__checkpoint_300000,question_D_hier90_linear10_two_phase_200k_seed53_12629366,300000,0.9982627034187317,4,2,quest,matrix_aux_detector_raw,406,1.0,0.9999525862667948
question_D_hier90_linear10_two_phase_200k_seed53_12629366__checkpoint_300000,question_D_hier90_linear10_two_phase_200k_seed53_12629366,300000,0.9982627034187317,4,3,quest,matrix_aux_detector_raw,406,0.9876847290640394,0.9750454567759608
question_D_hier90_linear10_two_phase_200k_seed53_12629366__checkpoint_300000,question_D_hier90_linear10_two_phase_200k_seed53_12629366,300000,0.9982627034187317,4,4,quest,matrix_aux_detector_raw,406,1.0,0.987510403021803
question_D_hier90_linear10_two_phase_200k_seed53_12629366__checkpoint_300000,question_D_hier90_linear10_two_phase_200k_seed53_12629366,300000,0.9982627034187317,4,5,quest,matrix_aux_detector_raw,406,0.9950738916256158,0.9781110564182545
question_D_hier90_linear10_two_phase_200k_seed53_12629366__checkpoint_300000,question_D_hier90_linear10_two_phase_200k_seed53_12629366,300000,0.9982627034187317,4,6,quest,matrix_aux_detector_raw,406,0.0,1.925606802019318e-09
question_D_hier90_linear10_two_phase_200k_seed53_12629366__checkpoint_300000,question_D_hier90_linear10_two_phase_200k_seed53_12629366,300000,0.9982627034187317,4,7,quest,matrix_aux_detector_raw,406,0.0,2.8560147034617687e-05
question_D_hier90_linear10_two_phase_200k_seed53_12629366__checkpoint_300000,question_D_hier90_linear10_two_phase_200k_seed53_12629366,300000,0.9982627034187317,5,0,quest,matrix_aux_detector_raw,406,0.0,1.261603859302219e-07
question_D_hier90_linear10_two_phase_200k_seed53_12629366__checkpoint_300000,question_D_hier90_linear10_two_phase_200k_seed53_12629366,300000,0.9982627034187317,5,1,quest,matrix_aux_detector_raw,406,0.0,1.9347356709461924e-06
question_D_hier90_linear10_two_phase_200k_seed53_12629366__checkpoint_300000,question_D_hier90_linear10_two_phase_200k_seed53_12629366,300000,0.9982627034187317,5,2,quest,matrix_aux_detector_raw,406,0.0,9.110367620698719e-08
question_D_hier90_linear10_two_phase_200k_seed53_12629366__checkpoint_300000,question_D_hier90_linear10_two_phase_200k_seed53_12629366,300000,0.9982627034187317,5,3,quest,matrix_aux_detector_raw,406,0.0,1.8338510027022826e-05
question_D_hier90_linear10_two_phase_200k_seed53_12629366__checkpoint_300000,question_D_hier90_linear10_two_phase_200k_seed53_12629366,300000,0.9982627034187317,5,4,quest,matrix_aux_detector_raw,406,0.0,0.0008919433816926831
question_D_hier90_linear10_two_phase_200k_seed53_12629366__checkpoint_300000,question_D_hier90_linear10_two_phase_200k_seed53_12629366,300000,0.9982627034187317,5,5,quest,matrix_aux_detector_raw,406,0.0,2.284373962304605e-07
question_D_hier90_linear10_two_phase_200k_seed53_12629366__checkpoint_300000,question_D_hier90_linear10_two_phase_200k_seed53_12629366,300000,0.9982627034187317,5,6,quest,matrix_aux_detector_raw,406,0.0,4.984697809490957e-06
question_D_hier90_linear10_two_phase_200k_seed53_12629366__checkpoint_300000,question_D_hier90_linear10_two_phase_200k_seed53_12629366,300000,0.9982627034187317,5,7,quest,matrix_aux_detector_raw,406,0.9532019704433498,0.8994416198957014
question_D_hier90_linear10_two_phase_200k_seed54_12629502__checkpoint_300000,question_D_hier90_linear10_two_phase_200k_seed54_12629502,300000,0.960350513458252,0,0,quest,matrix_aux_detector_raw,406,0.0,4.461895461793693e-27
question_D_hier90_linear10_two_phase_200k_seed54_12629502__checkpoint_300000,question_D_hier90_linear10_two_phase_200k_seed54_12629502,300000,0.960350513458252,0,1,quest,matrix_aux_detector_raw,406,0.0,0.0
question_D_hier90_linear10_two_phase_200k_seed54_12629502__checkpoint_300000,question_D_hier90_linear10_two_phase_200k_seed54_12629502,300000,0.960350513458252,0,2,quest,matrix_aux_detector_raw,406,0.0,2.614380902001853e-18
question_D_hier90_linear10_two_phase_200k_seed54_12629502__checkpoint_300000,question_D_hier90_linear10_two_phase_200k_seed54_12629502,300000,0.960350513458252,0,3,quest,matrix_aux_detector_raw,406,0.0,3.105844906870466e-18
question_D_hier90_linear10_two_phase_200k_seed54_12629502__checkpoint_300000,question_D_hier90_linear10_two_phase_200k_seed54_12629502,300000,0.960350513458252,0,4,quest,matrix_aux_detector_raw,406,0.0,2.2459482659669597e-15
question_D_hier90_linear10_two_phase_200k_seed54_12629502__checkpoint_300000,question_D_hier90_linear10_two_phase_200k_seed54_12629502,300000,0.960350513458252,0,5,quest,matrix_aux_detector_raw,406,0.0,2.413634849967396e-18
question_D_hier90_linear10_two_phase_200k_seed54_12629502__checkpoint_300000,question_D_hier90_linear10_two_phase_200k_seed54_12629502,300000,0.960350513458252,0,6,quest,matrix_aux_detector_raw,406,0.0,1.2694053688562862e-14
question_D_hier90_linear10_two_phase_200k_seed54_12629502__checkpoint_300000,question_D_hier90_linear10_two_phase_200k_seed54_12629502,300000,0.960350513458252,0,7,quest,matrix_aux_detector_raw,406,0.0,3.2729150102192757e-12
question_D_hier90_linear10_two_phase_200k_seed54_12629502__checkpoint_300000,question_D_hier90_linear10_two_phase_200k_seed54_12629502,300000,0.960350513458252,1,0,quest,matrix_aux_detector_raw,406,0.027093596059113302,0.023537267081768298
question_D_hier90_linear10_two_phase_200k_seed54_12629502__checkpoint_300000,question_D_hier90_linear10_two_phase_200k_seed54_12629502,300000,0.960350513458252,1,1,quest,matrix_aux_detector_raw,406,0.0,5.499659928961008e-07
question_D_hier90_linear10_two_phase_200k_seed54_12629502__checkpoint_300000,question_D_hier90_linear10_two_phase_200k_seed54_12629502,300000,0.960350513458252,1,2,quest,matrix_aux_detector_raw,406,0.0,3.055028418501024e-07
question_D_hier90_linear10_two_phase_200k_seed54_12629502__checkpoint_300000,question_D_hier90_linear10_two_phase_200k_seed54_12629502,300000,0.960350513458252,1,3,quest,matrix_aux_detector_raw,406,1.0,0.9869758241575927
question_D_hier90_linear10_two_phase_200k_seed54_12629502__checkpoint_300000,question_D_hier90_linear10_two_phase_200k_seed54_12629502,300000,0.960350513458252,1,4,quest,matrix_aux_detector_raw,406,0.0,9.141745053148884e-07
question_D_hier90_linear10_two_phase_200k_seed54_12629502__checkpoint_300000,question_D_hier90_linear10_two_phase_200k_seed54_12629502,300000,0.960350513458252,1,5,quest,matrix_aux_detector_raw,406,0.0,2.4629175980539332e-05
question_D_hier90_linear10_two_phase_200k_seed54_12629502__checkpoint_300000,question_D_hier90_linear10_two_phase_200k_seed54_12629502,300000,0.960350513458252,1,6,quest,matrix_aux_detector_raw,406,0.0,7.195930750075004e-05
question_D_hier90_linear10_two_phase_200k_seed54_12629502__checkpoint_300000,question_D_hier90_linear10_two_phase_200k_seed54_12629502,300000,0.960350513458252,1,7,quest,matrix_aux_detector_raw,406,0.014778325123152709,0.010753008846911482
question_D_hier90_linear10_two_phase_200k_seed54_12629502__checkpoint_300000,question_D_hier90_linear10_two_phase_200k_seed54_12629502,300000,0.960350513458252,2,0,quest,matrix_aux_detector_raw,406,0.0,3.057972751461541e-07
question_D_hier90_linear10_two_phase_200k_seed54_12629502__checkpoint_300000,question_D_hier90_linear10_two_phase_200k_seed54_12629502,300000,0.960350513458252,2,1,quest,matrix_aux_detector_raw,406,0.019704433497536946,0.014357414166267912
question_D_hier90_linear10_two_phase_200k_seed54_12629502__checkpoint_300000,question_D_hier90_linear10_two_phase_200k_seed54_12629502,300000,0.960350513458252,2,2,quest,matrix_aux_detector_raw,406,0.0,2.5031466588382024e-08
question_D_hier90_linear10_two_phase_200k_seed54_12629502__checkpoint_300000,question_D_hier90_linear10_two_phase_200k_seed54_12629502,300000,0.960350513458252,2,3,quest,matrix_aux_detector_raw,406,0.0,4.76919862734748e-10
question_D_hier90_linear10_two_phase_200k_seed54_12629502__checkpoint_300000,question_D_hier90_linear10_two_phase_200k_seed54_12629502,300000,0.960350513458252,2,4,quest,matrix_aux_detector_raw,406,0.0,0.00041472636977745814
question_D_hier90_linear10_two_phase_200k_seed54_12629502__checkpoint_300000,question_D_hier90_linear10_two_phase_200k_seed54_12629502,300000,0.960350513458252,2,5,quest,matrix_aux_detector_raw,406,0.19704433497536947,0.1523886468368078
question_D_hier90_linear10_two_phase_200k_seed54_12629502__checkpoint_300000,question_D_hier90_linear10_two_phase_200k_seed54_12629502,300000,0.960350513458252,2,6,quest,matrix_aux_detector_raw,406,0.0,2.4363334890026874e-11
question_D_hier90_linear10_two_phase_200k_seed54_12629502__checkpoint_300000,question_D_hier90_linear10_two_phase_200k_seed54_12629502,300000,0.960350513458252,2,7,quest,matrix_aux_detector_raw,406,0.9975369458128078,0.9841685016166988
question_D_hier90_linear10_two_phase_200k_seed54_12629502__checkpoint_300000,question_D_hier90_linear10_two_phase_200k_seed54_12629502,300000,0.960350513458252,3,0,quest,matrix_aux_detector_raw,406,0.0,2.420253043441066e-07
question_D_hier90_linear10_two_phase_200k_seed54_12629502__checkpoint_300000,question_D_hier90_linear10_two_phase_200k_seed54_12629502,300000,0.960350513458252,3,1,quest,matrix_aux_detector_raw,406,0.07389162561576355,0.04134846110858568
question_D_hier90_linear10_two_phase_200k_seed54_12629502__checkpoint_300000,question_D_hier90_linear10_two_phase_200k_seed54_12629502,300000,0.960350513458252,3,2,quest,matrix_aux_detector_raw,406,1.0,0.9999529700267491
question_D_hier90_linear10_two_phase_200k_seed54_12629502__checkpoint_300000,question_D_hier90_linear10_two_phase_200k_seed54_12629502,300000,0.960350513458252,3,3,quest,matrix_aux_detector_raw,406,0.0,1.1310786504468238e-05
question_D_hier90_linear10_two_phase_200k_seed54_12629502__checkpoint_300000,question_D_hier90_linear10_two_phase_200k_seed54_12629502,300000,0.960350513458252,3,4,quest,matrix_aux_detector_raw,406,0.0,5.435179560590332e-09
question_D_hier90_linear10_two_phase_200k_seed54_12629502__checkpoint_300000,question_D_hier90_linear10_two_phase_200k_seed54_12629502,300000,0.960350513458252,3,5,quest,matrix_aux_detector_raw,406,0.43596059113300495,0.4117388947999951
question_D_hier90_linear10_two_phase_200k_seed54_12629502__checkpoint_300000,question_D_hier90_linear10_two_phase_200k_seed54_12629502,300000,0.960350513458252,3,6,quest,matrix_aux_detector_raw,406,0.0,0.00157064521487672
question_D_hier90_linear10_two_phase_200k_seed54_12629502__checkpoint_300000,question_D_hier90_linear10_two_phase_200k_seed54_12629502,300000,0.960350513458252,3,7,quest,matrix_aux_detector_raw,406,0.0,4.949583949679131e-10
question_D_hier90_linear10_two_phase_200k_seed54_12629502__checkpoint_300000,question_D_hier90_linear10_two_phase_200k_seed54_12629502,300000,0.960350513458252,4,0,quest,matrix_aux_detector_raw,406,1.0,0.9999999806211499
question_D_hier90_linear10_two_phase_200k_seed54_12629502__checkpoint_300000,question_D_hier90_linear10_two_phase_200k_seed54_12629502,300000,0.960350513458252,4,1,quest,matrix_aux_detector_raw,406,1.0,0.9999847842261121
question_D_hier90_linear10_two_phase_200k_seed54_12629502__checkpoint_300000,question_D_hier90_linear10_two_phase_200k_seed54_12629502,300000,0.960350513458252,4,2,quest,matrix_aux_detector_raw,406,1.0,0.9999956026159483
question_D_hier90_linear10_two_phase_200k_seed54_12629502__checkpoint_300000,question_D_hier90_linear10_two_phase_200k_seed54_12629502,300000,0.960350513458252,4,3,quest,matrix_aux_detector_raw,406,0.0,0.0002135361467372351
question_D_hier90_linear10_two_phase_200k_seed54_12629502__checkpoint_300000,question_D_hier90_linear10_two_phase_200k_seed54_12629502,300000,0.960350513458252,4,4,quest,matrix_aux_detector_raw,406,0.0,0.0002138798699671213
question_D_hier90_linear10_two_phase_200k_seed54_12629502__checkpoint_300000,question_D_hier90_linear10_two_phase_200k_seed54_12629502,300000,0.960350513458252,4,5,quest,matrix_aux_detector_raw,406,0.0,9.64233489255459e-13
question_D_hier90_linear10_two_phase_200k_seed54_12629502__checkpoint_300000,question_D_hier90_linear10_two_phase_200k_seed54_12629502,300000,0.960350513458252,4,6,quest,matrix_aux_detector_raw,406,0.0,1.3072274018696969e-05
question_D_hier90_linear10_two_phase_200k_seed54_12629502__checkpoint_300000,question_D_hier90_linear10_two_phase_200k_seed54_12629502,300000,0.960350513458252,4,7,quest,matrix_aux_detector_raw,406,0.0,3.8406636979829153e-07
question_D_hier90_linear10_two_phase_200k_seed54_12629502__checkpoint_300000,question_D_hier90_linear10_two_phase_200k_seed54_12629502,300000,0.960350513458252,5,0,quest,matrix_aux_detector_raw,406,0.0,2.5561886806818386e-05
question_D_hier90_linear10_two_phase_200k_seed54_12629502__checkpoint_300000,question_D_hier90_linear10_two_phase_200k_seed54_12629502,300000,0.960350513458252,5,1,quest,matrix_aux_detector_raw,406,0.0,1.122063212091215e-07
question_D_hier90_linear10_two_phase_200k_seed54_12629502__checkpoint_300000,question_D_hier90_linear10_two_phase_200k_seed54_12629502,300000,0.960350513458252,5,2,quest,matrix_aux_detector_raw,406,0.04926108374384237,0.030682723757290437
question_D_hier90_linear10_two_phase_200k_seed54_12629502__checkpoint_300000,question_D_hier90_linear10_two_phase_200k_seed54_12629502,300000,0.960350513458252,5,3,quest,matrix_aux_detector_raw,406,0.0,0.0004180120960499197
question_D_hier90_linear10_two_phase_200k_seed54_12629502__checkpoint_300000,question_D_hier90_linear10_two_phase_200k_seed54_12629502,300000,0.960350513458252,5,4,quest,matrix_aux_detector_raw,406,0.03201970443349754,0.020031272209708413
question_D_hier90_linear10_two_phase_200k_seed54_12629502__checkpoint_300000,question_D_hier90_linear10_two_phase_200k_seed54_12629502,300000,0.960350513458252,5,5,quest,matrix_aux_detector_raw,406,0.0,4.5884180091127425e-05
question_D_hier90_linear10_two_phase_200k_seed54_12629502__checkpoint_300000,question_D_hier90_linear10_two_phase_200k_seed54_12629502,300000,0.960350513458252,5,6,quest,matrix_aux_detector_raw,406,0.0,1.6008035888584536e-07
question_D_hier90_linear10_two_phase_200k_seed54_12629502__checkpoint_300000,question_D_hier90_linear10_two_phase_200k_seed54_12629502,300000,0.960350513458252,5,7,quest,matrix_aux_detector_raw,406,0.0,2.7556896102364322e-06
question_D_hier90_linear10_two_phase_200k_seed55_12629681__checkpoint_300000,question_D_hier90_linear10_two_phase_200k_seed55_12629681,300000,0.9527439475059509,0,0,quest,matrix_aux_detector_raw,406,0.0,4.1460711606314106e-17
question_D_hier90_linear10_two_phase_200k_seed55_12629681__checkpoint_300000,question_D_hier90_linear10_two_phase_200k_seed55_12629681,300000,0.9527439475059509,0,1,quest,matrix_aux_detector_raw,406,0.0,1.0960413854522622e-24
question_D_hier90_linear10_two_phase_200k_seed55_12629681__checkpoint_300000,question_D_hier90_linear10_two_phase_200k_seed55_12629681,300000,0.9527439475059509,0,2,quest,matrix_aux_detector_raw,406,0.0,5.742544231679236e-41
question_D_hier90_linear10_two_phase_200k_seed55_12629681__checkpoint_300000,question_D_hier90_linear10_two_phase_200k_seed55_12629681,300000,0.9527439475059509,0,3,quest,matrix_aux_detector_raw,406,0.0,1.2802463390714917e-09
question_D_hier90_linear10_two_phase_200k_seed55_12629681__checkpoint_300000,question_D_hier90_linear10_two_phase_200k_seed55_12629681,300000,0.9527439475059509,0,4,quest,matrix_aux_detector_raw,406,0.0,2.0839541886005915e-26
question_D_hier90_linear10_two_phase_200k_seed55_12629681__checkpoint_300000,question_D_hier90_linear10_two_phase_200k_seed55_12629681,300000,0.9527439475059509,0,5,quest,matrix_aux_detector_raw,406,0.0,2.632168293473066e-19
question_D_hier90_linear10_two_phase_200k_seed55_12629681__checkpoint_300000,question_D_hier90_linear10_two_phase_200k_seed55_12629681,300000,0.9527439475059509,0,6,quest,matrix_aux_detector_raw,406,0.7980295566502463,0.7851179288101449
question_D_hier90_linear10_two_phase_200k_seed55_12629681__checkpoint_300000,question_D_hier90_linear10_two_phase_200k_seed55_12629681,300000,0.9527439475059509,0,7,quest,matrix_aux_detector_raw,406,0.4187192118226601,0.40843026367795066
question_D_hier90_linear10_two_phase_200k_seed55_12629681__checkpoint_300000,question_D_hier90_linear10_two_phase_200k_seed55_12629681,300000,0.9527439475059509,1,0,quest,matrix_aux_detector_raw,406,0.0,4.2615420505050376e-09
question_D_hier90_linear10_two_phase_200k_seed55_12629681__checkpoint_300000,question_D_hier90_linear10_two_phase_200k_seed55_12629681,300000,0.9527439475059509,1,1,quest,matrix_aux_detector_raw,406,0.0,6.370345403708417e-05
question_D_hier90_linear10_two_phase_200k_seed55_12629681__checkpoint_300000,question_D_hier90_linear10_two_phase_200k_seed55_12629681,300000,0.9527439475059509,1,2,quest,matrix_aux_detector_raw,406,0.9433497536945813,0.9209575430598177
question_D_hier90_linear10_two_phase_200k_seed55_12629681__checkpoint_300000,question_D_hier90_linear10_two_phase_200k_seed55_12629681,300000,0.9527439475059509,1,3,quest,matrix_aux_detector_raw,406,0.6206896551724138,0.5617080943106191
question_D_hier90_linear10_two_phase_200k_seed55_12629681__checkpoint_300000,question_D_hier90_linear10_two_phase_200k_seed55_12629681,300000,0.9527439475059509,1,4,quest,matrix_aux_detector_raw,406,0.0024630541871921183,0.0016465474956940413
question_D_hier90_linear10_two_phase_200k_seed55_12629681__checkpoint_300000,question_D_hier90_linear10_two_phase_200k_seed55_12629681,300000,0.9527439475059509,1,5,quest,matrix_aux_detector_raw,406,0.0,1.2085903279837565e-06
question_D_hier90_linear10_two_phase_200k_seed55_12629681__checkpoint_300000,question_D_hier90_linear10_two_phase_200k_seed55_12629681,300000,0.9527439475059509,1,6,quest,matrix_aux_detector_raw,406,0.0,8.667980099723852e-05
question_D_hier90_linear10_two_phase_200k_seed55_12629681__checkpoint_300000,question_D_hier90_linear10_two_phase_200k_seed55_12629681,300000,0.9527439475059509,1,7,quest,matrix_aux_detector_raw,406,0.0,1.3355689794821813e-06
question_D_hier90_linear10_two_phase_200k_seed55_12629681__checkpoint_300000,question_D_hier90_linear10_two_phase_200k_seed55_12629681,300000,0.9527439475059509,2,0,quest,matrix_aux_detector_raw,406,1.0,0.9969423358957169
question_D_hier90_linear10_two_phase_200k_seed55_12629681__checkpoint_300000,question_D_hier90_linear10_two_phase_200k_seed55_12629681,300000,0.9527439475059509,2,1,quest,matrix_aux_detector_raw,406,0.014778325123152709,0.010083035355776378
question_D_hier90_linear10_two_phase_200k_seed55_12629681__checkpoint_300000,question_D_hier90_linear10_two_phase_200k_seed55_12629681,300000,0.9527439475059509,2,2,quest,matrix_aux_detector_raw,406,0.7586206896551724,0.7247816174843008
question_D_hier90_linear10_two_phase_200k_seed55_12629681__checkpoint_300000,question_D_hier90_linear10_two_phase_200k_seed55_12629681,300000,0.9527439475059509,2,3,quest,matrix_aux_detector_raw,406,0.0,8.63127039699253e-09
question_D_hier90_linear10_two_phase_200k_seed55_12629681__checkpoint_300000,question_D_hier90_linear10_two_phase_200k_seed55_12629681,300000,0.9527439475059509,2,4,quest,matrix_aux_detector_raw,406,0.0,9.387621711883608e-06
question_D_hier90_linear10_two_phase_200k_seed55_12629681__checkpoint_300000,question_D_hier90_linear10_two_phase_200k_seed55_12629681,300000,0.9527439475059509,2,5,quest,matrix_aux_detector_raw,406,0.0,7.439363787880301e-09
question_D_hier90_linear10_two_phase_200k_seed55_12629681__checkpoint_300000,question_D_hier90_linear10_two_phase_200k_seed55_12629681,300000,0.9527439475059509,2,6,quest,matrix_aux_detector_raw,406,0.029556650246305417,0.01958349977053151
question_D_hier90_linear10_two_phase_200k_seed55_12629681__checkpoint_300000,question_D_hier90_linear10_two_phase_200k_seed55_12629681,300000,0.9527439475059509,2,7,quest,matrix_aux_detector_raw,406,0.0,8.034145436641525e-08
question_D_hier90_linear10_two_phase_200k_seed55_12629681__checkpoint_300000,question_D_hier90_linear10_two_phase_200k_seed55_12629681,300000,0.9527439475059509,3,0,quest,matrix_aux_detector_raw,406,1.0,0.9999889032594089
question_D_hier90_linear10_two_phase_200k_seed55_12629681__checkpoint_300000,question_D_hier90_linear10_two_phase_200k_seed55_12629681,300000,0.9527439475059509,3,1,quest,matrix_aux_detector_raw,406,0.0,4.5833320041676484e-23
question_D_hier90_linear10_two_phase_200k_seed55_12629681__checkpoint_300000,question_D_hier90_linear10_two_phase_200k_seed55_12629681,300000,0.9527439475059509,3,2,quest,matrix_aux_detector_raw,406,1.0,0.949118153728875
question_D_hier90_linear10_two_phase_200k_seed55_12629681__checkpoint_300000,question_D_hier90_linear10_two_phase_200k_seed55_12629681,300000,0.9527439475059509,3,3,quest,matrix_aux_detector_raw,406,1.0,0.9999968026365552
question_D_hier90_linear10_two_phase_200k_seed55_12629681__checkpoint_300000,question_D_hier90_linear10_two_phase_200k_seed55_12629681,300000,0.9527439475059509,3,4,quest,matrix_aux_detector_raw,406,0.0,3.034277902323944e-17
question_D_hier90_linear10_two_phase_200k_seed55_12629681__checkpoint_300000,question_D_hier90_linear10_two_phase_200k_seed55_12629681,300000,0.9527439475059509,3,5,quest,matrix_aux_detector_raw,406,0.458128078817734,0.32835156255505754
question_D_hier90_linear10_two_phase_200k_seed55_12629681__checkpoint_300000,question_D_hier90_linear10_two_phase_200k_seed55_12629681,300000,0.9527439475059509,3,6,quest,matrix_aux_detector_raw,406,0.024630541871921183,0.01474691427256798
question_D_hier90_linear10_two_phase_200k_seed55_12629681__checkpoint_300000,question_D_hier90_linear10_two_phase_200k_seed55_12629681,300000,0.9527439475059509,3,7,quest,matrix_aux_detector_raw,406,0.0,1.7010198546653253e-13
question_D_hier90_linear10_two_phase_200k_seed55_12629681__checkpoint_300000,question_D_hier90_linear10_two_phase_200k_seed55_12629681,300000,0.9527439475059509,4,0,quest,matrix_aux_detector_raw,406,0.0,4.211605773824316e-12
question_D_hier90_linear10_two_phase_200k_seed55_12629681__checkpoint_300000,question_D_hier90_linear10_two_phase_200k_seed55_12629681,300000,0.9527439475059509,4,1,quest,matrix_aux_detector_raw,406,1.0,0.9999951118318905
question_D_hier90_linear10_two_phase_200k_seed55_12629681__checkpoint_300000,question_D_hier90_linear10_two_phase_200k_seed55_12629681,300000,0.9527439475059509,4,2,quest,matrix_aux_detector_raw,406,1.0,0.9938586294063794
question_D_hier90_linear10_two_phase_200k_seed55_12629681__checkpoint_300000,question_D_hier90_linear10_two_phase_200k_seed55_12629681,300000,0.9527439475059509,4,3,quest,matrix_aux_detector_raw,406,0.0,5.967421758972929e-08
question_D_hier90_linear10_two_phase_200k_seed55_12629681__checkpoint_300000,question_D_hier90_linear10_two_phase_200k_seed55_12629681,300000,0.9527439475059509,4,4,quest,matrix_aux_detector_raw,406,0.0,7.343936418411826e-05
question_D_hier90_linear10_two_phase_200k_seed55_12629681__checkpoint_300000,question_D_hier90_linear10_two_phase_200k_seed55_12629681,300000,0.9527439475059509,4,5,quest,matrix_aux_detector_raw,406,0.0,7.364656196091959e-08
question_D_hier90_linear10_two_phase_200k_seed55_12629681__checkpoint_300000,question_D_hier90_linear10_two_phase_200k_seed55_12629681,300000,0.9527439475059509,4,6,quest,matrix_aux_detector_raw,406,0.0,0.0008688396287442199
question_D_hier90_linear10_two_phase_200k_seed55_12629681__checkpoint_300000,question_D_hier90_linear10_two_phase_200k_seed55_12629681,300000,0.9527439475059509,4,7,quest,matrix_aux_detector_raw,406,1.0,0.9999976124375912
question_D_hier90_linear10_two_phase_200k_seed55_12629681__checkpoint_300000,question_D_hier90_linear10_two_phase_200k_seed55_12629681,300000,0.9527439475059509,5,0,quest,matrix_aux_detector_raw,406,0.0,4.14348768823003e-08
question_D_hier90_linear10_two_phase_200k_seed55_12629681__checkpoint_300000,question_D_hier90_linear10_two_phase_200k_seed55_12629681,300000,0.9527439475059509,5,1,quest,matrix_aux_detector_raw,406,0.0,0.0008473431253982216
question_D_hier90_linear10_two_phase_200k_seed55_12629681__checkpoint_300000,question_D_hier90_linear10_two_phase_200k_seed55_12629681,300000,0.9527439475059509,5,2,quest,matrix_aux_detector_raw,406,0.0,0.0003705681379097019
question_D_hier90_linear10_two_phase_200k_seed55_12629681__checkpoint_300000,question_D_hier90_linear10_two_phase_200k_seed55_12629681,300000,0.9527439475059509,5,3,quest,matrix_aux_detector_raw,406,0.0,4.4560402977368283e-07
question_D_hier90_linear10_two_phase_200k_seed55_12629681__checkpoint_300000,question_D_hier90_linear10_two_phase_200k_seed55_12629681,300000,0.9527439475059509,5,4,quest,matrix_aux_detector_raw,406,0.0,0.0006833669905903965
question_D_hier90_linear10_two_phase_200k_seed55_12629681__checkpoint_300000,question_D_hier90_linear10_two_phase_200k_seed55_12629681,300000,0.9527439475059509,5,5,quest,matrix_aux_detector_raw,406,0.16009852216748768,0.12885624695054035
question_D_hier90_linear10_two_phase_200k_seed55_12629681__checkpoint_300000,question_D_hier90_linear10_two_phase_200k_seed55_12629681,300000,0.9527439475059509,5,6,quest,matrix_aux_detector_raw,406,0.0,0.0002384358422542603
question_D_hier90_linear10_two_phase_200k_seed55_12629681__checkpoint_300000,question_D_hier90_linear10_two_phase_200k_seed55_12629681,300000,0.9527439475059509,5,7,quest,matrix_aux_detector_raw,406,0.4802955665024631,0.3824226161024748
question_D_hier90_linear10_two_phase_200k_seed56_12629901__checkpoint_300000,question_D_hier90_linear10_two_phase_200k_seed56_12629901,300000,0.9999779462814331,0,0,quest,matrix_aux_detector_raw,406,0.0,5.019296917291072e-08
question_D_hier90_linear10_two_phase_200k_seed56_12629901__checkpoint_300000,question_D_hier90_linear10_two_phase_200k_seed56_12629901,300000,0.9999779462814331,0,1,quest,matrix_aux_detector_raw,406,0.0,1.2131927229580253e-33
question_D_hier90_linear10_two_phase_200k_seed56_12629901__checkpoint_300000,question_D_hier90_linear10_two_phase_200k_seed56_12629901,300000,0.9999779462814331,0,2,quest,matrix_aux_detector_raw,406,0.0,1.620153763996702e-23
question_D_hier90_linear10_two_phase_200k_seed56_12629901__checkpoint_300000,question_D_hier90_linear10_two_phase_200k_seed56_12629901,300000,0.9999779462814331,0,3,quest,matrix_aux_detector_raw,406,0.0,8.583043607221741e-19
question_D_hier90_linear10_two_phase_200k_seed56_12629901__checkpoint_300000,question_D_hier90_linear10_two_phase_200k_seed56_12629901,300000,0.9999779462814331,0,4,quest,matrix_aux_detector_raw,406,0.0,6.902948100122252e-48
question_D_hier90_linear10_two_phase_200k_seed56_12629901__checkpoint_300000,question_D_hier90_linear10_two_phase_200k_seed56_12629901,300000,0.9999779462814331,0,5,quest,matrix_aux_detector_raw,406,0.0,1.82899669138157e-15
question_D_hier90_linear10_two_phase_200k_seed56_12629901__checkpoint_300000,question_D_hier90_linear10_two_phase_200k_seed56_12629901,300000,0.9999779462814331,0,6,quest,matrix_aux_detector_raw,406,0.0,4.1696806338746743e-19
question_D_hier90_linear10_two_phase_200k_seed56_12629901__checkpoint_300000,question_D_hier90_linear10_two_phase_200k_seed56_12629901,300000,0.9999779462814331,0,7,quest,matrix_aux_detector_raw,406,0.0,1.2214570601378169e-19
question_D_hier90_linear10_two_phase_200k_seed56_12629901__checkpoint_300000,question_D_hier90_linear10_two_phase_200k_seed56_12629901,300000,0.9999779462814331,1,0,quest,matrix_aux_detector_raw,406,0.0,3.938118802679277e-05
question_D_hier90_linear10_two_phase_200k_seed56_12629901__checkpoint_300000,question_D_hier90_linear10_two_phase_200k_seed56_12629901,300000,0.9999779462814331,1,1,quest,matrix_aux_detector_raw,406,0.0,0.0013534660366564374
question_D_hier90_linear10_two_phase_200k_seed56_12629901__checkpoint_300000,question_D_hier90_linear10_two_phase_200k_seed56_12629901,300000,0.9999779462814331,1,2,quest,matrix_aux_detector_raw,406,0.0,7.2479791740602e-16
question_D_hier90_linear10_two_phase_200k_seed56_12629901__checkpoint_300000,question_D_hier90_linear10_two_phase_200k_seed56_12629901,300000,0.9999779462814331,1,3,quest,matrix_aux_detector_raw,406,0.0,2.4537000651431745e-10
question_D_hier90_linear10_two_phase_200k_seed56_12629901__checkpoint_300000,question_D_hier90_linear10_two_phase_200k_seed56_12629901,300000,0.9999779462814331,1,4,quest,matrix_aux_detector_raw,406,0.0,0.0005285159163612721
question_D_hier90_linear10_two_phase_200k_seed56_12629901__checkpoint_300000,question_D_hier90_linear10_two_phase_200k_seed56_12629901,300000,0.9999779462814331,1,5,quest,matrix_aux_detector_raw,406,0.0,1.320521745268651e-10
question_D_hier90_linear10_two_phase_200k_seed56_12629901__checkpoint_300000,question_D_hier90_linear10_two_phase_200k_seed56_12629901,300000,0.9999779462814331,1,6,quest,matrix_aux_detector_raw,406,0.770935960591133,0.724080309013186
question_D_hier90_linear10_two_phase_200k_seed56_12629901__checkpoint_300000,question_D_hier90_linear10_two_phase_200k_seed56_12629901,300000,0.9999779462814331,1,7,quest,matrix_aux_detector_raw,406,0.39901477832512317,0.34375354741668535
question_D_hier90_linear10_two_phase_200k_seed56_12629901__checkpoint_300000,question_D_hier90_linear10_two_phase_200k_seed56_12629901,300000,0.9999779462814331,2,0,quest,matrix_aux_detector_raw,406,0.07635467980295567,0.047232299207224104
question_D_hier90_linear10_two_phase_200k_seed56_12629901__checkpoint_300000,question_D_hier90_linear10_two_phase_200k_seed56_12629901,300000,0.9999779462814331,2,1,quest,matrix_aux_detector_raw,406,0.06157635467980296,0.046311718069231705
question_D_hier90_linear10_two_phase_200k_seed56_12629901__checkpoint_300000,question_D_hier90_linear10_two_phase_200k_seed56_12629901,300000,0.9999779462814331,2,2,quest,matrix_aux_detector_raw,406,0.7192118226600985,0.6902145177808722
question_D_hier90_linear10_two_phase_200k_seed56_12629901__checkpoint_300000,question_D_hier90_linear10_two_phase_200k_seed56_12629901,300000,0.9999779462814331,2,3,quest,matrix_aux_detector_raw,406,0.0,1.059508236118931e-07
question_D_hier90_linear10_two_phase_200k_seed56_12629901__checkpoint_300000,question_D_hier90_linear10_two_phase_200k_seed56_12629901,300000,0.9999779462814331,2,4,quest,matrix_aux_detector_raw,406,0.6551724137931034,0.6424738075844068
question_D_hier90_linear10_two_phase_200k_seed56_12629901__checkpoint_300000,question_D_hier90_linear10_two_phase_200k_seed56_12629901,300000,0.9999779462814331,2,5,quest,matrix_aux_detector_raw,406,0.0,1.7759035919607158e-14
question_D_hier90_linear10_two_phase_200k_seed56_12629901__checkpoint_300000,question_D_hier90_linear10_two_phase_200k_seed56_12629901,300000,0.9999779462814331,2,6,quest,matrix_aux_detector_raw,406,0.0,1.6010098949674088e-13
question_D_hier90_linear10_two_phase_200k_seed56_12629901__checkpoint_300000,question_D_hier90_linear10_two_phase_200k_seed56_12629901,300000,0.9999779462814331,2,7,quest,matrix_aux_detector_raw,406,0.0,3.964926694435032e-06
question_D_hier90_linear10_two_phase_200k_seed56_12629901__checkpoint_300000,question_D_hier90_linear10_two_phase_200k_seed56_12629901,300000,0.9999779462814331,3,0,quest,matrix_aux_detector_raw,406,0.0,0.0020648733296860125
question_D_hier90_linear10_two_phase_200k_seed56_12629901__checkpoint_300000,question_D_hier90_linear10_two_phase_200k_seed56_12629901,300000,0.9999779462814331,3,1,quest,matrix_aux_detector_raw,406,0.0049261083743842365,0.005960329146309174
question_D_hier90_linear10_two_phase_200k_seed56_12629901__checkpoint_300000,question_D_hier90_linear10_two_phase_200k_seed56_12629901,300000,0.9999779462814331,3,2,quest,matrix_aux_detector_raw,406,0.0,8.66910902968209e-08
question_D_hier90_linear10_two_phase_200k_seed56_12629901__checkpoint_300000,question_D_hier90_linear10_two_phase_200k_seed56_12629901,300000,0.9999779462814331,3,3,quest,matrix_aux_detector_raw,406,1.0,0.999999873450237
question_D_hier90_linear10_two_phase_200k_seed56_12629901__checkpoint_300000,question_D_hier90_linear10_two_phase_200k_seed56_12629901,300000,0.9999779462814331,3,4,quest,matrix_aux_detector_raw,406,0.0,1.5737880178182785e-09
question_D_hier90_linear10_two_phase_200k_seed56_12629901__checkpoint_300000,question_D_hier90_linear10_two_phase_200k_seed56_12629901,300000,0.9999779462814331,3,5,quest,matrix_aux_detector_raw,406,0.8423645320197044,0.7217160546704134
question_D_hier90_linear10_two_phase_200k_seed56_12629901__checkpoint_300000,question_D_hier90_linear10_two_phase_200k_seed56_12629901,300000,0.9999779462814331,3,6,quest,matrix_aux_detector_raw,406,0.0,1.0311895154599719e-07
question_D_hier90_linear10_two_phase_200k_seed56_12629901__checkpoint_300000,question_D_hier90_linear10_two_phase_200k_seed56_12629901,300000,0.9999779462814331,3,7,quest,matrix_aux_detector_raw,406,0.0,2.165466318863588e-13
question_D_hier90_linear10_two_phase_200k_seed56_12629901__checkpoint_300000,question_D_hier90_linear10_two_phase_200k_seed56_12629901,300000,0.9999779462814331,4,0,quest,matrix_aux_detector_raw,406,0.0,1.1976502103348332e-08
question_D_hier90_linear10_two_phase_200k_seed56_12629901__checkpoint_300000,question_D_hier90_linear10_two_phase_200k_seed56_12629901,300000,0.9999779462814331,4,1,quest,matrix_aux_detector_raw,406,1.0,0.9999931282891429
question_D_hier90_linear10_two_phase_200k_seed56_12629901__checkpoint_300000,question_D_hier90_linear10_two_phase_200k_seed56_12629901,300000,0.9999779462814331,4,2,quest,matrix_aux_detector_raw,406,1.0,0.9999995842355812
question_D_hier90_linear10_two_phase_200k_seed56_12629901__checkpoint_300000,question_D_hier90_linear10_two_phase_200k_seed56_12629901,300000,0.9999779462814331,4,3,quest,matrix_aux_detector_raw,406,0.0,6.641984121168108e-10
question_D_hier90_linear10_two_phase_200k_seed56_12629901__checkpoint_300000,question_D_hier90_linear10_two_phase_200k_seed56_12629901,300000,0.9999779462814331,4,4,quest,matrix_aux_detector_raw,406,0.0,2.470176241087136e-06
question_D_hier90_linear10_two_phase_200k_seed56_12629901__checkpoint_300000,question_D_hier90_linear10_two_phase_200k_seed56_12629901,300000,0.9999779462814331,4,5,quest,matrix_aux_detector_raw,406,0.0,3.4408400622686e-13
question_D_hier90_linear10_two_phase_200k_seed56_12629901__checkpoint_300000,question_D_hier90_linear10_two_phase_200k_seed56_12629901,300000,0.9999779462814331,4,6,quest,matrix_aux_detector_raw,406,0.0,2.2492505682425874e-12
question_D_hier90_linear10_two_phase_200k_seed56_12629901__checkpoint_300000,question_D_hier90_linear10_two_phase_200k_seed56_12629901,300000,0.9999779462814331,4,7,quest,matrix_aux_detector_raw,406,1.0,0.9999999230718378
question_D_hier90_linear10_two_phase_200k_seed56_12629901__checkpoint_300000,question_D_hier90_linear10_two_phase_200k_seed56_12629901,300000,0.9999779462814331,5,0,quest,matrix_aux_detector_raw,406,0.0,6.026732621065012e-07
question_D_hier90_linear10_two_phase_200k_seed56_12629901__checkpoint_300000,question_D_hier90_linear10_two_phase_200k_seed56_12629901,300000,0.9999779462814331,5,1,quest,matrix_aux_detector_raw,406,0.0,9.795570091746881e-08
question_D_hier90_linear10_two_phase_200k_seed56_12629901__checkpoint_300000,question_D_hier90_linear10_two_phase_200k_seed56_12629901,300000,0.9999779462814331,5,2,quest,matrix_aux_detector_raw,406,0.0024630541871921183,0.001769074353782515
question_D_hier90_linear10_two_phase_200k_seed56_12629901__checkpoint_300000,question_D_hier90_linear10_two_phase_200k_seed56_12629901,300000,0.9999779462814331,5,3,quest,matrix_aux_detector_raw,406,0.0,7.0630922691811964e-06
question_D_hier90_linear10_two_phase_200k_seed56_12629901__checkpoint_300000,question_D_hier90_linear10_two_phase_200k_seed56_12629901,300000,0.9999779462814331,5,4,quest,matrix_aux_detector_raw,406,0.0,0.0003557736463359284
question_D_hier90_linear10_two_phase_200k_seed56_12629901__checkpoint_300000,question_D_hier90_linear10_two_phase_200k_seed56_12629901,300000,0.9999779462814331,5,5,quest,matrix_aux_detector_raw,406,0.0,5.464596563844887e-05
question_D_hier90_linear10_two_phase_200k_seed56_12629901__checkpoint_300000,question_D_hier90_linear10_two_phase_200k_seed56_12629901,300000,0.9999779462814331,5,6,quest,matrix_aux_detector_raw,406,0.04926108374384237,0.03352055461670855
question_D_hier90_linear10_two_phase_200k_seed56_12629901__checkpoint_300000,question_D_hier90_linear10_two_phase_200k_seed56_12629901,300000,0.9999779462814331,5,7,quest,matrix_aux_detector_raw,406,0.0,6.931723631394861e-08
question_D_hier90_linear10_two_phase_200k_seed57_12630034__checkpoint_300000,question_D_hier90_linear10_two_phase_200k_seed57_12630034,300000,0.8766748309135437,0,0,quest,matrix_aux_detector_raw,406,0.0,1.4261306941718734e-30
question_D_hier90_linear10_two_phase_200k_seed57_12630034__checkpoint_300000,question_D_hier90_linear10_two_phase_200k_seed57_12630034,300000,0.8766748309135437,0,1,quest,matrix_aux_detector_raw,406,0.46551724137931033,0.42975745658590886
question_D_hier90_linear10_two_phase_200k_seed57_12630034__checkpoint_300000,question_D_hier90_linear10_two_phase_200k_seed57_12630034,300000,0.8766748309135437,0,2,quest,matrix_aux_detector_raw,406,0.0,1.3113054687032416e-35
question_D_hier90_linear10_two_phase_200k_seed57_12630034__checkpoint_300000,question_D_hier90_linear10_two_phase_200k_seed57_12630034,300000,0.8766748309135437,0,3,quest,matrix_aux_detector_raw,406,0.0,4.036443359899956e-11
question_D_hier90_linear10_two_phase_200k_seed57_12630034__checkpoint_300000,question_D_hier90_linear10_two_phase_200k_seed57_12630034,300000,0.8766748309135437,0,4,quest,matrix_aux_detector_raw,406,0.42610837438423643,0.4187517694434536
question_D_hier90_linear10_two_phase_200k_seed57_12630034__checkpoint_300000,question_D_hier90_linear10_two_phase_200k_seed57_12630034,300000,0.8766748309135437,0,5,quest,matrix_aux_detector_raw,406,0.0,1.0519990794543985e-20
question_D_hier90_linear10_two_phase_200k_seed57_12630034__checkpoint_300000,question_D_hier90_linear10_two_phase_200k_seed57_12630034,300000,0.8766748309135437,0,6,quest,matrix_aux_detector_raw,406,0.0,1.3417467310650624e-42
question_D_hier90_linear10_two_phase_200k_seed57_12630034__checkpoint_300000,question_D_hier90_linear10_two_phase_200k_seed57_12630034,300000,0.8766748309135437,0,7,quest,matrix_aux_detector_raw,406,0.0,2.411185283158469e-26
question_D_hier90_linear10_two_phase_200k_seed57_12630034__checkpoint_300000,question_D_hier90_linear10_two_phase_200k_seed57_12630034,300000,0.8766748309135437,1,0,quest,matrix_aux_detector_raw,406,0.0,2.0816126371998568e-05
question_D_hier90_linear10_two_phase_200k_seed57_12630034__checkpoint_300000,question_D_hier90_linear10_two_phase_200k_seed57_12630034,300000,0.8766748309135437,1,1,quest,matrix_aux_detector_raw,406,0.0024630541871921183,0.00390897129302187
question_D_hier90_linear10_two_phase_200k_seed57_12630034__checkpoint_300000,question_D_hier90_linear10_two_phase_200k_seed57_12630034,300000,0.8766748309135437,1,2,quest,matrix_aux_detector_raw,406,0.16748768472906403,0.1533936022741767
question_D_hier90_linear10_two_phase_200k_seed57_12630034__checkpoint_300000,question_D_hier90_linear10_two_phase_200k_seed57_12630034,300000,0.8766748309135437,1,3,quest,matrix_aux_detector_raw,406,0.0,0.004550430210972569
question_D_hier90_linear10_two_phase_200k_seed57_12630034__checkpoint_300000,question_D_hier90_linear10_two_phase_200k_seed57_12630034,300000,0.8766748309135437,1,4,quest,matrix_aux_detector_raw,406,0.0,3.739252224188805e-09
question_D_hier90_linear10_two_phase_200k_seed57_12630034__checkpoint_300000,question_D_hier90_linear10_two_phase_200k_seed57_12630034,300000,0.8766748309135437,1,5,quest,matrix_aux_detector_raw,406,0.7463054187192119,0.5922013220308163
question_D_hier90_linear10_two_phase_200k_seed57_12630034__checkpoint_300000,question_D_hier90_linear10_two_phase_200k_seed57_12630034,300000,0.8766748309135437,1,6,quest,matrix_aux_detector_raw,406,0.0,1.3386048407012852e-06
question_D_hier90_linear10_two_phase_200k_seed57_12630034__checkpoint_300000,question_D_hier90_linear10_two_phase_200k_seed57_12630034,300000,0.8766748309135437,1,7,quest,matrix_aux_detector_raw,406,0.0,0.0010363478229459624
question_D_hier90_linear10_two_phase_200k_seed57_12630034__checkpoint_300000,question_D_hier90_linear10_two_phase_200k_seed57_12630034,300000,0.8766748309135437,2,0,quest,matrix_aux_detector_raw,406,0.046798029556650245,0.03129830770847235
question_D_hier90_linear10_two_phase_200k_seed57_12630034__checkpoint_300000,question_D_hier90_linear10_two_phase_200k_seed57_12630034,300000,0.8766748309135437,2,1,quest,matrix_aux_detector_raw,406,0.0,2.402251161326418e-08
question_D_hier90_linear10_two_phase_200k_seed57_12630034__checkpoint_300000,question_D_hier90_linear10_two_phase_200k_seed57_12630034,300000,0.8766748309135437,2,2,quest,matrix_aux_detector_raw,406,0.0,5.0271510440565465e-11
question_D_hier90_linear10_two_phase_200k_seed57_12630034__checkpoint_300000,question_D_hier90_linear10_two_phase_200k_seed57_12630034,300000,0.8766748309135437,2,3,quest,matrix_aux_detector_raw,406,0.0,5.260301856382576e-05
question_D_hier90_linear10_two_phase_200k_seed57_12630034__checkpoint_300000,question_D_hier90_linear10_two_phase_200k_seed57_12630034,300000,0.8766748309135437,2,4,quest,matrix_aux_detector_raw,406,0.0,0.0005842213203581866
question_D_hier90_linear10_two_phase_200k_seed57_12630034__checkpoint_300000,question_D_hier90_linear10_two_phase_200k_seed57_12630034,300000,0.8766748309135437,2,5,quest,matrix_aux_detector_raw,406,0.4876847290640394,0.46075551424338607
question_D_hier90_linear10_two_phase_200k_seed57_12630034__checkpoint_300000,question_D_hier90_linear10_two_phase_200k_seed57_12630034,300000,0.8766748309135437,2,6,quest,matrix_aux_detector_raw,406,0.5886699507389163,0.5222404899286576
question_D_hier90_linear10_two_phase_200k_seed57_12630034__checkpoint_300000,question_D_hier90_linear10_two_phase_200k_seed57_12630034,300000,0.8766748309135437,2,7,quest,matrix_aux_detector_raw,406,0.8793103448275862,0.8214693140983628
question_D_hier90_linear10_two_phase_200k_seed57_12630034__checkpoint_300000,question_D_hier90_linear10_two_phase_200k_seed57_12630034,300000,0.8766748309135437,3,0,quest,matrix_aux_detector_raw,406,0.0,6.069572166330845e-07
question_D_hier90_linear10_two_phase_200k_seed57_12630034__checkpoint_300000,question_D_hier90_linear10_two_phase_200k_seed57_12630034,300000,0.8766748309135437,3,1,quest,matrix_aux_detector_raw,406,0.0,2.6952597189151747e-06
question_D_hier90_linear10_two_phase_200k_seed57_12630034__checkpoint_300000,question_D_hier90_linear10_two_phase_200k_seed57_12630034,300000,0.8766748309135437,3,2,quest,matrix_aux_detector_raw,406,1.0,0.9997639813153028
question_D_hier90_linear10_two_phase_200k_seed57_12630034__checkpoint_300000,question_D_hier90_linear10_two_phase_200k_seed57_12630034,300000,0.8766748309135437,3,3,quest,matrix_aux_detector_raw,406,0.0,4.487906315243002e-06
question_D_hier90_linear10_two_phase_200k_seed57_12630034__checkpoint_300000,question_D_hier90_linear10_two_phase_200k_seed57_12630034,300000,0.8766748309135437,3,4,quest,matrix_aux_detector_raw,406,0.0,2.5009450076978136e-06
question_D_hier90_linear10_two_phase_200k_seed57_12630034__checkpoint_300000,question_D_hier90_linear10_two_phase_200k_seed57_12630034,300000,0.8766748309135437,3,5,quest,matrix_aux_detector_raw,406,0.024630541871921183,0.019976986861113533
question_D_hier90_linear10_two_phase_200k_seed57_12630034__checkpoint_300000,question_D_hier90_linear10_two_phase_200k_seed57_12630034,300000,0.8766748309135437,3,6,quest,matrix_aux_detector_raw,406,0.0,1.4638825182560387e-11
question_D_hier90_linear10_two_phase_200k_seed57_12630034__checkpoint_300000,question_D_hier90_linear10_two_phase_200k_seed57_12630034,300000,0.8766748309135437,3,7,quest,matrix_aux_detector_raw,406,0.059113300492610835,0.037101732563467986
question_D_hier90_linear10_two_phase_200k_seed57_12630034__checkpoint_300000,question_D_hier90_linear10_two_phase_200k_seed57_12630034,300000,0.8766748309135437,4,0,quest,matrix_aux_detector_raw,406,1.0,0.9999997445515224
question_D_hier90_linear10_two_phase_200k_seed57_12630034__checkpoint_300000,question_D_hier90_linear10_two_phase_200k_seed57_12630034,300000,0.8766748309135437,4,1,quest,matrix_aux_detector_raw,406,0.0,0.0005822872397882557
question_D_hier90_linear10_two_phase_200k_seed57_12630034__checkpoint_300000,question_D_hier90_linear10_two_phase_200k_seed57_12630034,300000,0.8766748309135437,4,2,quest,matrix_aux_detector_raw,406,0.0,1.080440923499169e-09
question_D_hier90_linear10_two_phase_200k_seed57_12630034__checkpoint_300000,question_D_hier90_linear10_two_phase_200k_seed57_12630034,300000,0.8766748309135437,4,3,quest,matrix_aux_detector_raw,406,0.007389162561576354,0.00836074117637651
question_D_hier90_linear10_two_phase_200k_seed57_12630034__checkpoint_300000,question_D_hier90_linear10_two_phase_200k_seed57_12630034,300000,0.8766748309135437,4,4,quest,matrix_aux_detector_raw,406,1.0,0.9999945077109219
question_D_hier90_linear10_two_phase_200k_seed57_12630034__checkpoint_300000,question_D_hier90_linear10_two_phase_200k_seed57_12630034,300000,0.8766748309135437,4,5,quest,matrix_aux_detector_raw,406,0.0024630541871921183,0.005938279193848203
question_D_hier90_linear10_two_phase_200k_seed57_12630034__checkpoint_300000,question_D_hier90_linear10_two_phase_200k_seed57_12630034,300000,0.8766748309135437,4,6,quest,matrix_aux_detector_raw,406,1.0,0.9999994547496288
question_D_hier90_linear10_two_phase_200k_seed57_12630034__checkpoint_300000,question_D_hier90_linear10_two_phase_200k_seed57_12630034,300000,0.8766748309135437,4,7,quest,matrix_aux_detector_raw,406,1.0,0.9999999988255243
question_D_hier90_linear10_two_phase_200k_seed57_12630034__checkpoint_300000,question_D_hier90_linear10_two_phase_200k_seed57_12630034,300000,0.8766748309135437,5,0,quest,matrix_aux_detector_raw,406,0.0,1.0448926550267964e-07
question_D_hier90_linear10_two_phase_200k_seed57_12630034__checkpoint_300000,question_D_hier90_linear10_two_phase_200k_seed57_12630034,300000,0.8766748309135437,5,1,quest,matrix_aux_detector_raw,406,0.0,0.0032484450716922593
question_D_hier90_linear10_two_phase_200k_seed57_12630034__checkpoint_300000,question_D_hier90_linear10_two_phase_200k_seed57_12630034,300000,0.8766748309135437,5,2,quest,matrix_aux_detector_raw,406,0.0,1.2479637356129748e-09
question_D_hier90_linear10_two_phase_200k_seed57_12630034__checkpoint_300000,question_D_hier90_linear10_two_phase_200k_seed57_12630034,300000,0.8766748309135437,5,3,quest,matrix_aux_detector_raw,406,0.5344827586206896,0.4526316472113221
question_D_hier90_linear10_two_phase_200k_seed57_12630034__checkpoint_300000,question_D_hier90_linear10_two_phase_200k_seed57_12630034,300000,0.8766748309135437,5,4,quest,matrix_aux_detector_raw,406,0.0,0.0012337531928418497
question_D_hier90_linear10_two_phase_200k_seed57_12630034__checkpoint_300000,question_D_hier90_linear10_two_phase_200k_seed57_12630034,300000,0.8766748309135437,5,5,quest,matrix_aux_detector_raw,406,0.03201970443349754,0.022808551966347634
question_D_hier90_linear10_two_phase_200k_seed57_12630034__checkpoint_300000,question_D_hier90_linear10_two_phase_200k_seed57_12630034,300000,0.8766748309135437,5,6,quest,matrix_aux_detector_raw,406,0.0,0.00016973398480626197
question_D_hier90_linear10_two_phase_200k_seed57_12630034__checkpoint_300000,question_D_hier90_linear10_two_phase_200k_seed57_12630034,300000,0.8766748309135437,5,7,quest,matrix_aux_detector_raw,406,0.0,1.843018273075e-05
question_D_hier90_linear10_two_phase_200k_seed58_12682784__checkpoint_300000,question_D_hier90_linear10_two_phase_200k_seed58_12682784,300000,0.6531110405921936,0,0,quest,matrix_aux_detector_raw,406,0.009852216748768473,0.00705238123388358
question_D_hier90_linear10_two_phase_200k_seed58_12682784__checkpoint_300000,question_D_hier90_linear10_two_phase_200k_seed58_12682784,300000,0.6531110405921936,0,1,quest,matrix_aux_detector_raw,406,0.4876847290640394,0.48498973961092523
question_D_hier90_linear10_two_phase_200k_seed58_12682784__checkpoint_300000,question_D_hier90_linear10_two_phase_200k_seed58_12682784,300000,0.6531110405921936,0,2,quest,matrix_aux_detector_raw,406,0.5763546798029556,0.5561808136225598
question_D_hier90_linear10_two_phase_200k_seed58_12682784__checkpoint_300000,question_D_hier90_linear10_two_phase_200k_seed58_12682784,300000,0.6531110405921936,0,3,quest,matrix_aux_detector_raw,406,0.0,5.765665196626341e-35
question_D_hier90_linear10_two_phase_200k_seed58_12682784__checkpoint_300000,question_D_hier90_linear10_two_phase_200k_seed58_12682784,300000,0.6531110405921936,0,4,quest,matrix_aux_detector_raw,406,0.0,7.876693499576749e-19
question_D_hier90_linear10_two_phase_200k_seed58_12682784__checkpoint_300000,question_D_hier90_linear10_two_phase_200k_seed58_12682784,300000,0.6531110405921936,0,5,quest,matrix_aux_detector_raw,406,0.0,1.2515938498895108e-22
question_D_hier90_linear10_two_phase_200k_seed58_12682784__checkpoint_300000,question_D_hier90_linear10_two_phase_200k_seed58_12682784,300000,0.6531110405921936,0,6,quest,matrix_aux_detector_raw,406,0.0,1.3664004667221713e-09
question_D_hier90_linear10_two_phase_200k_seed58_12682784__checkpoint_300000,question_D_hier90_linear10_two_phase_200k_seed58_12682784,300000,0.6531110405921936,0,7,quest,matrix_aux_detector_raw,406,0.0,0.0
question_D_hier90_linear10_two_phase_200k_seed58_12682784__checkpoint_300000,question_D_hier90_linear10_two_phase_200k_seed58_12682784,300000,0.6531110405921936,1,0,quest,matrix_aux_detector_raw,406,0.0,0.00049419449596674
question_D_hier90_linear10_two_phase_200k_seed58_12682784__checkpoint_300000,question_D_hier90_linear10_two_phase_200k_seed58_12682784,300000,0.6531110405921936,1,1,quest,matrix_aux_detector_raw,406,0.019704433497536946,0.00841430895747576
question_D_hier90_linear10_two_phase_200k_seed58_12682784__checkpoint_300000,question_D_hier90_linear10_two_phase_200k_seed58_12682784,300000,0.6531110405921936,1,2,quest,matrix_aux_detector_raw,406,0.6896551724137931,0.6579905992677868
question_D_hier90_linear10_two_phase_200k_seed58_12682784__checkpoint_300000,question_D_hier90_linear10_two_phase_200k_seed58_12682784,300000,0.6531110405921936,1,3,quest,matrix_aux_detector_raw,406,0.1724137931034483,0.12395599458347074
question_D_hier90_linear10_two_phase_200k_seed58_12682784__checkpoint_300000,question_D_hier90_linear10_two_phase_200k_seed58_12682784,300000,0.6531110405921936,1,4,quest,matrix_aux_detector_raw,406,0.007389162561576354,0.005490600455586313
question_D_hier90_linear10_two_phase_200k_seed58_12682784__checkpoint_300000,question_D_hier90_linear10_two_phase_200k_seed58_12682784,300000,0.6531110405921936,1,5,quest,matrix_aux_detector_raw,406,0.3916256157635468,0.36635400120822315
question_D_hier90_linear10_two_phase_200k_seed58_12682784__checkpoint_300000,question_D_hier90_linear10_two_phase_200k_seed58_12682784,300000,0.6531110405921936,1,6,quest,matrix_aux_detector_raw,406,0.10591133004926108,0.06892177858743732
question_D_hier90_linear10_two_phase_200k_seed58_12682784__checkpoint_300000,question_D_hier90_linear10_two_phase_200k_seed58_12682784,300000,0.6531110405921936,1,7,quest,matrix_aux_detector_raw,406,0.0,2.757672580822511e-06
question_D_hier90_linear10_two_phase_200k_seed58_12682784__checkpoint_300000,question_D_hier90_linear10_two_phase_200k_seed58_12682784,300000,0.6531110405921936,2,0,quest,matrix_aux_detector_raw,406,0.0,3.2361207998151054e-07
question_D_hier90_linear10_two_phase_200k_seed58_12682784__checkpoint_300000,question_D_hier90_linear10_two_phase_200k_seed58_12682784,300000,0.6531110405921936,2,1,quest,matrix_aux_detector_raw,406,0.5714285714285714,0.4793377404157509
question_D_hier90_linear10_two_phase_200k_seed58_12682784__checkpoint_300000,question_D_hier90_linear10_two_phase_200k_seed58_12682784,300000,0.6531110405921936,2,2,quest,matrix_aux_detector_raw,406,0.0,4.573105862514862e-08
question_D_hier90_linear10_two_phase_200k_seed58_12682784__checkpoint_300000,question_D_hier90_linear10_two_phase_200k_seed58_12682784,300000,0.6531110405921936,2,3,quest,matrix_aux_detector_raw,406,0.0,1.1258033166305487e-06
question_D_hier90_linear10_two_phase_200k_seed58_12682784__checkpoint_300000,question_D_hier90_linear10_two_phase_200k_seed58_12682784,300000,0.6531110405921936,2,4,quest,matrix_aux_detector_raw,406,0.8990147783251231,0.8403918319215465
question_D_hier90_linear10_two_phase_200k_seed58_12682784__checkpoint_300000,question_D_hier90_linear10_two_phase_200k_seed58_12682784,300000,0.6531110405921936,2,5,quest,matrix_aux_detector_raw,406,0.0,6.209873439948355e-08
question_D_hier90_linear10_two_phase_200k_seed58_12682784__checkpoint_300000,question_D_hier90_linear10_two_phase_200k_seed58_12682784,300000,0.6531110405921936,2,6,quest,matrix_aux_detector_raw,406,0.0,1.9663451193583665e-09
question_D_hier90_linear10_two_phase_200k_seed58_12682784__checkpoint_300000,question_D_hier90_linear10_two_phase_200k_seed58_12682784,300000,0.6531110405921936,2,7,quest,matrix_aux_detector_raw,406,0.0,2.5828279340676196e-08
question_D_hier90_linear10_two_phase_200k_seed58_12682784__checkpoint_300000,question_D_hier90_linear10_two_phase_200k_seed58_12682784,300000,0.6531110405921936,3,0,quest,matrix_aux_detector_raw,406,0.0,1.2214291428436102e-08
question_D_hier90_linear10_two_phase_200k_seed58_12682784__checkpoint_300000,question_D_hier90_linear10_two_phase_200k_seed58_12682784,300000,0.6531110405921936,3,1,quest,matrix_aux_detector_raw,406,0.0,2.9856106436853504e-08
question_D_hier90_linear10_two_phase_200k_seed58_12682784__checkpoint_300000,question_D_hier90_linear10_two_phase_200k_seed58_12682784,300000,0.6531110405921936,3,2,quest,matrix_aux_detector_raw,406,0.0,0.004766844272128977
question_D_hier90_linear10_two_phase_200k_seed58_12682784__checkpoint_300000,question_D_hier90_linear10_two_phase_200k_seed58_12682784,300000,0.6531110405921936,3,3,quest,matrix_aux_detector_raw,406,1.0,0.9999244230721385
question_D_hier90_linear10_two_phase_200k_seed58_12682784__checkpoint_300000,question_D_hier90_linear10_two_phase_200k_seed58_12682784,300000,0.6531110405921936,3,4,quest,matrix_aux_detector_raw,406,0.0,0.0013976400773192353
question_D_hier90_linear10_two_phase_200k_seed58_12682784__checkpoint_300000,question_D_hier90_linear10_two_phase_200k_seed58_12682784,300000,0.6531110405921936,3,5,quest,matrix_aux_detector_raw,406,0.16748768472906403,0.15825221502021636
question_D_hier90_linear10_two_phase_200k_seed58_12682784__checkpoint_300000,question_D_hier90_linear10_two_phase_200k_seed58_12682784,300000,0.6531110405921936,3,6,quest,matrix_aux_detector_raw,406,0.0,9.45469594451903e-13
question_D_hier90_linear10_two_phase_200k_seed58_12682784__checkpoint_300000,question_D_hier90_linear10_two_phase_200k_seed58_12682784,300000,0.6531110405921936,3,7,quest,matrix_aux_detector_raw,406,0.9310344827586207,0.8796881671439801
question_D_hier90_linear10_two_phase_200k_seed58_12682784__checkpoint_300000,question_D_hier90_linear10_two_phase_200k_seed58_12682784,300000,0.6531110405921936,4,0,quest,matrix_aux_detector_raw,406,0.9975369458128078,0.9683754408888041
question_D_hier90_linear10_two_phase_200k_seed58_12682784__checkpoint_300000,question_D_hier90_linear10_two_phase_200k_seed58_12682784,300000,0.6531110405921936,4,1,quest,matrix_aux_detector_raw,406,0.0,4.758425028476348e-17
question_D_hier90_linear10_two_phase_200k_seed58_12682784__checkpoint_300000,question_D_hier90_linear10_two_phase_200k_seed58_12682784,300000,0.6531110405921936,4,2,quest,matrix_aux_detector_raw,406,1.0,1.0
question_D_hier90_linear10_two_phase_200k_seed58_12682784__checkpoint_300000,question_D_hier90_linear10_two_phase_200k_seed58_12682784,300000,0.6531110405921936,4,3,quest,matrix_aux_detector_raw,406,0.0,4.756745449992791e-06
question_D_hier90_linear10_two_phase_200k_seed58_12682784__checkpoint_300000,question_D_hier90_linear10_two_phase_200k_seed58_12682784,300000,0.6531110405921936,4,4,quest,matrix_aux_detector_raw,406,1.0,0.9999845616629558
question_D_hier90_linear10_two_phase_200k_seed58_12682784__checkpoint_300000,question_D_hier90_linear10_two_phase_200k_seed58_12682784,300000,0.6531110405921936,4,5,quest,matrix_aux_detector_raw,406,0.0,1.0854186720350316e-09
question_D_hier90_linear10_two_phase_200k_seed58_12682784__checkpoint_300000,question_D_hier90_linear10_two_phase_200k_seed58_12682784,300000,0.6531110405921936,4,6,quest,matrix_aux_detector_raw,406,1.0,0.9998007208255711
question_D_hier90_linear10_two_phase_200k_seed58_12682784__checkpoint_300000,question_D_hier90_linear10_two_phase_200k_seed58_12682784,300000,0.6531110405921936,4,7,quest,matrix_aux_detector_raw,406,1.0,0.9999999917786697
question_D_hier90_linear10_two_phase_200k_seed58_12682784__checkpoint_300000,question_D_hier90_linear10_two_phase_200k_seed58_12682784,300000,0.6531110405921936,5,0,quest,matrix_aux_detector_raw,406,0.0,1.4811489692137388e-05
question_D_hier90_linear10_two_phase_200k_seed58_12682784__checkpoint_300000,question_D_hier90_linear10_two_phase_200k_seed58_12682784,300000,0.6531110405921936,5,1,quest,matrix_aux_detector_raw,406,0.059113300492610835,0.04679964596953846
question_D_hier90_linear10_two_phase_200k_seed58_12682784__checkpoint_300000,question_D_hier90_linear10_two_phase_200k_seed58_12682784,300000,0.6531110405921936,5,2,quest,matrix_aux_detector_raw,406,0.0,2.484023797881858e-09
question_D_hier90_linear10_two_phase_200k_seed58_12682784__checkpoint_300000,question_D_hier90_linear10_two_phase_200k_seed58_12682784,300000,0.6531110405921936,5,3,quest,matrix_aux_detector_raw,406,0.03694581280788178,0.017827370448773864
question_D_hier90_linear10_two_phase_200k_seed58_12682784__checkpoint_300000,question_D_hier90_linear10_two_phase_200k_seed58_12682784,300000,0.6531110405921936,5,4,quest,matrix_aux_detector_raw,406,0.014778325123152709,0.008826812637940796
question_D_hier90_linear10_two_phase_200k_seed58_12682784__checkpoint_300000,question_D_hier90_linear10_two_phase_200k_seed58_12682784,300000,0.6531110405921936,5,5,quest,matrix_aux_detector_raw,406,0.0,0.0029164590514085833
question_D_hier90_linear10_two_phase_200k_seed58_12682784__checkpoint_300000,question_D_hier90_linear10_two_phase_200k_seed58_12682784,300000,0.6531110405921936,5,6,quest,matrix_aux_detector_raw,406,0.0,8.951162503927404e-08
question_D_hier90_linear10_two_phase_200k_seed58_12682784__checkpoint_300000,question_D_hier90_linear10_two_phase_200k_seed58_12682784,300000,0.6531110405921936,5,7,quest,matrix_aux_detector_raw,406,0.0,3.0706236864112034e-10
question_D_hier90_linear10_two_phase_200k_seed59_12682785__checkpoint_300000,question_D_hier90_linear10_two_phase_200k_seed59_12682785,300000,0.6921943426132202,0,0,quest,matrix_aux_detector_raw,406,0.0,9.631721450315128e-42
question_D_hier90_linear10_two_phase_200k_seed59_12682785__checkpoint_300000,question_D_hier90_linear10_two_phase_200k_seed59_12682785,300000,0.6921943426132202,0,1,quest,matrix_aux_detector_raw,406,0.0,3.938720918158987e-16
question_D_hier90_linear10_two_phase_200k_seed59_12682785__checkpoint_300000,question_D_hier90_linear10_two_phase_200k_seed59_12682785,300000,0.6921943426132202,0,2,quest,matrix_aux_detector_raw,406,0.0,9.667757017975266e-33
question_D_hier90_linear10_two_phase_200k_seed59_12682785__checkpoint_300000,question_D_hier90_linear10_two_phase_200k_seed59_12682785,300000,0.6921943426132202,0,3,quest,matrix_aux_detector_raw,406,0.0,2.2974715394685907e-14
question_D_hier90_linear10_two_phase_200k_seed59_12682785__checkpoint_300000,question_D_hier90_linear10_two_phase_200k_seed59_12682785,300000,0.6921943426132202,0,4,quest,matrix_aux_detector_raw,406,0.0049261083743842365,0.004942322153529155
question_D_hier90_linear10_two_phase_200k_seed59_12682785__checkpoint_300000,question_D_hier90_linear10_two_phase_200k_seed59_12682785,300000,0.6921943426132202,0,5,quest,matrix_aux_detector_raw,406,0.0,1.4174459406133705e-39
question_D_hier90_linear10_two_phase_200k_seed59_12682785__checkpoint_300000,question_D_hier90_linear10_two_phase_200k_seed59_12682785,300000,0.6921943426132202,0,6,quest,matrix_aux_detector_raw,406,0.0,4.3660691543128707e-07
question_D_hier90_linear10_two_phase_200k_seed59_12682785__checkpoint_300000,question_D_hier90_linear10_two_phase_200k_seed59_12682785,300000,0.6921943426132202,0,7,quest,matrix_aux_detector_raw,406,0.0,4.794358027097933e-08
question_D_hier90_linear10_two_phase_200k_seed59_12682785__checkpoint_300000,question_D_hier90_linear10_two_phase_200k_seed59_12682785,300000,0.6921943426132202,1,0,quest,matrix_aux_detector_raw,406,0.0,0.0004260841794478887
question_D_hier90_linear10_two_phase_200k_seed59_12682785__checkpoint_300000,question_D_hier90_linear10_two_phase_200k_seed59_12682785,300000,0.6921943426132202,1,1,quest,matrix_aux_detector_raw,406,0.0,1.2914253916477006e-06
question_D_hier90_linear10_two_phase_200k_seed59_12682785__checkpoint_300000,question_D_hier90_linear10_two_phase_200k_seed59_12682785,300000,0.6921943426132202,1,2,quest,matrix_aux_detector_raw,406,0.0,3.1776723195946826e-13
question_D_hier90_linear10_two_phase_200k_seed59_12682785__checkpoint_300000,question_D_hier90_linear10_two_phase_200k_seed59_12682785,300000,0.6921943426132202,1,3,quest,matrix_aux_detector_raw,406,0.0,2.917673904984848e-11
question_D_hier90_linear10_two_phase_200k_seed59_12682785__checkpoint_300000,question_D_hier90_linear10_two_phase_200k_seed59_12682785,300000,0.6921943426132202,1,4,quest,matrix_aux_detector_raw,406,0.0,3.0826208514507653e-10
question_D_hier90_linear10_two_phase_200k_seed59_12682785__checkpoint_300000,question_D_hier90_linear10_two_phase_200k_seed59_12682785,300000,0.6921943426132202,1,5,quest,matrix_aux_detector_raw,406,0.7266009852216748,0.6281066714007618
question_D_hier90_linear10_two_phase_200k_seed59_12682785__checkpoint_300000,question_D_hier90_linear10_two_phase_200k_seed59_12682785,300000,0.6921943426132202,1,6,quest,matrix_aux_detector_raw,406,0.0,4.712072571912252e-06
question_D_hier90_linear10_two_phase_200k_seed59_12682785__checkpoint_300000,question_D_hier90_linear10_two_phase_200k_seed59_12682785,300000,0.6921943426132202,1,7,quest,matrix_aux_detector_raw,406,0.0,9.400895382602456e-05
question_D_hier90_linear10_two_phase_200k_seed59_12682785__checkpoint_300000,question_D_hier90_linear10_two_phase_200k_seed59_12682785,300000,0.6921943426132202,2,0,quest,matrix_aux_detector_raw,406,0.0,0.0003810350519178384
question_D_hier90_linear10_two_phase_200k_seed59_12682785__checkpoint_300000,question_D_hier90_linear10_two_phase_200k_seed59_12682785,300000,0.6921943426132202,2,1,quest,matrix_aux_detector_raw,406,0.7389162561576355,0.7280301733411548
question_D_hier90_linear10_two_phase_200k_seed59_12682785__checkpoint_300000,question_D_hier90_linear10_two_phase_200k_seed59_12682785,300000,0.6921943426132202,2,2,quest,matrix_aux_detector_raw,406,0.0,1.4436952295560714e-13
question_D_hier90_linear10_two_phase_200k_seed59_12682785__checkpoint_300000,question_D_hier90_linear10_two_phase_200k_seed59_12682785,300000,0.6921943426132202,2,3,quest,matrix_aux_detector_raw,406,0.0,1.2859778886573177e-05
question_D_hier90_linear10_two_phase_200k_seed59_12682785__checkpoint_300000,question_D_hier90_linear10_two_phase_200k_seed59_12682785,300000,0.6921943426132202,2,4,quest,matrix_aux_detector_raw,406,0.007389162561576354,0.007462416088557518
question_D_hier90_linear10_two_phase_200k_seed59_12682785__checkpoint_300000,question_D_hier90_linear10_two_phase_200k_seed59_12682785,300000,0.6921943426132202,2,5,quest,matrix_aux_detector_raw,406,0.0,3.703545854793614e-08
question_D_hier90_linear10_two_phase_200k_seed59_12682785__checkpoint_300000,question_D_hier90_linear10_two_phase_200k_seed59_12682785,300000,0.6921943426132202,2,6,quest,matrix_aux_detector_raw,406,0.0,1.3443578233358984e-05
question_D_hier90_linear10_two_phase_200k_seed59_12682785__checkpoint_300000,question_D_hier90_linear10_two_phase_200k_seed59_12682785,300000,0.6921943426132202,2,7,quest,matrix_aux_detector_raw,406,0.0,1.53395184851933e-05
question_D_hier90_linear10_two_phase_200k_seed59_12682785__checkpoint_300000,question_D_hier90_linear10_two_phase_200k_seed59_12682785,300000,0.6921943426132202,3,0,quest,matrix_aux_detector_raw,406,0.0,6.121313485608155e-08
question_D_hier90_linear10_two_phase_200k_seed59_12682785__checkpoint_300000,question_D_hier90_linear10_two_phase_200k_seed59_12682785,300000,0.6921943426132202,3,1,quest,matrix_aux_detector_raw,406,0.9039408866995073,0.878679816858422
question_D_hier90_linear10_two_phase_200k_seed59_12682785__checkpoint_300000,question_D_hier90_linear10_two_phase_200k_seed59_12682785,300000,0.6921943426132202,3,2,quest,matrix_aux_detector_raw,406,0.0,4.1552796621137797e-07
question_D_hier90_linear10_two_phase_200k_seed59_12682785__checkpoint_300000,question_D_hier90_linear10_two_phase_200k_seed59_12682785,300000,0.6921943426132202,3,3,quest,matrix_aux_detector_raw,406,0.8817733990147784,0.8404669132286664
question_D_hier90_linear10_two_phase_200k_seed59_12682785__checkpoint_300000,question_D_hier90_linear10_two_phase_200k_seed59_12682785,300000,0.6921943426132202,3,4,quest,matrix_aux_detector_raw,406,0.0,4.2444264175162555e-05
question_D_hier90_linear10_two_phase_200k_seed59_12682785__checkpoint_300000,question_D_hier90_linear10_two_phase_200k_seed59_12682785,300000,0.6921943426132202,3,5,quest,matrix_aux_detector_raw,406,0.0,1.7130330938171236e-06
question_D_hier90_linear10_two_phase_200k_seed59_12682785__checkpoint_300000,question_D_hier90_linear10_two_phase_200k_seed59_12682785,300000,0.6921943426132202,3,6,quest,matrix_aux_detector_raw,406,0.0,2.4144490936887535e-05
question_D_hier90_linear10_two_phase_200k_seed59_12682785__checkpoint_300000,question_D_hier90_linear10_two_phase_200k_seed59_12682785,300000,0.6921943426132202,3,7,quest,matrix_aux_detector_raw,406,0.0,0.00010106912938866979
question_D_hier90_linear10_two_phase_200k_seed59_12682785__checkpoint_300000,question_D_hier90_linear10_two_phase_200k_seed59_12682785,300000,0.6921943426132202,4,0,quest,matrix_aux_detector_raw,406,0.0,7.078854607619344e-07
question_D_hier90_linear10_two_phase_200k_seed59_12682785__checkpoint_300000,question_D_hier90_linear10_two_phase_200k_seed59_12682785,300000,0.6921943426132202,4,1,quest,matrix_aux_detector_raw,406,0.0,0.00023933523239246795
question_D_hier90_linear10_two_phase_200k_seed59_12682785__checkpoint_300000,question_D_hier90_linear10_two_phase_200k_seed59_12682785,300000,0.6921943426132202,4,2,quest,matrix_aux_detector_raw,406,0.0,8.301477699083167e-06
question_D_hier90_linear10_two_phase_200k_seed59_12682785__checkpoint_300000,question_D_hier90_linear10_two_phase_200k_seed59_12682785,300000,0.6921943426132202,4,3,quest,matrix_aux_detector_raw,406,1.0,0.9999976993487973
question_D_hier90_linear10_two_phase_200k_seed59_12682785__checkpoint_300000,question_D_hier90_linear10_two_phase_200k_seed59_12682785,300000,0.6921943426132202,4,4,quest,matrix_aux_detector_raw,406,1.0,0.9999988557669917
question_D_hier90_linear10_two_phase_200k_seed59_12682785__checkpoint_300000,question_D_hier90_linear10_two_phase_200k_seed59_12682785,300000,0.6921943426132202,4,5,quest,matrix_aux_detector_raw,406,0.03201970443349754,0.023071620206823486
question_D_hier90_linear10_two_phase_200k_seed59_12682785__checkpoint_300000,question_D_hier90_linear10_two_phase_200k_seed59_12682785,300000,0.6921943426132202,4,6,quest,matrix_aux_detector_raw,406,1.0,0.9998951081571907
question_D_hier90_linear10_two_phase_200k_seed59_12682785__checkpoint_300000,question_D_hier90_linear10_two_phase_200k_seed59_12682785,300000,0.6921943426132202,4,7,quest,matrix_aux_detector_raw,406,1.0,0.9999987484492692
question_D_hier90_linear10_two_phase_200k_seed59_12682785__checkpoint_300000,question_D_hier90_linear10_two_phase_200k_seed59_12682785,300000,0.6921943426132202,5,0,quest,matrix_aux_detector_raw,406,0.9975369458128078,0.9822621061627207
question_D_hier90_linear10_two_phase_200k_seed59_12682785__checkpoint_300000,question_D_hier90_linear10_two_phase_200k_seed59_12682785,300000,0.6921943426132202,5,1,quest,matrix_aux_detector_raw,406,0.022167487684729065,0.012710714270022913
question_D_hier90_linear10_two_phase_200k_seed59_12682785__checkpoint_300000,question_D_hier90_linear10_two_phase_200k_seed59_12682785,300000,0.6921943426132202,5,2,quest,matrix_aux_detector_raw,406,0.007389162561576354,0.007182513300268773
question_D_hier90_linear10_two_phase_200k_seed59_12682785__checkpoint_300000,question_D_hier90_linear10_two_phase_200k_seed59_12682785,300000,0.6921943426132202,5,3,quest,matrix_aux_detector_raw,406,0.0,6.604913782817957e-06
question_D_hier90_linear10_two_phase_200k_seed59_12682785__checkpoint_300000,question_D_hier90_linear10_two_phase_200k_seed59_12682785,300000,0.6921943426132202,5,4,quest,matrix_aux_detector_raw,406,0.0,0.0007911861886436048
question_D_hier90_linear10_two_phase_200k_seed59_12682785__checkpoint_300000,question_D_hier90_linear10_two_phase_200k_seed59_12682785,300000,0.6921943426132202,5,5,quest,matrix_aux_detector_raw,406,0.022167487684729065,0.012793139111553678
question_D_hier90_linear10_two_phase_200k_seed59_12682785__checkpoint_300000,question_D_hier90_linear10_two_phase_200k_seed59_12682785,300000,0.6921943426132202,5,6,quest,matrix_aux_detector_raw,406,0.43842364532019706,0.3839376511229529
question_D_hier90_linear10_two_phase_200k_seed59_12682785__checkpoint_300000,question_D_hier90_linear10_two_phase_200k_seed59_12682785,300000,0.6921943426132202,5,7,quest,matrix_aux_detector_raw,406,0.0,1.864095260967804e-05
question_D_hier90_linear10_two_phase_200k_seed60_12682786__checkpoint_300000,question_D_hier90_linear10_two_phase_200k_seed60_12682786,300000,0.9999839663505554,0,0,quest,matrix_aux_detector_raw,406,0.0,1.4572284380606597e-15
question_D_hier90_linear10_two_phase_200k_seed60_12682786__checkpoint_300000,question_D_hier90_linear10_two_phase_200k_seed60_12682786,300000,0.9999839663505554,0,1,quest,matrix_aux_detector_raw,406,0.0,1.86687765271185e-20
question_D_hier90_linear10_two_phase_200k_seed60_12682786__checkpoint_300000,question_D_hier90_linear10_two_phase_200k_seed60_12682786,300000,0.9999839663505554,0,2,quest,matrix_aux_detector_raw,406,0.0,0.0
question_D_hier90_linear10_two_phase_200k_seed60_12682786__checkpoint_300000,question_D_hier90_linear10_two_phase_200k_seed60_12682786,300000,0.9999839663505554,0,3,quest,matrix_aux_detector_raw,406,0.43349753694581283,0.4292917434476791
question_D_hier90_linear10_two_phase_200k_seed60_12682786__checkpoint_300000,question_D_hier90_linear10_two_phase_200k_seed60_12682786,300000,0.9999839663505554,0,4,quest,matrix_aux_detector_raw,406,0.0,1.6722523342227225e-11
question_D_hier90_linear10_two_phase_200k_seed60_12682786__checkpoint_300000,question_D_hier90_linear10_two_phase_200k_seed60_12682786,300000,0.9999839663505554,0,5,quest,matrix_aux_detector_raw,406,0.0,1.5379701514782346e-12
question_D_hier90_linear10_two_phase_200k_seed60_12682786__checkpoint_300000,question_D_hier90_linear10_two_phase_200k_seed60_12682786,300000,0.9999839663505554,0,6,quest,matrix_aux_detector_raw,406,0.9753694581280788,0.9689629986731451
question_D_hier90_linear10_two_phase_200k_seed60_12682786__checkpoint_300000,question_D_hier90_linear10_two_phase_200k_seed60_12682786,300000,0.9999839663505554,0,7,quest,matrix_aux_detector_raw,406,0.0,1.5359004855577826e-08
question_D_hier90_linear10_two_phase_200k_seed60_12682786__checkpoint_300000,question_D_hier90_linear10_two_phase_200k_seed60_12682786,300000,0.9999839663505554,1,0,quest,matrix_aux_detector_raw,406,0.0,1.4417084034399183e-13
question_D_hier90_linear10_two_phase_200k_seed60_12682786__checkpoint_300000,question_D_hier90_linear10_two_phase_200k_seed60_12682786,300000,0.9999839663505554,1,1,quest,matrix_aux_detector_raw,406,0.0,7.967609534048447e-09
question_D_hier90_linear10_two_phase_200k_seed60_12682786__checkpoint_300000,question_D_hier90_linear10_two_phase_200k_seed60_12682786,300000,0.9999839663505554,1,2,quest,matrix_aux_detector_raw,406,0.0024630541871921183,0.0024631635169059937
question_D_hier90_linear10_two_phase_200k_seed60_12682786__checkpoint_300000,question_D_hier90_linear10_two_phase_200k_seed60_12682786,300000,0.9999839663505554,1,3,quest,matrix_aux_detector_raw,406,0.0,0.000787026160532575
question_D_hier90_linear10_two_phase_200k_seed60_12682786__checkpoint_300000,question_D_hier90_linear10_two_phase_200k_seed60_12682786,300000,0.9999839663505554,1,4,quest,matrix_aux_detector_raw,406,0.0,3.189005618144795e-08
question_D_hier90_linear10_two_phase_200k_seed60_12682786__checkpoint_300000,question_D_hier90_linear10_two_phase_200k_seed60_12682786,300000,0.9999839663505554,1,5,quest,matrix_aux_detector_raw,406,0.0,1.9090579113257225e-13
question_D_hier90_linear10_two_phase_200k_seed60_12682786__checkpoint_300000,question_D_hier90_linear10_two_phase_200k_seed60_12682786,300000,0.9999839663505554,1,6,quest,matrix_aux_detector_raw,406,0.0,5.9239824160015916e-08
question_D_hier90_linear10_two_phase_200k_seed60_12682786__checkpoint_300000,question_D_hier90_linear10_two_phase_200k_seed60_12682786,300000,0.9999839663505554,1,7,quest,matrix_aux_detector_raw,406,0.009852216748768473,0.007788987252930926
question_D_hier90_linear10_two_phase_200k_seed60_12682786__checkpoint_300000,question_D_hier90_linear10_two_phase_200k_seed60_12682786,300000,0.9999839663505554,2,0,quest,matrix_aux_detector_raw,406,0.0,2.760225627858118e-17
question_D_hier90_linear10_two_phase_200k_seed60_12682786__checkpoint_300000,question_D_hier90_linear10_two_phase_200k_seed60_12682786,300000,0.9999839663505554,2,1,quest,matrix_aux_detector_raw,406,0.0,1.958327193676849e-09
question_D_hier90_linear10_two_phase_200k_seed60_12682786__checkpoint_300000,question_D_hier90_linear10_two_phase_200k_seed60_12682786,300000,0.9999839663505554,2,2,quest,matrix_aux_detector_raw,406,0.0,0.00010263753347608134
question_D_hier90_linear10_two_phase_200k_seed60_12682786__checkpoint_300000,question_D_hier90_linear10_two_phase_200k_seed60_12682786,300000,0.9999839663505554,2,3,quest,matrix_aux_detector_raw,406,0.0,8.225509579347464e-08
question_D_hier90_linear10_two_phase_200k_seed60_12682786__checkpoint_300000,question_D_hier90_linear10_two_phase_200k_seed60_12682786,300000,0.9999839663505554,2,4,quest,matrix_aux_detector_raw,406,0.0,9.12508534778962e-12
question_D_hier90_linear10_two_phase_200k_seed60_12682786__checkpoint_300000,question_D_hier90_linear10_two_phase_200k_seed60_12682786,300000,0.9999839663505554,2,5,quest,matrix_aux_detector_raw,406,0.08620689655172414,0.05059031159802716
question_D_hier90_linear10_two_phase_200k_seed60_12682786__checkpoint_300000,question_D_hier90_linear10_two_phase_200k_seed60_12682786,300000,0.9999839663505554,2,6,quest,matrix_aux_detector_raw,406,0.6995073891625616,0.6170783250925254
question_D_hier90_linear10_two_phase_200k_seed60_12682786__checkpoint_300000,question_D_hier90_linear10_two_phase_200k_seed60_12682786,300000,0.9999839663505554,2,7,quest,matrix_aux_detector_raw,406,0.05172413793103448,0.029695527493028877
question_D_hier90_linear10_two_phase_200k_seed60_12682786__checkpoint_300000,question_D_hier90_linear10_two_phase_200k_seed60_12682786,300000,0.9999839663505554,3,0,quest,matrix_aux_detector_raw,406,0.0,5.323701999852961e-10
question_D_hier90_linear10_two_phase_200k_seed60_12682786__checkpoint_300000,question_D_hier90_linear10_two_phase_200k_seed60_12682786,300000,0.9999839663505554,3,1,quest,matrix_aux_detector_raw,406,0.0,8.229200363649078e-13
question_D_hier90_linear10_two_phase_200k_seed60_12682786__checkpoint_300000,question_D_hier90_linear10_two_phase_200k_seed60_12682786,300000,0.9999839663505554,3,2,quest,matrix_aux_detector_raw,406,0.9014778325123153,0.8480699526448848
question_D_hier90_linear10_two_phase_200k_seed60_12682786__checkpoint_300000,question_D_hier90_linear10_two_phase_200k_seed60_12682786,300000,0.9999839663505554,3,3,quest,matrix_aux_detector_raw,406,0.11822660098522167,0.09283172098122529
question_D_hier90_linear10_two_phase_200k_seed60_12682786__checkpoint_300000,question_D_hier90_linear10_two_phase_200k_seed60_12682786,300000,0.9999839663505554,3,4,quest,matrix_aux_detector_raw,406,0.0,1.0540837318856248e-10
question_D_hier90_linear10_two_phase_200k_seed60_12682786__checkpoint_300000,question_D_hier90_linear10_two_phase_200k_seed60_12682786,300000,0.9999839663505554,3,5,quest,matrix_aux_detector_raw,406,0.3103448275862069,0.27224627768041193
question_D_hier90_linear10_two_phase_200k_seed60_12682786__checkpoint_300000,question_D_hier90_linear10_two_phase_200k_seed60_12682786,300000,0.9999839663505554,3,6,quest,matrix_aux_detector_raw,406,0.0,3.2285311150649274e-09
question_D_hier90_linear10_two_phase_200k_seed60_12682786__checkpoint_300000,question_D_hier90_linear10_two_phase_200k_seed60_12682786,300000,0.9999839663505554,3,7,quest,matrix_aux_detector_raw,406,0.0,9.01809798160776e-11
question_D_hier90_linear10_two_phase_200k_seed60_12682786__checkpoint_300000,question_D_hier90_linear10_two_phase_200k_seed60_12682786,300000,0.9999839663505554,4,0,quest,matrix_aux_detector_raw,406,1.0,0.999999926595265
question_D_hier90_linear10_two_phase_200k_seed60_12682786__checkpoint_300000,question_D_hier90_linear10_two_phase_200k_seed60_12682786,300000,0.9999839663505554,4,1,quest,matrix_aux_detector_raw,406,1.0,0.9834159835071986
question_D_hier90_linear10_two_phase_200k_seed60_12682786__checkpoint_300000,question_D_hier90_linear10_two_phase_200k_seed60_12682786,300000,0.9999839663505554,4,2,quest,matrix_aux_detector_raw,406,1.0,0.9999947835659159
question_D_hier90_linear10_two_phase_200k_seed60_12682786__checkpoint_300000,question_D_hier90_linear10_two_phase_200k_seed60_12682786,300000,0.9999839663505554,4,3,quest,matrix_aux_detector_raw,406,0.23399014778325122,0.16318158215093231
question_D_hier90_linear10_two_phase_200k_seed60_12682786__checkpoint_300000,question_D_hier90_linear10_two_phase_200k_seed60_12682786,300000,0.9999839663505554,4,4,quest,matrix_aux_detector_raw,406,0.0,6.105758281156275e-07
question_D_hier90_linear10_two_phase_200k_seed60_12682786__checkpoint_300000,question_D_hier90_linear10_two_phase_200k_seed60_12682786,300000,0.9999839663505554,4,5,quest,matrix_aux_detector_raw,406,1.0,0.9955865806106277
question_D_hier90_linear10_two_phase_200k_seed60_12682786__checkpoint_300000,question_D_hier90_linear10_two_phase_200k_seed60_12682786,300000,0.9999839663505554,4,6,quest,matrix_aux_detector_raw,406,0.0,3.1471965721475444e-09
question_D_hier90_linear10_two_phase_200k_seed60_12682786__checkpoint_300000,question_D_hier90_linear10_two_phase_200k_seed60_12682786,300000,0.9999839663505554,4,7,quest,matrix_aux_detector_raw,406,0.0,1.3256945651850893e-07
question_D_hier90_linear10_two_phase_200k_seed60_12682786__checkpoint_300000,question_D_hier90_linear10_two_phase_200k_seed60_12682786,300000,0.9999839663505554,5,0,quest,matrix_aux_detector_raw,406,0.9950738916256158,0.972436021628051
question_D_hier90_linear10_two_phase_200k_seed60_12682786__checkpoint_300000,question_D_hier90_linear10_two_phase_200k_seed60_12682786,300000,0.9999839663505554,5,1,quest,matrix_aux_detector_raw,406,0.0,3.435777874629913e-07
question_D_hier90_linear10_two_phase_200k_seed60_12682786__checkpoint_300000,question_D_hier90_linear10_two_phase_200k_seed60_12682786,300000,0.9999839663505554,5,2,quest,matrix_aux_detector_raw,406,0.0,7.895069425564599e-07
question_D_hier90_linear10_two_phase_200k_seed60_12682786__checkpoint_300000,question_D_hier90_linear10_two_phase_200k_seed60_12682786,300000,0.9999839663505554,5,3,quest,matrix_aux_detector_raw,406,0.0,7.083810120584655e-05
question_D_hier90_linear10_two_phase_200k_seed60_12682786__checkpoint_300000,question_D_hier90_linear10_two_phase_200k_seed60_12682786,300000,0.9999839663505554,5,4,quest,matrix_aux_detector_raw,406,1.0,0.991261284926842
question_D_hier90_linear10_two_phase_200k_seed60_12682786__checkpoint_300000,question_D_hier90_linear10_two_phase_200k_seed60_12682786,300000,0.9999839663505554,5,5,quest,matrix_aux_detector_raw,406,0.0,0.0011866066012829258
question_D_hier90_linear10_two_phase_200k_seed60_12682786__checkpoint_300000,question_D_hier90_linear10_two_phase_200k_seed60_12682786,300000,0.9999839663505554,5,6,quest,matrix_aux_detector_raw,406,1.0,0.9967343407898701
question_D_hier90_linear10_two_phase_200k_seed60_12682786__checkpoint_300000,question_D_hier90_linear10_two_phase_200k_seed60_12682786,300000,0.9999839663505554,5,7,quest,matrix_aux_detector_raw,406,0.0,8.41665382910643e-06
question_D_hier90_linear10_two_phase_200k_seed61_12682787__checkpoint_300000,question_D_hier90_linear10_two_phase_200k_seed61_12682787,300000,0.4285666048526764,0,0,quest,matrix_aux_detector_raw,406,0.0,5.598179741337947e-35
question_D_hier90_linear10_two_phase_200k_seed61_12682787__checkpoint_300000,question_D_hier90_linear10_two_phase_200k_seed61_12682787,300000,0.4285666048526764,0,1,quest,matrix_aux_detector_raw,406,0.0,1.3595908086348754e-23
question_D_hier90_linear10_two_phase_200k_seed61_12682787__checkpoint_300000,question_D_hier90_linear10_two_phase_200k_seed61_12682787,300000,0.4285666048526764,0,2,quest,matrix_aux_detector_raw,406,0.0,0.0010598126879365303
question_D_hier90_linear10_two_phase_200k_seed61_12682787__checkpoint_300000,question_D_hier90_linear10_two_phase_200k_seed61_12682787,300000,0.4285666048526764,0,3,quest,matrix_aux_detector_raw,406,0.0,2.3093375778455414e-11
question_D_hier90_linear10_two_phase_200k_seed61_12682787__checkpoint_300000,question_D_hier90_linear10_two_phase_200k_seed61_12682787,300000,0.4285666048526764,0,4,quest,matrix_aux_detector_raw,406,0.0,1.2307640818462913e-09
question_D_hier90_linear10_two_phase_200k_seed61_12682787__checkpoint_300000,question_D_hier90_linear10_two_phase_200k_seed61_12682787,300000,0.4285666048526764,0,5,quest,matrix_aux_detector_raw,406,0.0,3.6476799360541103e-13
question_D_hier90_linear10_two_phase_200k_seed61_12682787__checkpoint_300000,question_D_hier90_linear10_two_phase_200k_seed61_12682787,300000,0.4285666048526764,0,6,quest,matrix_aux_detector_raw,406,0.3694581280788177,0.33001247956940866
question_D_hier90_linear10_two_phase_200k_seed61_12682787__checkpoint_300000,question_D_hier90_linear10_two_phase_200k_seed61_12682787,300000,0.4285666048526764,0,7,quest,matrix_aux_detector_raw,406,0.0,7.038038289727405e-22
question_D_hier90_linear10_two_phase_200k_seed61_12682787__checkpoint_300000,question_D_hier90_linear10_two_phase_200k_seed61_12682787,300000,0.4285666048526764,1,0,quest,matrix_aux_detector_raw,406,0.0,8.914989943334157e-10
question_D_hier90_linear10_two_phase_200k_seed61_12682787__checkpoint_300000,question_D_hier90_linear10_two_phase_200k_seed61_12682787,300000,0.4285666048526764,1,1,quest,matrix_aux_detector_raw,406,0.0,3.826276452014419e-16
question_D_hier90_linear10_two_phase_200k_seed61_12682787__checkpoint_300000,question_D_hier90_linear10_two_phase_200k_seed61_12682787,300000,0.4285666048526764,1,2,quest,matrix_aux_detector_raw,406,0.0024630541871921183,0.0022334073889608364
question_D_hier90_linear10_two_phase_200k_seed61_12682787__checkpoint_300000,question_D_hier90_linear10_two_phase_200k_seed61_12682787,300000,0.4285666048526764,1,3,quest,matrix_aux_detector_raw,406,0.0024630541871921183,0.0034450382839869413
question_D_hier90_linear10_two_phase_200k_seed61_12682787__checkpoint_300000,question_D_hier90_linear10_two_phase_200k_seed61_12682787,300000,0.4285666048526764,1,4,quest,matrix_aux_detector_raw,406,0.2857142857142857,0.20900631271297082
question_D_hier90_linear10_two_phase_200k_seed61_12682787__checkpoint_300000,question_D_hier90_linear10_two_phase_200k_seed61_12682787,300000,0.4285666048526764,1,5,quest,matrix_aux_detector_raw,406,0.06157635467980296,0.038844455883464656
question_D_hier90_linear10_two_phase_200k_seed61_12682787__checkpoint_300000,question_D_hier90_linear10_two_phase_200k_seed61_12682787,300000,0.4285666048526764,1,6,quest,matrix_aux_detector_raw,406,0.0,7.450793837149037e-05
question_D_hier90_linear10_two_phase_200k_seed61_12682787__checkpoint_300000,question_D_hier90_linear10_two_phase_200k_seed61_12682787,300000,0.4285666048526764,1,7,quest,matrix_aux_detector_raw,406,0.4753694581280788,0.4260162027243836
question_D_hier90_linear10_two_phase_200k_seed61_12682787__checkpoint_300000,question_D_hier90_linear10_two_phase_200k_seed61_12682787,300000,0.4285666048526764,2,0,quest,matrix_aux_detector_raw,406,0.06896551724137931,0.05257891397150532
question_D_hier90_linear10_two_phase_200k_seed61_12682787__checkpoint_300000,question_D_hier90_linear10_two_phase_200k_seed61_12682787,300000,0.4285666048526764,2,1,quest,matrix_aux_detector_raw,406,0.10098522167487685,0.07633535879318767
question_D_hier90_linear10_two_phase_200k_seed61_12682787__checkpoint_300000,question_D_hier90_linear10_two_phase_200k_seed61_12682787,300000,0.4285666048526764,2,2,quest,matrix_aux_detector_raw,406,0.42610837438423643,0.329114238457338
question_D_hier90_linear10_two_phase_200k_seed61_12682787__checkpoint_300000,question_D_hier90_linear10_two_phase_200k_seed61_12682787,300000,0.4285666048526764,2,3,quest,matrix_aux_detector_raw,406,0.0,5.934754382375068e-06
question_D_hier90_linear10_two_phase_200k_seed61_12682787__checkpoint_300000,question_D_hier90_linear10_two_phase_200k_seed61_12682787,300000,0.4285666048526764,2,4,quest,matrix_aux_detector_raw,406,0.9901477832512315,0.9353853333007379
question_D_hier90_linear10_two_phase_200k_seed61_12682787__checkpoint_300000,question_D_hier90_linear10_two_phase_200k_seed61_12682787,300000,0.4285666048526764,2,5,quest,matrix_aux_detector_raw,406,0.15270935960591134,0.12210005185459935
question_D_hier90_linear10_two_phase_200k_seed61_12682787__checkpoint_300000,question_D_hier90_linear10_two_phase_200k_seed61_12682787,300000,0.4285666048526764,2,6,quest,matrix_aux_detector_raw,406,0.0,0.0010696551821232224
question_D_hier90_linear10_two_phase_200k_seed61_12682787__checkpoint_300000,question_D_hier90_linear10_two_phase_200k_seed61_12682787,300000,0.4285666048526764,2,7,quest,matrix_aux_detector_raw,406,0.0,3.464903366726091e-13
question_D_hier90_linear10_two_phase_200k_seed61_12682787__checkpoint_300000,question_D_hier90_linear10_two_phase_200k_seed61_12682787,300000,0.4285666048526764,3,0,quest,matrix_aux_detector_raw,406,0.0,3.4305563351622334e-06
question_D_hier90_linear10_two_phase_200k_seed61_12682787__checkpoint_300000,question_D_hier90_linear10_two_phase_200k_seed61_12682787,300000,0.4285666048526764,3,1,quest,matrix_aux_detector_raw,406,0.0,1.5471106956229793e-05
question_D_hier90_linear10_two_phase_200k_seed61_12682787__checkpoint_300000,question_D_hier90_linear10_two_phase_200k_seed61_12682787,300000,0.4285666048526764,3,2,quest,matrix_aux_detector_raw,406,0.0,5.449987611720962e-16
question_D_hier90_linear10_two_phase_200k_seed61_12682787__checkpoint_300000,question_D_hier90_linear10_two_phase_200k_seed61_12682787,300000,0.4285666048526764,3,3,quest,matrix_aux_detector_raw,406,0.0,2.1647430951341715e-05
question_D_hier90_linear10_two_phase_200k_seed61_12682787__checkpoint_300000,question_D_hier90_linear10_two_phase_200k_seed61_12682787,300000,0.4285666048526764,3,4,quest,matrix_aux_detector_raw,406,0.0,2.666493418765396e-14
question_D_hier90_linear10_two_phase_200k_seed61_12682787__checkpoint_300000,question_D_hier90_linear10_two_phase_200k_seed61_12682787,300000,0.4285666048526764,3,5,quest,matrix_aux_detector_raw,406,0.7980295566502463,0.7004825268233366
question_D_hier90_linear10_two_phase_200k_seed61_12682787__checkpoint_300000,question_D_hier90_linear10_two_phase_200k_seed61_12682787,300000,0.4285666048526764,3,6,quest,matrix_aux_detector_raw,406,1.0,0.9969087444209113
question_D_hier90_linear10_two_phase_200k_seed61_12682787__checkpoint_300000,question_D_hier90_linear10_two_phase_200k_seed61_12682787,300000,0.4285666048526764,3,7,quest,matrix_aux_detector_raw,406,0.0,2.4877189872552695e-10
question_D_hier90_linear10_two_phase_200k_seed61_12682787__checkpoint_300000,question_D_hier90_linear10_two_phase_200k_seed61_12682787,300000,0.4285666048526764,4,0,quest,matrix_aux_detector_raw,406,0.0,7.288789607759112e-10
question_D_hier90_linear10_two_phase_200k_seed61_12682787__checkpoint_300000,question_D_hier90_linear10_two_phase_200k_seed61_12682787,300000,0.4285666048526764,4,1,quest,matrix_aux_detector_raw,406,0.0,6.012785416573038e-09
question_D_hier90_linear10_two_phase_200k_seed61_12682787__checkpoint_300000,question_D_hier90_linear10_two_phase_200k_seed61_12682787,300000,0.4285666048526764,4,2,quest,matrix_aux_detector_raw,406,0.03940886699507389,0.02394506947765211
question_D_hier90_linear10_two_phase_200k_seed61_12682787__checkpoint_300000,question_D_hier90_linear10_two_phase_200k_seed61_12682787,300000,0.4285666048526764,4,3,quest,matrix_aux_detector_raw,406,0.0,1.564472464847924e-08
question_D_hier90_linear10_two_phase_200k_seed61_12682787__checkpoint_300000,question_D_hier90_linear10_two_phase_200k_seed61_12682787,300000,0.4285666048526764,4,4,quest,matrix_aux_detector_raw,406,1.0,0.9999957566190822
question_D_hier90_linear10_two_phase_200k_seed61_12682787__checkpoint_300000,question_D_hier90_linear10_two_phase_200k_seed61_12682787,300000,0.4285666048526764,4,5,quest,matrix_aux_detector_raw,406,0.0,2.124031318220797e-06
question_D_hier90_linear10_two_phase_200k_seed61_12682787__checkpoint_300000,question_D_hier90_linear10_two_phase_200k_seed61_12682787,300000,0.4285666048526764,4,6,quest,matrix_aux_detector_raw,406,1.0,0.9999998396840589
question_D_hier90_linear10_two_phase_200k_seed61_12682787__checkpoint_300000,question_D_hier90_linear10_two_phase_200k_seed61_12682787,300000,0.4285666048526764,4,7,quest,matrix_aux_detector_raw,406,1.0,0.9999950815891397
question_D_hier90_linear10_two_phase_200k_seed61_12682787__checkpoint_300000,question_D_hier90_linear10_two_phase_200k_seed61_12682787,300000,0.4285666048526764,5,0,quest,matrix_aux_detector_raw,406,0.0,0.0001408078366916148
question_D_hier90_linear10_two_phase_200k_seed61_12682787__checkpoint_300000,question_D_hier90_linear10_two_phase_200k_seed61_12682787,300000,0.4285666048526764,5,1,quest,matrix_aux_detector_raw,406,0.0,7.589037560572578e-06
question_D_hier90_linear10_two_phase_200k_seed61_12682787__checkpoint_300000,question_D_hier90_linear10_two_phase_200k_seed61_12682787,300000,0.4285666048526764,5,2,quest,matrix_aux_detector_raw,406,0.0,0.00012300155518768738
question_D_hier90_linear10_two_phase_200k_seed61_12682787__checkpoint_300000,question_D_hier90_linear10_two_phase_200k_seed61_12682787,300000,0.4285666048526764,5,3,quest,matrix_aux_detector_raw,406,0.0,2.79313291706032e-05
question_D_hier90_linear10_two_phase_200k_seed61_12682787__checkpoint_300000,question_D_hier90_linear10_two_phase_200k_seed61_12682787,300000,0.4285666048526764,5,4,quest,matrix_aux_detector_raw,406,0.0,0.0026235732506230884
question_D_hier90_linear10_two_phase_200k_seed61_12682787__checkpoint_300000,question_D_hier90_linear10_two_phase_200k_seed61_12682787,300000,0.4285666048526764,5,5,quest,matrix_aux_detector_raw,406,0.0,6.547763599432952e-05
question_D_hier90_linear10_two_phase_200k_seed61_12682787__checkpoint_300000,question_D_hier90_linear10_two_phase_200k_seed61_12682787,300000,0.4285666048526764,5,6,quest,matrix_aux_detector_raw,406,0.0,1.2932644244968638e-05
question_D_hier90_linear10_two_phase_200k_seed61_12682787__checkpoint_300000,question_D_hier90_linear10_two_phase_200k_seed61_12682787,300000,0.4285666048526764,5,7,quest,matrix_aux_detector_raw,406,0.0,0.00045126340352118053
question_D_hier90_linear10_two_phase_200k_seed62_12682788__checkpoint_300000,question_D_hier90_linear10_two_phase_200k_seed62_12682788,300000,0.9747519493103027,0,0,quest,matrix_aux_detector_raw,406,0.0,3.772930257790664e-05
question_D_hier90_linear10_two_phase_200k_seed62_12682788__checkpoint_300000,question_D_hier90_linear10_two_phase_200k_seed62_12682788,300000,0.9747519493103027,0,1,quest,matrix_aux_detector_raw,406,0.0,3.787395664931425e-42
question_D_hier90_linear10_two_phase_200k_seed62_12682788__checkpoint_300000,question_D_hier90_linear10_two_phase_200k_seed62_12682788,300000,0.9747519493103027,0,2,quest,matrix_aux_detector_raw,406,0.2955665024630542,0.2644410801965464
question_D_hier90_linear10_two_phase_200k_seed62_12682788__checkpoint_300000,question_D_hier90_linear10_two_phase_200k_seed62_12682788,300000,0.9747519493103027,0,3,quest,matrix_aux_detector_raw,406,0.0,1.2626849123754325e-35
question_D_hier90_linear10_two_phase_200k_seed62_12682788__checkpoint_300000,question_D_hier90_linear10_two_phase_200k_seed62_12682788,300000,0.9747519493103027,0,4,quest,matrix_aux_detector_raw,406,0.0,5.0340994803856666e-14
question_D_hier90_linear10_two_phase_200k_seed62_12682788__checkpoint_300000,question_D_hier90_linear10_two_phase_200k_seed62_12682788,300000,0.9747519493103027,0,5,quest,matrix_aux_detector_raw,406,0.0,5.91219196788009e-06
question_D_hier90_linear10_two_phase_200k_seed62_12682788__checkpoint_300000,question_D_hier90_linear10_two_phase_200k_seed62_12682788,300000,0.9747519493103027,0,6,quest,matrix_aux_detector_raw,406,0.0,3.029696385690771e-21
question_D_hier90_linear10_two_phase_200k_seed62_12682788__checkpoint_300000,question_D_hier90_linear10_two_phase_200k_seed62_12682788,300000,0.9747519493103027,0,7,quest,matrix_aux_detector_raw,406,0.0,1.9582990673620757e-12
question_D_hier90_linear10_two_phase_200k_seed62_12682788__checkpoint_300000,question_D_hier90_linear10_two_phase_200k_seed62_12682788,300000,0.9747519493103027,1,0,quest,matrix_aux_detector_raw,406,0.1724137931034483,0.1538322179486651
question_D_hier90_linear10_two_phase_200k_seed62_12682788__checkpoint_300000,question_D_hier90_linear10_two_phase_200k_seed62_12682788,300000,0.9747519493103027,1,1,quest,matrix_aux_detector_raw,406,0.21674876847290642,0.21465970050697483
question_D_hier90_linear10_two_phase_200k_seed62_12682788__checkpoint_300000,question_D_hier90_linear10_two_phase_200k_seed62_12682788,300000,0.9747519493103027,1,2,quest,matrix_aux_detector_raw,406,0.0,0.0003533125349683487
question_D_hier90_linear10_two_phase_200k_seed62_12682788__checkpoint_300000,question_D_hier90_linear10_two_phase_200k_seed62_12682788,300000,0.9747519493103027,1,3,quest,matrix_aux_detector_raw,406,0.0,1.4292414748065468e-09
question_D_hier90_linear10_two_phase_200k_seed62_12682788__checkpoint_300000,question_D_hier90_linear10_two_phase_200k_seed62_12682788,300000,0.9747519493103027,1,4,quest,matrix_aux_detector_raw,406,0.0,0.0016533158644701572
question_D_hier90_linear10_two_phase_200k_seed62_12682788__checkpoint_300000,question_D_hier90_linear10_two_phase_200k_seed62_12682788,300000,0.9747519493103027,1,5,quest,matrix_aux_detector_raw,406,0.0,7.681477625240031e-09
question_D_hier90_linear10_two_phase_200k_seed62_12682788__checkpoint_300000,question_D_hier90_linear10_two_phase_200k_seed62_12682788,300000,0.9747519493103027,1,6,quest,matrix_aux_detector_raw,406,0.0,2.1885639604066963e-06
question_D_hier90_linear10_two_phase_200k_seed62_12682788__checkpoint_300000,question_D_hier90_linear10_two_phase_200k_seed62_12682788,300000,0.9747519493103027,1,7,quest,matrix_aux_detector_raw,406,0.0,7.604640785178841e-09
question_D_hier90_linear10_two_phase_200k_seed62_12682788__checkpoint_300000,question_D_hier90_linear10_two_phase_200k_seed62_12682788,300000,0.9747519493103027,2,0,quest,matrix_aux_detector_raw,406,0.0,7.112898319443344e-18
question_D_hier90_linear10_two_phase_200k_seed62_12682788__checkpoint_300000,question_D_hier90_linear10_two_phase_200k_seed62_12682788,300000,0.9747519493103027,2,1,quest,matrix_aux_detector_raw,406,0.08866995073891626,0.061249007564467446
question_D_hier90_linear10_two_phase_200k_seed62_12682788__checkpoint_300000,question_D_hier90_linear10_two_phase_200k_seed62_12682788,300000,0.9747519493103027,2,2,quest,matrix_aux_detector_raw,406,0.0,6.034274646088458e-13
question_D_hier90_linear10_two_phase_200k_seed62_12682788__checkpoint_300000,question_D_hier90_linear10_two_phase_200k_seed62_12682788,300000,0.9747519493103027,2,3,quest,matrix_aux_detector_raw,406,0.1354679802955665,0.08261829304825544
question_D_hier90_linear10_two_phase_200k_seed62_12682788__checkpoint_300000,question_D_hier90_linear10_two_phase_200k_seed62_12682788,300000,0.9747519493103027,2,4,quest,matrix_aux_detector_raw,406,0.0,3.020451464386601e-13
question_D_hier90_linear10_two_phase_200k_seed62_12682788__checkpoint_300000,question_D_hier90_linear10_two_phase_200k_seed62_12682788,300000,0.9747519493103027,2,5,quest,matrix_aux_detector_raw,406,0.9211822660098522,0.8261344245101069
question_D_hier90_linear10_two_phase_200k_seed62_12682788__checkpoint_300000,question_D_hier90_linear10_two_phase_200k_seed62_12682788,300000,0.9747519493103027,2,6,quest,matrix_aux_detector_raw,406,0.0,3.069691723890603e-11
question_D_hier90_linear10_two_phase_200k_seed62_12682788__checkpoint_300000,question_D_hier90_linear10_two_phase_200k_seed62_12682788,300000,0.9747519493103027,2,7,quest,matrix_aux_detector_raw,406,0.41379310344827586,0.2841270415625472
question_D_hier90_linear10_two_phase_200k_seed62_12682788__checkpoint_300000,question_D_hier90_linear10_two_phase_200k_seed62_12682788,300000,0.9747519493103027,3,0,quest,matrix_aux_detector_raw,406,0.0,0.0003359403363921507
question_D_hier90_linear10_two_phase_200k_seed62_12682788__checkpoint_300000,question_D_hier90_linear10_two_phase_200k_seed62_12682788,300000,0.9747519493103027,3,1,quest,matrix_aux_detector_raw,406,0.3497536945812808,0.27081596220251364
question_D_hier90_linear10_two_phase_200k_seed62_12682788__checkpoint_300000,question_D_hier90_linear10_two_phase_200k_seed62_12682788,300000,0.9747519493103027,3,2,quest,matrix_aux_detector_raw,406,0.0,0.0001062992082105382
question_D_hier90_linear10_two_phase_200k_seed62_12682788__checkpoint_300000,question_D_hier90_linear10_two_phase_200k_seed62_12682788,300000,0.9747519493103027,3,3,quest,matrix_aux_detector_raw,406,0.0024630541871921183,0.002360683503609598
question_D_hier90_linear10_two_phase_200k_seed62_12682788__checkpoint_300000,question_D_hier90_linear10_two_phase_200k_seed62_12682788,300000,0.9747519493103027,3,4,quest,matrix_aux_detector_raw,406,0.07389162561576355,0.039989233941463115
question_D_hier90_linear10_two_phase_200k_seed62_12682788__checkpoint_300000,question_D_hier90_linear10_two_phase_200k_seed62_12682788,300000,0.9747519493103027,3,5,quest,matrix_aux_detector_raw,406,0.9630541871921182,0.9383119548131286
question_D_hier90_linear10_two_phase_200k_seed62_12682788__checkpoint_300000,question_D_hier90_linear10_two_phase_200k_seed62_12682788,300000,0.9747519493103027,3,6,quest,matrix_aux_detector_raw,406,1.0,0.9940325305086052
question_D_hier90_linear10_two_phase_200k_seed62_12682788__checkpoint_300000,question_D_hier90_linear10_two_phase_200k_seed62_12682788,300000,0.9747519493103027,3,7,quest,matrix_aux_detector_raw,406,0.0,1.2177277218515723e-07
question_D_hier90_linear10_two_phase_200k_seed62_12682788__checkpoint_300000,question_D_hier90_linear10_two_phase_200k_seed62_12682788,300000,0.9747519493103027,4,0,quest,matrix_aux_detector_raw,406,0.0,6.80824850883164e-11
question_D_hier90_linear10_two_phase_200k_seed62_12682788__checkpoint_300000,question_D_hier90_linear10_two_phase_200k_seed62_12682788,300000,0.9747519493103027,4,1,quest,matrix_aux_detector_raw,406,1.0,0.9999888697868498
question_D_hier90_linear10_two_phase_200k_seed62_12682788__checkpoint_300000,question_D_hier90_linear10_two_phase_200k_seed62_12682788,300000,0.9747519493103027,4,2,quest,matrix_aux_detector_raw,406,1.0,0.9985835481747031
question_D_hier90_linear10_two_phase_200k_seed62_12682788__checkpoint_300000,question_D_hier90_linear10_two_phase_200k_seed62_12682788,300000,0.9747519493103027,4,3,quest,matrix_aux_detector_raw,406,0.0,6.482905042898937e-10
question_D_hier90_linear10_two_phase_200k_seed62_12682788__checkpoint_300000,question_D_hier90_linear10_two_phase_200k_seed62_12682788,300000,0.9747519493103027,4,4,quest,matrix_aux_detector_raw,406,0.0,3.47509848826833e-12
question_D_hier90_linear10_two_phase_200k_seed62_12682788__checkpoint_300000,question_D_hier90_linear10_two_phase_200k_seed62_12682788,300000,0.9747519493103027,4,5,quest,matrix_aux_detector_raw,406,0.0,1.7979179569099217e-20
question_D_hier90_linear10_two_phase_200k_seed62_12682788__checkpoint_300000,question_D_hier90_linear10_two_phase_200k_seed62_12682788,300000,0.9747519493103027,4,6,quest,matrix_aux_detector_raw,406,1.0,0.9999978646562604
question_D_hier90_linear10_two_phase_200k_seed62_12682788__checkpoint_300000,question_D_hier90_linear10_two_phase_200k_seed62_12682788,300000,0.9747519493103027,4,7,quest,matrix_aux_detector_raw,406,0.0,7.136224936158742e-12
question_D_hier90_linear10_two_phase_200k_seed62_12682788__checkpoint_300000,question_D_hier90_linear10_two_phase_200k_seed62_12682788,300000,0.9747519493103027,5,0,quest,matrix_aux_detector_raw,406,0.0,1.0190295759094831e-05
question_D_hier90_linear10_two_phase_200k_seed62_12682788__checkpoint_300000,question_D_hier90_linear10_two_phase_200k_seed62_12682788,300000,0.9747519493103027,5,1,quest,matrix_aux_detector_raw,406,0.0,0.0010889480583002006
question_D_hier90_linear10_two_phase_200k_seed62_12682788__checkpoint_300000,question_D_hier90_linear10_two_phase_200k_seed62_12682788,300000,0.9747519493103027,5,2,quest,matrix_aux_detector_raw,406,1.0,0.9998384912319371
question_D_hier90_linear10_two_phase_200k_seed62_12682788__checkpoint_300000,question_D_hier90_linear10_two_phase_200k_seed62_12682788,300000,0.9747519493103027,5,3,quest,matrix_aux_detector_raw,406,1.0,0.9969184187245487
question_D_hier90_linear10_two_phase_200k_seed62_12682788__checkpoint_300000,question_D_hier90_linear10_two_phase_200k_seed62_12682788,300000,0.9747519493103027,5,4,quest,matrix_aux_detector_raw,406,0.0,6.147490765784215e-08
question_D_hier90_linear10_two_phase_200k_seed62_12682788__checkpoint_300000,question_D_hier90_linear10_two_phase_200k_seed62_12682788,300000,0.9747519493103027,5,5,quest,matrix_aux_detector_raw,406,0.0,4.017101026448723e-05
question_D_hier90_linear10_two_phase_200k_seed62_12682788__checkpoint_300000,question_D_hier90_linear10_two_phase_200k_seed62_12682788,300000,0.9747519493103027,5,6,quest,matrix_aux_detector_raw,406,0.46798029556650245,0.456555161587967
question_D_hier90_linear10_two_phase_200k_seed62_12682788__checkpoint_300000,question_D_hier90_linear10_two_phase_200k_seed62_12682788,300000,0.9747519493103027,5,7,quest,matrix_aux_detector_raw,406,0.0,1.7870579796522407e-08
question_D_hier90_linear10_two_phase_200k_seed63_12682789__checkpoint_300000,question_D_hier90_linear10_two_phase_200k_seed63_12682789,300000,0.1410926729440689,0,0,quest,matrix_aux_detector_raw,406,0.0,3.759980383130993e-30
question_D_hier90_linear10_two_phase_200k_seed63_12682789__checkpoint_300000,question_D_hier90_linear10_two_phase_200k_seed63_12682789,300000,0.1410926729440689,0,1,quest,matrix_aux_detector_raw,406,0.0,2.2089538926470187e-25
question_D_hier90_linear10_two_phase_200k_seed63_12682789__checkpoint_300000,question_D_hier90_linear10_two_phase_200k_seed63_12682789,300000,0.1410926729440689,0,2,quest,matrix_aux_detector_raw,406,0.0,2.7611792400489008e-46
question_D_hier90_linear10_two_phase_200k_seed63_12682789__checkpoint_300000,question_D_hier90_linear10_two_phase_200k_seed63_12682789,300000,0.1410926729440689,0,3,quest,matrix_aux_detector_raw,406,0.0,1.311845891571195e-14
question_D_hier90_linear10_two_phase_200k_seed63_12682789__checkpoint_300000,question_D_hier90_linear10_two_phase_200k_seed63_12682789,300000,0.1410926729440689,0,4,quest,matrix_aux_detector_raw,406,0.0,1.926824107448428e-11
question_D_hier90_linear10_two_phase_200k_seed63_12682789__checkpoint_300000,question_D_hier90_linear10_two_phase_200k_seed63_12682789,300000,0.1410926729440689,0,5,quest,matrix_aux_detector_raw,406,0.0,5.41378643166926e-07
question_D_hier90_linear10_two_phase_200k_seed63_12682789__checkpoint_300000,question_D_hier90_linear10_two_phase_200k_seed63_12682789,300000,0.1410926729440689,0,6,quest,matrix_aux_detector_raw,406,0.0,3.747490070184454e-17
question_D_hier90_linear10_two_phase_200k_seed63_12682789__checkpoint_300000,question_D_hier90_linear10_two_phase_200k_seed63_12682789,300000,0.1410926729440689,0,7,quest,matrix_aux_detector_raw,406,0.0,1.857604168060154e-12
question_D_hier90_linear10_two_phase_200k_seed63_12682789__checkpoint_300000,question_D_hier90_linear10_two_phase_200k_seed63_12682789,300000,0.1410926729440689,1,0,quest,matrix_aux_detector_raw,406,0.0,4.306061881123653e-06
question_D_hier90_linear10_two_phase_200k_seed63_12682789__checkpoint_300000,question_D_hier90_linear10_two_phase_200k_seed63_12682789,300000,0.1410926729440689,1,1,quest,matrix_aux_detector_raw,406,0.0,0.00018208519310035611
question_D_hier90_linear10_two_phase_200k_seed63_12682789__checkpoint_300000,question_D_hier90_linear10_two_phase_200k_seed63_12682789,300000,0.1410926729440689,1,2,quest,matrix_aux_detector_raw,406,0.770935960591133,0.6484958014167886
question_D_hier90_linear10_two_phase_200k_seed63_12682789__checkpoint_300000,question_D_hier90_linear10_two_phase_200k_seed63_12682789,300000,0.1410926729440689,1,3,quest,matrix_aux_detector_raw,406,0.0,1.9581265513119265e-09
question_D_hier90_linear10_two_phase_200k_seed63_12682789__checkpoint_300000,question_D_hier90_linear10_two_phase_200k_seed63_12682789,300000,0.1410926729440689,1,4,quest,matrix_aux_detector_raw,406,0.0,3.928055490382991e-09
question_D_hier90_linear10_two_phase_200k_seed63_12682789__checkpoint_300000,question_D_hier90_linear10_two_phase_200k_seed63_12682789,300000,0.1410926729440689,1,5,quest,matrix_aux_detector_raw,406,0.014778325123152709,0.008970085758970613
question_D_hier90_linear10_two_phase_200k_seed63_12682789__checkpoint_300000,question_D_hier90_linear10_two_phase_200k_seed63_12682789,300000,0.1410926729440689,1,6,quest,matrix_aux_detector_raw,406,0.0,0.0011512764254658974
question_D_hier90_linear10_two_phase_200k_seed63_12682789__checkpoint_300000,question_D_hier90_linear10_two_phase_200k_seed63_12682789,300000,0.1410926729440689,1,7,quest,matrix_aux_detector_raw,406,0.2955665024630542,0.23933130480643852
question_D_hier90_linear10_two_phase_200k_seed63_12682789__checkpoint_300000,question_D_hier90_linear10_two_phase_200k_seed63_12682789,300000,0.1410926729440689,2,0,quest,matrix_aux_detector_raw,406,0.0,1.2956280649357568e-08
question_D_hier90_linear10_two_phase_200k_seed63_12682789__checkpoint_300000,question_D_hier90_linear10_two_phase_200k_seed63_12682789,300000,0.1410926729440689,2,1,quest,matrix_aux_detector_raw,406,0.0,3.200912701318319e-11
question_D_hier90_linear10_two_phase_200k_seed63_12682789__checkpoint_300000,question_D_hier90_linear10_two_phase_200k_seed63_12682789,300000,0.1410926729440689,2,2,quest,matrix_aux_detector_raw,406,0.22167487684729065,0.19056528492148664
question_D_hier90_linear10_two_phase_200k_seed63_12682789__checkpoint_300000,question_D_hier90_linear10_two_phase_200k_seed63_12682789,300000,0.1410926729440689,2,3,quest,matrix_aux_detector_raw,406,0.0,2.23884368806509e-15
question_D_hier90_linear10_two_phase_200k_seed63_12682789__checkpoint_300000,question_D_hier90_linear10_two_phase_200k_seed63_12682789,300000,0.1410926729440689,2,4,quest,matrix_aux_detector_raw,406,0.0,1.1150491955849804e-08
question_D_hier90_linear10_two_phase_200k_seed63_12682789__checkpoint_300000,question_D_hier90_linear10_two_phase_200k_seed63_12682789,300000,0.1410926729440689,2,5,quest,matrix_aux_detector_raw,406,0.0,8.844480024895617e-11
question_D_hier90_linear10_two_phase_200k_seed63_12682789__checkpoint_300000,question_D_hier90_linear10_two_phase_200k_seed63_12682789,300000,0.1410926729440689,2,6,quest,matrix_aux_detector_raw,406,0.0,0.0001371003661663496
question_D_hier90_linear10_two_phase_200k_seed63_12682789__checkpoint_300000,question_D_hier90_linear10_two_phase_200k_seed63_12682789,300000,0.1410926729440689,2,7,quest,matrix_aux_detector_raw,406,0.0,2.1540241332942725e-08
question_D_hier90_linear10_two_phase_200k_seed63_12682789__checkpoint_300000,question_D_hier90_linear10_two_phase_200k_seed63_12682789,300000,0.1410926729440689,3,0,quest,matrix_aux_detector_raw,406,0.0,3.495095482425736e-07
question_D_hier90_linear10_two_phase_200k_seed63_12682789__checkpoint_300000,question_D_hier90_linear10_two_phase_200k_seed63_12682789,300000,0.1410926729440689,3,1,quest,matrix_aux_detector_raw,406,0.0,1.8840444901066942e-07
question_D_hier90_linear10_two_phase_200k_seed63_12682789__checkpoint_300000,question_D_hier90_linear10_two_phase_200k_seed63_12682789,300000,0.1410926729440689,3,2,quest,matrix_aux_detector_raw,406,0.0,1.6648902797720567e-11
question_D_hier90_linear10_two_phase_200k_seed63_12682789__checkpoint_300000,question_D_hier90_linear10_two_phase_200k_seed63_12682789,300000,0.1410926729440689,3,3,quest,matrix_aux_detector_raw,406,0.019704433497536946,0.013891653730489782
question_D_hier90_linear10_two_phase_200k_seed63_12682789__checkpoint_300000,question_D_hier90_linear10_two_phase_200k_seed63_12682789,300000,0.1410926729440689,3,4,quest,matrix_aux_detector_raw,406,0.0,8.698244399671483e-11
question_D_hier90_linear10_two_phase_200k_seed63_12682789__checkpoint_300000,question_D_hier90_linear10_two_phase_200k_seed63_12682789,300000,0.1410926729440689,3,5,quest,matrix_aux_detector_raw,406,0.0,8.904846044762322e-08
question_D_hier90_linear10_two_phase_200k_seed63_12682789__checkpoint_300000,question_D_hier90_linear10_two_phase_200k_seed63_12682789,300000,0.1410926729440689,3,6,quest,matrix_aux_detector_raw,406,0.0,6.894896127533328e-07
question_D_hier90_linear10_two_phase_200k_seed63_12682789__checkpoint_300000,question_D_hier90_linear10_two_phase_200k_seed63_12682789,300000,0.1410926729440689,3,7,quest,matrix_aux_detector_raw,406,0.0,2.6440738350637925e-06
question_D_hier90_linear10_two_phase_200k_seed63_12682789__checkpoint_300000,question_D_hier90_linear10_two_phase_200k_seed63_12682789,300000,0.1410926729440689,4,0,quest,matrix_aux_detector_raw,406,0.0,0.00042108533264371083
question_D_hier90_linear10_two_phase_200k_seed63_12682789__checkpoint_300000,question_D_hier90_linear10_two_phase_200k_seed63_12682789,300000,0.1410926729440689,4,1,quest,matrix_aux_detector_raw,406,1.0,0.9999694383790341
question_D_hier90_linear10_two_phase_200k_seed63_12682789__checkpoint_300000,question_D_hier90_linear10_two_phase_200k_seed63_12682789,300000,0.1410926729440689,4,2,quest,matrix_aux_detector_raw,406,0.0049261083743842365,0.00526645292614946
question_D_hier90_linear10_two_phase_200k_seed63_12682789__checkpoint_300000,question_D_hier90_linear10_two_phase_200k_seed63_12682789,300000,0.1410926729440689,4,3,quest,matrix_aux_detector_raw,406,1.0,0.9999991471837895
question_D_hier90_linear10_two_phase_200k_seed63_12682789__checkpoint_300000,question_D_hier90_linear10_two_phase_200k_seed63_12682789,300000,0.1410926729440689,4,4,quest,matrix_aux_detector_raw,406,1.0,0.9999992621356043
question_D_hier90_linear10_two_phase_200k_seed63_12682789__checkpoint_300000,question_D_hier90_linear10_two_phase_200k_seed63_12682789,300000,0.1410926729440689,4,5,quest,matrix_aux_detector_raw,406,0.0,1.6736607345426485e-12
question_D_hier90_linear10_two_phase_200k_seed63_12682789__checkpoint_300000,question_D_hier90_linear10_two_phase_200k_seed63_12682789,300000,0.1410926729440689,4,6,quest,matrix_aux_detector_raw,406,0.0,0.0005389517451745229
question_D_hier90_linear10_two_phase_200k_seed63_12682789__checkpoint_300000,question_D_hier90_linear10_two_phase_200k_seed63_12682789,300000,0.1410926729440689,4,7,quest,matrix_aux_detector_raw,406,0.3694581280788177,0.29837729990412126
question_D_hier90_linear10_two_phase_200k_seed63_12682789__checkpoint_300000,question_D_hier90_linear10_two_phase_200k_seed63_12682789,300000,0.1410926729440689,5,0,quest,matrix_aux_detector_raw,406,0.0,0.0002615695322374724
question_D_hier90_linear10_two_phase_200k_seed63_12682789__checkpoint_300000,question_D_hier90_linear10_two_phase_200k_seed63_12682789,300000,0.1410926729440689,5,1,quest,matrix_aux_detector_raw,406,0.0,3.391865148513743e-07
question_D_hier90_linear10_two_phase_200k_seed63_12682789__checkpoint_300000,question_D_hier90_linear10_two_phase_200k_seed63_12682789,300000,0.1410926729440689,5,2,quest,matrix_aux_detector_raw,406,0.0,6.8180567662118724e-09
question_D_hier90_linear10_two_phase_200k_seed63_12682789__checkpoint_300000,question_D_hier90_linear10_two_phase_200k_seed63_12682789,300000,0.1410926729440689,5,3,quest,matrix_aux_detector_raw,406,0.0,5.9961243274420774e-05
question_D_hier90_linear10_two_phase_200k_seed63_12682789__checkpoint_300000,question_D_hier90_linear10_two_phase_200k_seed63_12682789,300000,0.1410926729440689,5,4,quest,matrix_aux_detector_raw,406,0.0,0.0001718893687490722
question_D_hier90_linear10_two_phase_200k_seed63_12682789__checkpoint_300000,question_D_hier90_linear10_two_phase_200k_seed63_12682789,300000,0.1410926729440689,5,5,quest,matrix_aux_detector_raw,406,0.0,8.479257522738918e-10
question_D_hier90_linear10_two_phase_200k_seed63_12682789__checkpoint_300000,question_D_hier90_linear10_two_phase_200k_seed63_12682789,300000,0.1410926729440689,5,6,quest,matrix_aux_detector_raw,406,0.0,1.9647510452950115e-05
question_D_hier90_linear10_two_phase_200k_seed63_12682789__checkpoint_300000,question_D_hier90_linear10_two_phase_200k_seed63_12682789,300000,0.1410926729440689,5,7,quest,matrix_aux_detector_raw,406,0.0,5.9139424368153896e-05
question_D_hier90_linear10_two_phase_200k_seed64_12682806__checkpoint_300000,question_D_hier90_linear10_two_phase_200k_seed64_12682806,300000,0.8306539058685303,0,0,quest,matrix_aux_detector_raw,406,0.0,4.569615313356209e-24
question_D_hier90_linear10_two_phase_200k_seed64_12682806__checkpoint_300000,question_D_hier90_linear10_two_phase_200k_seed64_12682806,300000,0.8306539058685303,0,1,quest,matrix_aux_detector_raw,406,0.0,9.175201653530053e-16
question_D_hier90_linear10_two_phase_200k_seed64_12682806__checkpoint_300000,question_D_hier90_linear10_two_phase_200k_seed64_12682806,300000,0.8306539058685303,0,2,quest,matrix_aux_detector_raw,406,0.0,6.649992058957535e-39
question_D_hier90_linear10_two_phase_200k_seed64_12682806__checkpoint_300000,question_D_hier90_linear10_two_phase_200k_seed64_12682806,300000,0.8306539058685303,0,3,quest,matrix_aux_detector_raw,406,0.45073891625615764,0.4437968195694783
question_D_hier90_linear10_two_phase_200k_seed64_12682806__checkpoint_300000,question_D_hier90_linear10_two_phase_200k_seed64_12682806,300000,0.8306539058685303,0,4,quest,matrix_aux_detector_raw,406,0.0,7.491554214745296e-31
question_D_hier90_linear10_two_phase_200k_seed64_12682806__checkpoint_300000,question_D_hier90_linear10_two_phase_200k_seed64_12682806,300000,0.8306539058685303,0,5,quest,matrix_aux_detector_raw,406,0.458128078817734,0.4349055619209457
question_D_hier90_linear10_two_phase_200k_seed64_12682806__checkpoint_300000,question_D_hier90_linear10_two_phase_200k_seed64_12682806,300000,0.8306539058685303,0,6,quest,matrix_aux_detector_raw,406,0.0,0.0001895651858490121
question_D_hier90_linear10_two_phase_200k_seed64_12682806__checkpoint_300000,question_D_hier90_linear10_two_phase_200k_seed64_12682806,300000,0.8306539058685303,0,7,quest,matrix_aux_detector_raw,406,0.0,2.408623928856499e-10
question_D_hier90_linear10_two_phase_200k_seed64_12682806__checkpoint_300000,question_D_hier90_linear10_two_phase_200k_seed64_12682806,300000,0.8306539058685303,1,0,quest,matrix_aux_detector_raw,406,0.0,9.708785767015498e-10
question_D_hier90_linear10_two_phase_200k_seed64_12682806__checkpoint_300000,question_D_hier90_linear10_two_phase_200k_seed64_12682806,300000,0.8306539058685303,1,1,quest,matrix_aux_detector_raw,406,0.0,0.0013808961024152557
question_D_hier90_linear10_two_phase_200k_seed64_12682806__checkpoint_300000,question_D_hier90_linear10_two_phase_200k_seed64_12682806,300000,0.8306539058685303,1,2,quest,matrix_aux_detector_raw,406,0.0,1.755496293980596e-13
question_D_hier90_linear10_two_phase_200k_seed64_12682806__checkpoint_300000,question_D_hier90_linear10_two_phase_200k_seed64_12682806,300000,0.8306539058685303,1,3,quest,matrix_aux_detector_raw,406,0.0,3.596721537689481e-14
question_D_hier90_linear10_two_phase_200k_seed64_12682806__checkpoint_300000,question_D_hier90_linear10_two_phase_200k_seed64_12682806,300000,0.8306539058685303,1,4,quest,matrix_aux_detector_raw,406,0.1896551724137931,0.1424001713322295
question_D_hier90_linear10_two_phase_200k_seed64_12682806__checkpoint_300000,question_D_hier90_linear10_two_phase_200k_seed64_12682806,300000,0.8306539058685303,1,5,quest,matrix_aux_detector_raw,406,0.0,0.0017221650192869595
question_D_hier90_linear10_two_phase_200k_seed64_12682806__checkpoint_300000,question_D_hier90_linear10_two_phase_200k_seed64_12682806,300000,0.8306539058685303,1,6,quest,matrix_aux_detector_raw,406,0.0,4.825254576926784e-09
question_D_hier90_linear10_two_phase_200k_seed64_12682806__checkpoint_300000,question_D_hier90_linear10_two_phase_200k_seed64_12682806,300000,0.8306539058685303,1,7,quest,matrix_aux_detector_raw,406,0.03694581280788178,0.03044478198476854
question_D_hier90_linear10_two_phase_200k_seed64_12682806__checkpoint_300000,question_D_hier90_linear10_two_phase_200k_seed64_12682806,300000,0.8306539058685303,2,0,quest,matrix_aux_detector_raw,406,0.0,8.716431015732853e-05
question_D_hier90_linear10_two_phase_200k_seed64_12682806__checkpoint_300000,question_D_hier90_linear10_two_phase_200k_seed64_12682806,300000,0.8306539058685303,2,1,quest,matrix_aux_detector_raw,406,0.0,0.00044780609964697565
question_D_hier90_linear10_two_phase_200k_seed64_12682806__checkpoint_300000,question_D_hier90_linear10_two_phase_200k_seed64_12682806,300000,0.8306539058685303,2,2,quest,matrix_aux_detector_raw,406,0.0,2.4733261543131033e-07
question_D_hier90_linear10_two_phase_200k_seed64_12682806__checkpoint_300000,question_D_hier90_linear10_two_phase_200k_seed64_12682806,300000,0.8306539058685303,2,3,quest,matrix_aux_detector_raw,406,0.0,3.839961837559358e-14
question_D_hier90_linear10_two_phase_200k_seed64_12682806__checkpoint_300000,question_D_hier90_linear10_two_phase_200k_seed64_12682806,300000,0.8306539058685303,2,4,quest,matrix_aux_detector_raw,406,0.019704433497536946,0.011346071182961714
question_D_hier90_linear10_two_phase_200k_seed64_12682806__checkpoint_300000,question_D_hier90_linear10_two_phase_200k_seed64_12682806,300000,0.8306539058685303,2,5,quest,matrix_aux_detector_raw,406,0.21921182266009853,0.20337626444876034
question_D_hier90_linear10_two_phase_200k_seed64_12682806__checkpoint_300000,question_D_hier90_linear10_two_phase_200k_seed64_12682806,300000,0.8306539058685303,2,6,quest,matrix_aux_detector_raw,406,0.0024630541871921183,0.009036036298436287
question_D_hier90_linear10_two_phase_200k_seed64_12682806__checkpoint_300000,question_D_hier90_linear10_two_phase_200k_seed64_12682806,300000,0.8306539058685303,2,7,quest,matrix_aux_detector_raw,406,0.0,5.930596905988152e-07
question_D_hier90_linear10_two_phase_200k_seed64_12682806__checkpoint_300000,question_D_hier90_linear10_two_phase_200k_seed64_12682806,300000,0.8306539058685303,3,0,quest,matrix_aux_detector_raw,406,0.0,8.390603313053706e-09
question_D_hier90_linear10_two_phase_200k_seed64_12682806__checkpoint_300000,question_D_hier90_linear10_two_phase_200k_seed64_12682806,300000,0.8306539058685303,3,1,quest,matrix_aux_detector_raw,406,0.41133004926108374,0.2846239203792245
question_D_hier90_linear10_two_phase_200k_seed64_12682806__checkpoint_300000,question_D_hier90_linear10_two_phase_200k_seed64_12682806,300000,0.8306539058685303,3,2,quest,matrix_aux_detector_raw,406,0.0,8.130913861981877e-06
question_D_hier90_linear10_two_phase_200k_seed64_12682806__checkpoint_300000,question_D_hier90_linear10_two_phase_200k_seed64_12682806,300000,0.8306539058685303,3,3,quest,matrix_aux_detector_raw,406,0.0,1.3320889834500513e-05
question_D_hier90_linear10_two_phase_200k_seed64_12682806__checkpoint_300000,question_D_hier90_linear10_two_phase_200k_seed64_12682806,300000,0.8306539058685303,3,4,quest,matrix_aux_detector_raw,406,0.0024630541871921183,0.003614119404381363
question_D_hier90_linear10_two_phase_200k_seed64_12682806__checkpoint_300000,question_D_hier90_linear10_two_phase_200k_seed64_12682806,300000,0.8306539058685303,3,5,quest,matrix_aux_detector_raw,406,1.0,0.9977346678525943
question_D_hier90_linear10_two_phase_200k_seed64_12682806__checkpoint_300000,question_D_hier90_linear10_two_phase_200k_seed64_12682806,300000,0.8306539058685303,3,6,quest,matrix_aux_detector_raw,406,0.0,0.004759805508636066
question_D_hier90_linear10_two_phase_200k_seed64_12682806__checkpoint_300000,question_D_hier90_linear10_two_phase_200k_seed64_12682806,300000,0.8306539058685303,3,7,quest,matrix_aux_detector_raw,406,0.0,7.729667057706424e-14
question_D_hier90_linear10_two_phase_200k_seed64_12682806__checkpoint_300000,question_D_hier90_linear10_two_phase_200k_seed64_12682806,300000,0.8306539058685303,4,0,quest,matrix_aux_detector_raw,406,1.0,0.99958930946336
question_D_hier90_linear10_two_phase_200k_seed64_12682806__checkpoint_300000,question_D_hier90_linear10_two_phase_200k_seed64_12682806,300000,0.8306539058685303,4,1,quest,matrix_aux_detector_raw,406,0.0,3.864077724554486e-09
question_D_hier90_linear10_two_phase_200k_seed64_12682806__checkpoint_300000,question_D_hier90_linear10_two_phase_200k_seed64_12682806,300000,0.8306539058685303,4,2,quest,matrix_aux_detector_raw,406,0.0,3.1753663007166734e-13
question_D_hier90_linear10_two_phase_200k_seed64_12682806__checkpoint_300000,question_D_hier90_linear10_two_phase_200k_seed64_12682806,300000,0.8306539058685303,4,3,quest,matrix_aux_detector_raw,406,0.0,5.0109442449109505e-09
question_D_hier90_linear10_two_phase_200k_seed64_12682806__checkpoint_300000,question_D_hier90_linear10_two_phase_200k_seed64_12682806,300000,0.8306539058685303,4,4,quest,matrix_aux_detector_raw,406,0.0,0.00010274681893899619
question_D_hier90_linear10_two_phase_200k_seed64_12682806__checkpoint_300000,question_D_hier90_linear10_two_phase_200k_seed64_12682806,300000,0.8306539058685303,4,5,quest,matrix_aux_detector_raw,406,0.9482758620689655,0.8984363362554854
question_D_hier90_linear10_two_phase_200k_seed64_12682806__checkpoint_300000,question_D_hier90_linear10_two_phase_200k_seed64_12682806,300000,0.8306539058685303,4,6,quest,matrix_aux_detector_raw,406,0.0,1.032619818183405e-11
question_D_hier90_linear10_two_phase_200k_seed64_12682806__checkpoint_300000,question_D_hier90_linear10_two_phase_200k_seed64_12682806,300000,0.8306539058685303,4,7,quest,matrix_aux_detector_raw,406,0.0,1.8240752145244785e-21
question_D_hier90_linear10_two_phase_200k_seed64_12682806__checkpoint_300000,question_D_hier90_linear10_two_phase_200k_seed64_12682806,300000,0.8306539058685303,5,0,quest,matrix_aux_detector_raw,406,0.11083743842364532,0.07684689115908896
question_D_hier90_linear10_two_phase_200k_seed64_12682806__checkpoint_300000,question_D_hier90_linear10_two_phase_200k_seed64_12682806,300000,0.8306539058685303,5,1,quest,matrix_aux_detector_raw,406,0.0,5.034877358731182e-05
question_D_hier90_linear10_two_phase_200k_seed64_12682806__checkpoint_300000,question_D_hier90_linear10_two_phase_200k_seed64_12682806,300000,0.8306539058685303,5,2,quest,matrix_aux_detector_raw,406,0.19458128078817735,0.14343339556994417
question_D_hier90_linear10_two_phase_200k_seed64_12682806__checkpoint_300000,question_D_hier90_linear10_two_phase_200k_seed64_12682806,300000,0.8306539058685303,5,3,quest,matrix_aux_detector_raw,406,0.0,0.0006561187792344833
question_D_hier90_linear10_two_phase_200k_seed64_12682806__checkpoint_300000,question_D_hier90_linear10_two_phase_200k_seed64_12682806,300000,0.8306539058685303,5,4,quest,matrix_aux_detector_raw,406,0.0,1.0843199948950964e-05
question_D_hier90_linear10_two_phase_200k_seed64_12682806__checkpoint_300000,question_D_hier90_linear10_two_phase_200k_seed64_12682806,300000,0.8306539058685303,5,5,quest,matrix_aux_detector_raw,406,0.0,0.0029462839356815176
question_D_hier90_linear10_two_phase_200k_seed64_12682806__checkpoint_300000,question_D_hier90_linear10_two_phase_200k_seed64_12682806,300000,0.8306539058685303,5,6,quest,matrix_aux_detector_raw,406,0.0,0.0003286746950021582
question_D_hier90_linear10_two_phase_200k_seed64_12682806__checkpoint_300000,question_D_hier90_linear10_two_phase_200k_seed64_12682806,300000,0.8306539058685303,5,7,quest,matrix_aux_detector_raw,406,0.6600985221674877,0.5942072558909335
question_D_hier90_linear10_two_phase_200k_seed65_12682807__checkpoint_300000,question_D_hier90_linear10_two_phase_200k_seed65_12682807,300000,0.9653589725494385,0,0,quest,matrix_aux_detector_raw,406,0.0,7.694945957959379e-13
question_D_hier90_linear10_two_phase_200k_seed65_12682807__checkpoint_300000,question_D_hier90_linear10_two_phase_200k_seed65_12682807,300000,0.9653589725494385,0,1,quest,matrix_aux_detector_raw,406,0.0,1.860962418645379e-18
question_D_hier90_linear10_two_phase_200k_seed65_12682807__checkpoint_300000,question_D_hier90_linear10_two_phase_200k_seed65_12682807,300000,0.9653589725494385,0,2,quest,matrix_aux_detector_raw,406,0.0,1.5266274292124497e-16
question_D_hier90_linear10_two_phase_200k_seed65_12682807__checkpoint_300000,question_D_hier90_linear10_two_phase_200k_seed65_12682807,300000,0.9653589725494385,0,3,quest,matrix_aux_detector_raw,406,0.0,1.2352678791793864e-23
question_D_hier90_linear10_two_phase_200k_seed65_12682807__checkpoint_300000,question_D_hier90_linear10_two_phase_200k_seed65_12682807,300000,0.9653589725494385,0,4,quest,matrix_aux_detector_raw,406,0.0,8.780188306299527e-25
question_D_hier90_linear10_two_phase_200k_seed65_12682807__checkpoint_300000,question_D_hier90_linear10_two_phase_200k_seed65_12682807,300000,0.9653589725494385,0,5,quest,matrix_aux_detector_raw,406,0.0049261083743842365,0.004220539719984224
question_D_hier90_linear10_two_phase_200k_seed65_12682807__checkpoint_300000,question_D_hier90_linear10_two_phase_200k_seed65_12682807,300000,0.9653589725494385,0,6,quest,matrix_aux_detector_raw,406,0.0,2.95224178741003e-32
question_D_hier90_linear10_two_phase_200k_seed65_12682807__checkpoint_300000,question_D_hier90_linear10_two_phase_200k_seed65_12682807,300000,0.9653589725494385,0,7,quest,matrix_aux_detector_raw,406,0.0,1.4712819164400363e-13
question_D_hier90_linear10_two_phase_200k_seed65_12682807__checkpoint_300000,question_D_hier90_linear10_two_phase_200k_seed65_12682807,300000,0.9653589725494385,1,0,quest,matrix_aux_detector_raw,406,0.0,1.2586690507268757e-12
question_D_hier90_linear10_two_phase_200k_seed65_12682807__checkpoint_300000,question_D_hier90_linear10_two_phase_200k_seed65_12682807,300000,0.9653589725494385,1,1,quest,matrix_aux_detector_raw,406,0.0,1.2052609044420017e-12
question_D_hier90_linear10_two_phase_200k_seed65_12682807__checkpoint_300000,question_D_hier90_linear10_two_phase_200k_seed65_12682807,300000,0.9653589725494385,1,2,quest,matrix_aux_detector_raw,406,0.0,9.510860408529228e-06
question_D_hier90_linear10_two_phase_200k_seed65_12682807__checkpoint_300000,question_D_hier90_linear10_two_phase_200k_seed65_12682807,300000,0.9653589725494385,1,3,quest,matrix_aux_detector_raw,406,0.46551724137931033,0.3814460101317057
question_D_hier90_linear10_two_phase_200k_seed65_12682807__checkpoint_300000,question_D_hier90_linear10_two_phase_200k_seed65_12682807,300000,0.9653589725494385,1,4,quest,matrix_aux_detector_raw,406,0.0,0.0004194514970273684
question_D_hier90_linear10_two_phase_200k_seed65_12682807__checkpoint_300000,question_D_hier90_linear10_two_phase_200k_seed65_12682807,300000,0.9653589725494385,1,5,quest,matrix_aux_detector_raw,406,0.0,1.0309382325506037e-06
question_D_hier90_linear10_two_phase_200k_seed65_12682807__checkpoint_300000,question_D_hier90_linear10_two_phase_200k_seed65_12682807,300000,0.9653589725494385,1,6,quest,matrix_aux_detector_raw,406,0.3448275862068966,0.28632178992145474
question_D_hier90_linear10_two_phase_200k_seed65_12682807__checkpoint_300000,question_D_hier90_linear10_two_phase_200k_seed65_12682807,300000,0.9653589725494385,1,7,quest,matrix_aux_detector_raw,406,0.0,4.0609863699741103e-11
question_D_hier90_linear10_two_phase_200k_seed65_12682807__checkpoint_300000,question_D_hier90_linear10_two_phase_200k_seed65_12682807,300000,0.9653589725494385,2,0,quest,matrix_aux_detector_raw,406,0.0,9.810629684261902e-09
question_D_hier90_linear10_two_phase_200k_seed65_12682807__checkpoint_300000,question_D_hier90_linear10_two_phase_200k_seed65_12682807,300000,0.9653589725494385,2,1,quest,matrix_aux_detector_raw,406,0.8793103448275862,0.8280059937267857
question_D_hier90_linear10_two_phase_200k_seed65_12682807__checkpoint_300000,question_D_hier90_linear10_two_phase_200k_seed65_12682807,300000,0.9653589725494385,2,2,quest,matrix_aux_detector_raw,406,0.0,3.858237102492468e-05
question_D_hier90_linear10_two_phase_200k_seed65_12682807__checkpoint_300000,question_D_hier90_linear10_two_phase_200k_seed65_12682807,300000,0.9653589725494385,2,3,quest,matrix_aux_detector_raw,406,0.0,7.669441369135228e-13
question_D_hier90_linear10_two_phase_200k_seed65_12682807__checkpoint_300000,question_D_hier90_linear10_two_phase_200k_seed65_12682807,300000,0.9653589725494385,2,4,quest,matrix_aux_detector_raw,406,0.0,2.2894704419262336e-06
question_D_hier90_linear10_two_phase_200k_seed65_12682807__checkpoint_300000,question_D_hier90_linear10_two_phase_200k_seed65_12682807,300000,0.9653589725494385,2,5,quest,matrix_aux_detector_raw,406,0.0,3.055115089796165e-08
question_D_hier90_linear10_two_phase_200k_seed65_12682807__checkpoint_300000,question_D_hier90_linear10_two_phase_200k_seed65_12682807,300000,0.9653589725494385,2,6,quest,matrix_aux_detector_raw,406,0.0,0.0038011710265389662
question_D_hier90_linear10_two_phase_200k_seed65_12682807__checkpoint_300000,question_D_hier90_linear10_two_phase_200k_seed65_12682807,300000,0.9653589725494385,2,7,quest,matrix_aux_detector_raw,406,0.0,2.5553674059205846e-07
question_D_hier90_linear10_two_phase_200k_seed65_12682807__checkpoint_300000,question_D_hier90_linear10_two_phase_200k_seed65_12682807,300000,0.9653589725494385,3,0,quest,matrix_aux_detector_raw,406,0.9950738916256158,0.9803481052923269
question_D_hier90_linear10_two_phase_200k_seed65_12682807__checkpoint_300000,question_D_hier90_linear10_two_phase_200k_seed65_12682807,300000,0.9653589725494385,3,1,quest,matrix_aux_detector_raw,406,0.0,1.1907649428718522e-07
question_D_hier90_linear10_two_phase_200k_seed65_12682807__checkpoint_300000,question_D_hier90_linear10_two_phase_200k_seed65_12682807,300000,0.9653589725494385,3,2,quest,matrix_aux_detector_raw,406,1.0,0.9999549719206805
question_D_hier90_linear10_two_phase_200k_seed65_12682807__checkpoint_300000,question_D_hier90_linear10_two_phase_200k_seed65_12682807,300000,0.9653589725494385,3,3,quest,matrix_aux_detector_raw,406,0.958128078817734,0.926979895362291
question_D_hier90_linear10_two_phase_200k_seed65_12682807__checkpoint_300000,question_D_hier90_linear10_two_phase_200k_seed65_12682807,300000,0.9653589725494385,3,4,quest,matrix_aux_detector_raw,406,0.0,0.0003019856471407412
question_D_hier90_linear10_two_phase_200k_seed65_12682807__checkpoint_300000,question_D_hier90_linear10_two_phase_200k_seed65_12682807,300000,0.9653589725494385,3,5,quest,matrix_aux_detector_raw,406,0.0,6.353741516138954e-09
question_D_hier90_linear10_two_phase_200k_seed65_12682807__checkpoint_300000,question_D_hier90_linear10_two_phase_200k_seed65_12682807,300000,0.9653589725494385,3,6,quest,matrix_aux_detector_raw,406,0.0,3.6129762224325216e-06
question_D_hier90_linear10_two_phase_200k_seed65_12682807__checkpoint_300000,question_D_hier90_linear10_two_phase_200k_seed65_12682807,300000,0.9653589725494385,3,7,quest,matrix_aux_detector_raw,406,1.0,0.9996668016675658
question_D_hier90_linear10_two_phase_200k_seed65_12682807__checkpoint_300000,question_D_hier90_linear10_two_phase_200k_seed65_12682807,300000,0.9653589725494385,4,0,quest,matrix_aux_detector_raw,406,0.0,3.552276152416999e-11
question_D_hier90_linear10_two_phase_200k_seed65_12682807__checkpoint_300000,question_D_hier90_linear10_two_phase_200k_seed65_12682807,300000,0.9653589725494385,4,1,quest,matrix_aux_detector_raw,406,0.0,3.082556927895714e-07
question_D_hier90_linear10_two_phase_200k_seed65_12682807__checkpoint_300000,question_D_hier90_linear10_two_phase_200k_seed65_12682807,300000,0.9653589725494385,4,2,quest,matrix_aux_detector_raw,406,0.0,8.193747405172155e-07
question_D_hier90_linear10_two_phase_200k_seed65_12682807__checkpoint_300000,question_D_hier90_linear10_two_phase_200k_seed65_12682807,300000,0.9653589725494385,4,3,quest,matrix_aux_detector_raw,406,0.0,4.2846285842630053e-10
question_D_hier90_linear10_two_phase_200k_seed65_12682807__checkpoint_300000,question_D_hier90_linear10_two_phase_200k_seed65_12682807,300000,0.9653589725494385,4,4,quest,matrix_aux_detector_raw,406,1.0,0.9999941066274503
question_D_hier90_linear10_two_phase_200k_seed65_12682807__checkpoint_300000,question_D_hier90_linear10_two_phase_200k_seed65_12682807,300000,0.9653589725494385,4,5,quest,matrix_aux_detector_raw,406,0.0,0.0005590457593867262
question_D_hier90_linear10_two_phase_200k_seed65_12682807__checkpoint_300000,question_D_hier90_linear10_two_phase_200k_seed65_12682807,300000,0.9653589725494385,4,6,quest,matrix_aux_detector_raw,406,1.0,0.9999988137794833
question_D_hier90_linear10_two_phase_200k_seed65_12682807__checkpoint_300000,question_D_hier90_linear10_two_phase_200k_seed65_12682807,300000,0.9653589725494385,4,7,quest,matrix_aux_detector_raw,406,0.9778325123152709,0.9562270140451415
question_D_hier90_linear10_two_phase_200k_seed65_12682807__checkpoint_300000,question_D_hier90_linear10_two_phase_200k_seed65_12682807,300000,0.9653589725494385,5,0,quest,matrix_aux_detector_raw,406,0.0,0.0004657178820511767
question_D_hier90_linear10_two_phase_200k_seed65_12682807__checkpoint_300000,question_D_hier90_linear10_two_phase_200k_seed65_12682807,300000,0.9653589725494385,5,1,quest,matrix_aux_detector_raw,406,0.0,6.221203469284872e-07
question_D_hier90_linear10_two_phase_200k_seed65_12682807__checkpoint_300000,question_D_hier90_linear10_two_phase_200k_seed65_12682807,300000,0.9653589725494385,5,2,quest,matrix_aux_detector_raw,406,0.03201970443349754,0.02164659641171613
question_D_hier90_linear10_two_phase_200k_seed65_12682807__checkpoint_300000,question_D_hier90_linear10_two_phase_200k_seed65_12682807,300000,0.9653589725494385,5,3,quest,matrix_aux_detector_raw,406,0.04187192118226601,0.020899154588771788
question_D_hier90_linear10_two_phase_200k_seed65_12682807__checkpoint_300000,question_D_hier90_linear10_two_phase_200k_seed65_12682807,300000,0.9653589725494385,5,4,quest,matrix_aux_detector_raw,406,0.0,1.537070049300307e-05
question_D_hier90_linear10_two_phase_200k_seed65_12682807__checkpoint_300000,question_D_hier90_linear10_two_phase_200k_seed65_12682807,300000,0.9653589725494385,5,5,quest,matrix_aux_detector_raw,406,0.0,3.087465272430769e-07
question_D_hier90_linear10_two_phase_200k_seed65_12682807__checkpoint_300000,question_D_hier90_linear10_two_phase_200k_seed65_12682807,300000,0.9653589725494385,5,6,quest,matrix_aux_detector_raw,406,0.0,4.914265499996266e-07
question_D_hier90_linear10_two_phase_200k_seed65_12682807__checkpoint_300000,question_D_hier90_linear10_two_phase_200k_seed65_12682807,300000,0.9653589725494385,5,7,quest,matrix_aux_detector_raw,406,0.0,2.2170545880462085e-06
question_D_hier90_linear10_two_phase_200k_seed66_12682810__checkpoint_300000,question_D_hier90_linear10_two_phase_200k_seed66_12682810,300000,0.13681991398334503,0,0,quest,matrix_aux_detector_raw,406,0.0,2.5683969924921343e-25
question_D_hier90_linear10_two_phase_200k_seed66_12682810__checkpoint_300000,question_D_hier90_linear10_two_phase_200k_seed66_12682810,300000,0.13681991398334503,0,1,quest,matrix_aux_detector_raw,406,0.26108374384236455,0.2462016307476155
question_D_hier90_linear10_two_phase_200k_seed66_12682810__checkpoint_300000,question_D_hier90_linear10_two_phase_200k_seed66_12682810,300000,0.13681991398334503,0,2,quest,matrix_aux_detector_raw,406,0.0,2.9501391607494686e-11
question_D_hier90_linear10_two_phase_200k_seed66_12682810__checkpoint_300000,question_D_hier90_linear10_two_phase_200k_seed66_12682810,300000,0.13681991398334503,0,3,quest,matrix_aux_detector_raw,406,0.0,4.488177747592914e-09
question_D_hier90_linear10_two_phase_200k_seed66_12682810__checkpoint_300000,question_D_hier90_linear10_two_phase_200k_seed66_12682810,300000,0.13681991398334503,0,4,quest,matrix_aux_detector_raw,406,0.2536945812807882,0.23967765226513263
question_D_hier90_linear10_two_phase_200k_seed66_12682810__checkpoint_300000,question_D_hier90_linear10_two_phase_200k_seed66_12682810,300000,0.13681991398334503,0,5,quest,matrix_aux_detector_raw,406,0.0,4.893382985999581e-07
question_D_hier90_linear10_two_phase_200k_seed66_12682810__checkpoint_300000,question_D_hier90_linear10_two_phase_200k_seed66_12682810,300000,0.13681991398334503,0,6,quest,matrix_aux_detector_raw,406,0.022167487684729065,0.016773093270777
question_D_hier90_linear10_two_phase_200k_seed66_12682810__checkpoint_300000,question_D_hier90_linear10_two_phase_200k_seed66_12682810,300000,0.13681991398334503,0,7,quest,matrix_aux_detector_raw,406,0.0,2.9023617029019535e-25
question_D_hier90_linear10_two_phase_200k_seed66_12682810__checkpoint_300000,question_D_hier90_linear10_two_phase_200k_seed66_12682810,300000,0.13681991398334503,1,0,quest,matrix_aux_detector_raw,406,0.39901477832512317,0.3396812836360646
question_D_hier90_linear10_two_phase_200k_seed66_12682810__checkpoint_300000,question_D_hier90_linear10_two_phase_200k_seed66_12682810,300000,0.13681991398334503,1,1,quest,matrix_aux_detector_raw,406,0.0,6.667392499865844e-08
question_D_hier90_linear10_two_phase_200k_seed66_12682810__checkpoint_300000,question_D_hier90_linear10_two_phase_200k_seed66_12682810,300000,0.13681991398334503,1,2,quest,matrix_aux_detector_raw,406,0.0,3.980039707563611e-08
question_D_hier90_linear10_two_phase_200k_seed66_12682810__checkpoint_300000,question_D_hier90_linear10_two_phase_200k_seed66_12682810,300000,0.13681991398334503,1,3,quest,matrix_aux_detector_raw,406,0.0,1.9187764192765906e-10
question_D_hier90_linear10_two_phase_200k_seed66_12682810__checkpoint_300000,question_D_hier90_linear10_two_phase_200k_seed66_12682810,300000,0.13681991398334503,1,4,quest,matrix_aux_detector_raw,406,0.0,8.462978478251292e-06
question_D_hier90_linear10_two_phase_200k_seed66_12682810__checkpoint_300000,question_D_hier90_linear10_two_phase_200k_seed66_12682810,300000,0.13681991398334503,1,5,quest,matrix_aux_detector_raw,406,0.6133004926108374,0.5545044744156494
question_D_hier90_linear10_two_phase_200k_seed66_12682810__checkpoint_300000,question_D_hier90_linear10_two_phase_200k_seed66_12682810,300000,0.13681991398334503,1,6,quest,matrix_aux_detector_raw,406,0.0,4.7361148789839806e-05
question_D_hier90_linear10_two_phase_200k_seed66_12682810__checkpoint_300000,question_D_hier90_linear10_two_phase_200k_seed66_12682810,300000,0.13681991398334503,1,7,quest,matrix_aux_detector_raw,406,0.0,4.420905100131739e-06
question_D_hier90_linear10_two_phase_200k_seed66_12682810__checkpoint_300000,question_D_hier90_linear10_two_phase_200k_seed66_12682810,300000,0.13681991398334503,2,0,quest,matrix_aux_detector_raw,406,0.0,1.0799243389002556e-06
question_D_hier90_linear10_two_phase_200k_seed66_12682810__checkpoint_300000,question_D_hier90_linear10_two_phase_200k_seed66_12682810,300000,0.13681991398334503,2,1,quest,matrix_aux_detector_raw,406,0.0,2.883140086046441e-10
question_D_hier90_linear10_two_phase_200k_seed66_12682810__checkpoint_300000,question_D_hier90_linear10_two_phase_200k_seed66_12682810,300000,0.13681991398334503,2,2,quest,matrix_aux_detector_raw,406,0.0,0.00017275756994548856
question_D_hier90_linear10_two_phase_200k_seed66_12682810__checkpoint_300000,question_D_hier90_linear10_two_phase_200k_seed66_12682810,300000,0.13681991398334503,2,3,quest,matrix_aux_detector_raw,406,0.08620689655172414,0.06039719536027593
question_D_hier90_linear10_two_phase_200k_seed66_12682810__checkpoint_300000,question_D_hier90_linear10_two_phase_200k_seed66_12682810,300000,0.13681991398334503,2,4,quest,matrix_aux_detector_raw,406,0.3645320197044335,0.2463537088885402
question_D_hier90_linear10_two_phase_200k_seed66_12682810__checkpoint_300000,question_D_hier90_linear10_two_phase_200k_seed66_12682810,300000,0.13681991398334503,2,5,quest,matrix_aux_detector_raw,406,0.012315270935960592,0.005609099837698242
question_D_hier90_linear10_two_phase_200k_seed66_12682810__checkpoint_300000,question_D_hier90_linear10_two_phase_200k_seed66_12682810,300000,0.13681991398334503,2,6,quest,matrix_aux_detector_raw,406,0.7783251231527094,0.6003873113765303
question_D_hier90_linear10_two_phase_200k_seed66_12682810__checkpoint_300000,question_D_hier90_linear10_two_phase_200k_seed66_12682810,300000,0.13681991398334503,2,7,quest,matrix_aux_detector_raw,406,0.0,1.0453275232683744e-15
question_D_hier90_linear10_two_phase_200k_seed66_12682810__checkpoint_300000,question_D_hier90_linear10_two_phase_200k_seed66_12682810,300000,0.13681991398334503,3,0,quest,matrix_aux_detector_raw,406,0.0,1.0239807053474682e-11
question_D_hier90_linear10_two_phase_200k_seed66_12682810__checkpoint_300000,question_D_hier90_linear10_two_phase_200k_seed66_12682810,300000,0.13681991398334503,3,1,quest,matrix_aux_detector_raw,406,0.0,3.55178199514653e-08
question_D_hier90_linear10_two_phase_200k_seed66_12682810__checkpoint_300000,question_D_hier90_linear10_two_phase_200k_seed66_12682810,300000,0.13681991398334503,3,2,quest,matrix_aux_detector_raw,406,0.5172413793103449,0.4624136143780438
question_D_hier90_linear10_two_phase_200k_seed66_12682810__checkpoint_300000,question_D_hier90_linear10_two_phase_200k_seed66_12682810,300000,0.13681991398334503,3,3,quest,matrix_aux_detector_raw,406,0.0,0.00034086506200127687
question_D_hier90_linear10_two_phase_200k_seed66_12682810__checkpoint_300000,question_D_hier90_linear10_two_phase_200k_seed66_12682810,300000,0.13681991398334503,3,4,quest,matrix_aux_detector_raw,406,0.0,1.6101245731258989e-06
question_D_hier90_linear10_two_phase_200k_seed66_12682810__checkpoint_300000,question_D_hier90_linear10_two_phase_200k_seed66_12682810,300000,0.13681991398334503,3,5,quest,matrix_aux_detector_raw,406,0.0,5.862360843850643e-12
question_D_hier90_linear10_two_phase_200k_seed66_12682810__checkpoint_300000,question_D_hier90_linear10_two_phase_200k_seed66_12682810,300000,0.13681991398334503,3,6,quest,matrix_aux_detector_raw,406,0.1921182266009852,0.15238614119267105
question_D_hier90_linear10_two_phase_200k_seed66_12682810__checkpoint_300000,question_D_hier90_linear10_two_phase_200k_seed66_12682810,300000,0.13681991398334503,3,7,quest,matrix_aux_detector_raw,406,0.0,0.00010991643299195824
question_D_hier90_linear10_two_phase_200k_seed66_12682810__checkpoint_300000,question_D_hier90_linear10_two_phase_200k_seed66_12682810,300000,0.13681991398334503,4,0,quest,matrix_aux_detector_raw,406,0.0,2.4377396120057872e-08
question_D_hier90_linear10_two_phase_200k_seed66_12682810__checkpoint_300000,question_D_hier90_linear10_two_phase_200k_seed66_12682810,300000,0.13681991398334503,4,1,quest,matrix_aux_detector_raw,406,1.0,0.9999999885488613
question_D_hier90_linear10_two_phase_200k_seed66_12682810__checkpoint_300000,question_D_hier90_linear10_two_phase_200k_seed66_12682810,300000,0.13681991398334503,4,2,quest,matrix_aux_detector_raw,406,0.0,2.343804014510166e-10
question_D_hier90_linear10_two_phase_200k_seed66_12682810__checkpoint_300000,question_D_hier90_linear10_two_phase_200k_seed66_12682810,300000,0.13681991398334503,4,3,quest,matrix_aux_detector_raw,406,0.0,2.8947682095457603e-06
question_D_hier90_linear10_two_phase_200k_seed66_12682810__checkpoint_300000,question_D_hier90_linear10_two_phase_200k_seed66_12682810,300000,0.13681991398334503,4,4,quest,matrix_aux_detector_raw,406,0.0,2.05111491558315e-07
question_D_hier90_linear10_two_phase_200k_seed66_12682810__checkpoint_300000,question_D_hier90_linear10_two_phase_200k_seed66_12682810,300000,0.13681991398334503,4,5,quest,matrix_aux_detector_raw,406,0.0,2.00126775014942e-13
question_D_hier90_linear10_two_phase_200k_seed66_12682810__checkpoint_300000,question_D_hier90_linear10_two_phase_200k_seed66_12682810,300000,0.13681991398334503,4,6,quest,matrix_aux_detector_raw,406,1.0,0.9999952344177979
question_D_hier90_linear10_two_phase_200k_seed66_12682810__checkpoint_300000,question_D_hier90_linear10_two_phase_200k_seed66_12682810,300000,0.13681991398334503,4,7,quest,matrix_aux_detector_raw,406,0.007389162561576354,0.0061869871239170395
question_D_hier90_linear10_two_phase_200k_seed66_12682810__checkpoint_300000,question_D_hier90_linear10_two_phase_200k_seed66_12682810,300000,0.13681991398334503,5,0,quest,matrix_aux_detector_raw,406,0.0,1.4953278322699891e-05
question_D_hier90_linear10_two_phase_200k_seed66_12682810__checkpoint_300000,question_D_hier90_linear10_two_phase_200k_seed66_12682810,300000,0.13681991398334503,5,1,quest,matrix_aux_detector_raw,406,0.0,7.978444156148407e-05
question_D_hier90_linear10_two_phase_200k_seed66_12682810__checkpoint_300000,question_D_hier90_linear10_two_phase_200k_seed66_12682810,300000,0.13681991398334503,5,2,quest,matrix_aux_detector_raw,406,0.0,0.00010262608549704953
question_D_hier90_linear10_two_phase_200k_seed66_12682810__checkpoint_300000,question_D_hier90_linear10_two_phase_200k_seed66_12682810,300000,0.13681991398334503,5,3,quest,matrix_aux_detector_raw,406,0.0,1.6586101663188694e-05
question_D_hier90_linear10_two_phase_200k_seed66_12682810__checkpoint_300000,question_D_hier90_linear10_two_phase_200k_seed66_12682810,300000,0.13681991398334503,5,4,quest,matrix_aux_detector_raw,406,0.0,0.00028169840535659544
question_D_hier90_linear10_two_phase_200k_seed66_12682810__checkpoint_300000,question_D_hier90_linear10_two_phase_200k_seed66_12682810,300000,0.13681991398334503,5,5,quest,matrix_aux_detector_raw,406,0.0,7.658490974087798e-10
question_D_hier90_linear10_two_phase_200k_seed66_12682810__checkpoint_300000,question_D_hier90_linear10_two_phase_200k_seed66_12682810,300000,0.13681991398334503,5,6,quest,matrix_aux_detector_raw,406,0.0,0.0010361603811636282
question_D_hier90_linear10_two_phase_200k_seed66_12682810__checkpoint_300000,question_D_hier90_linear10_two_phase_200k_seed66_12682810,300000,0.13681991398334503,5,7,quest,matrix_aux_detector_raw,406,0.0,0.00036950960804326566
question_D_hier90_linear10_two_phase_200k_seed67_12682822__checkpoint_300000,question_D_hier90_linear10_two_phase_200k_seed67_12682822,300000,0.002543598646298051,0,0,quest,matrix_aux_detector_raw,406,0.0,0.0
question_D_hier90_linear10_two_phase_200k_seed67_12682822__checkpoint_300000,question_D_hier90_linear10_two_phase_200k_seed67_12682822,300000,0.002543598646298051,0,1,quest,matrix_aux_detector_raw,406,0.0,2.7611792400489007e-47
question_D_hier90_linear10_two_phase_200k_seed67_12682822__checkpoint_300000,question_D_hier90_linear10_two_phase_200k_seed67_12682822,300000,0.002543598646298051,0,2,quest,matrix_aux_detector_raw,406,0.0,1.9870004390909338e-08
question_D_hier90_linear10_two_phase_200k_seed67_12682822__checkpoint_300000,question_D_hier90_linear10_two_phase_200k_seed67_12682822,300000,0.002543598646298051,0,3,quest,matrix_aux_detector_raw,406,0.0,1.6072360833675078e-08
question_D_hier90_linear10_two_phase_200k_seed67_12682822__checkpoint_300000,question_D_hier90_linear10_two_phase_200k_seed67_12682822,300000,0.002543598646298051,0,4,quest,matrix_aux_detector_raw,406,0.0,0.0
question_D_hier90_linear10_two_phase_200k_seed67_12682822__checkpoint_300000,question_D_hier90_linear10_two_phase_200k_seed67_12682822,300000,0.002543598646298051,0,5,quest,matrix_aux_detector_raw,406,0.0,4.8405693467204845e-28
question_D_hier90_linear10_two_phase_200k_seed67_12682822__checkpoint_300000,question_D_hier90_linear10_two_phase_200k_seed67_12682822,300000,0.002543598646298051,0,6,quest,matrix_aux_detector_raw,406,0.0,2.889405837784473e-19
question_D_hier90_linear10_two_phase_200k_seed67_12682822__checkpoint_300000,question_D_hier90_linear10_two_phase_200k_seed67_12682822,300000,0.002543598646298051,0,7,quest,matrix_aux_detector_raw,406,0.0,0.0
question_D_hier90_linear10_two_phase_200k_seed67_12682822__checkpoint_300000,question_D_hier90_linear10_two_phase_200k_seed67_12682822,300000,0.002543598646298051,1,0,quest,matrix_aux_detector_raw,406,0.0,0.001377359196137123
question_D_hier90_linear10_two_phase_200k_seed67_12682822__checkpoint_300000,question_D_hier90_linear10_two_phase_200k_seed67_12682822,300000,0.002543598646298051,1,1,quest,matrix_aux_detector_raw,406,0.0,6.193038642720019e-13
question_D_hier90_linear10_two_phase_200k_seed67_12682822__checkpoint_300000,question_D_hier90_linear10_two_phase_200k_seed67_12682822,300000,0.002543598646298051,1,2,quest,matrix_aux_detector_raw,406,0.0,1.217720374049082e-12
question_D_hier90_linear10_two_phase_200k_seed67_12682822__checkpoint_300000,question_D_hier90_linear10_two_phase_200k_seed67_12682822,300000,0.002543598646298051,1,3,quest,matrix_aux_detector_raw,406,0.0,5.460486661889379e-23
question_D_hier90_linear10_two_phase_200k_seed67_12682822__checkpoint_300000,question_D_hier90_linear10_two_phase_200k_seed67_12682822,300000,0.002543598646298051,1,4,quest,matrix_aux_detector_raw,406,0.0,6.728793492514931e-05
question_D_hier90_linear10_two_phase_200k_seed67_12682822__checkpoint_300000,question_D_hier90_linear10_two_phase_200k_seed67_12682822,300000,0.002543598646298051,1,5,quest,matrix_aux_detector_raw,406,0.3374384236453202,0.2712951171581446
question_D_hier90_linear10_two_phase_200k_seed67_12682822__checkpoint_300000,question_D_hier90_linear10_two_phase_200k_seed67_12682822,300000,0.002543598646298051,1,6,quest,matrix_aux_detector_raw,406,0.0,7.341536626366567e-06
question_D_hier90_linear10_two_phase_200k_seed67_12682822__checkpoint_300000,question_D_hier90_linear10_two_phase_200k_seed67_12682822,300000,0.002543598646298051,1,7,quest,matrix_aux_detector_raw,406,0.0,1.247621956945472e-20
question_D_hier90_linear10_two_phase_200k_seed67_12682822__checkpoint_300000,question_D_hier90_linear10_two_phase_200k_seed67_12682822,300000,0.002543598646298051,2,0,quest,matrix_aux_detector_raw,406,0.06403940886699508,0.0437217039357513
question_D_hier90_linear10_two_phase_200k_seed67_12682822__checkpoint_300000,question_D_hier90_linear10_two_phase_200k_seed67_12682822,300000,0.002543598646298051,2,1,quest,matrix_aux_detector_raw,406,0.0,4.969960336205219e-05
question_D_hier90_linear10_two_phase_200k_seed67_12682822__checkpoint_300000,question_D_hier90_linear10_two_phase_200k_seed67_12682822,300000,0.002543598646298051,2,2,quest,matrix_aux_detector_raw,406,0.4827586206896552,0.38766947150234626
question_D_hier90_linear10_two_phase_200k_seed67_12682822__checkpoint_300000,question_D_hier90_linear10_two_phase_200k_seed67_12682822,300000,0.002543598646298051,2,3,quest,matrix_aux_detector_raw,406,0.23891625615763548,0.22905992338972936
question_D_hier90_linear10_two_phase_200k_seed67_12682822__checkpoint_300000,question_D_hier90_linear10_two_phase_200k_seed67_12682822,300000,0.002543598646298051,2,4,quest,matrix_aux_detector_raw,406,0.0,7.048129126553325e-05
question_D_hier90_linear10_two_phase_200k_seed67_12682822__checkpoint_300000,question_D_hier90_linear10_two_phase_200k_seed67_12682822,300000,0.002543598646298051,2,5,quest,matrix_aux_detector_raw,406,0.9261083743842364,0.8999683637633057
question_D_hier90_linear10_two_phase_200k_seed67_12682822__checkpoint_300000,question_D_hier90_linear10_two_phase_200k_seed67_12682822,300000,0.002543598646298051,2,6,quest,matrix_aux_detector_raw,406,0.0,3.068770219926585e-07
question_D_hier90_linear10_two_phase_200k_seed67_12682822__checkpoint_300000,question_D_hier90_linear10_two_phase_200k_seed67_12682822,300000,0.002543598646298051,2,7,quest,matrix_aux_detector_raw,406,0.9359605911330049,0.776399690431045
question_D_hier90_linear10_two_phase_200k_seed67_12682822__checkpoint_300000,question_D_hier90_linear10_two_phase_200k_seed67_12682822,300000,0.002543598646298051,3,0,quest,matrix_aux_detector_raw,406,0.0,1.564617459761853e-10
question_D_hier90_linear10_two_phase_200k_seed67_12682822__checkpoint_300000,question_D_hier90_linear10_two_phase_200k_seed67_12682822,300000,0.002543598646298051,3,1,quest,matrix_aux_detector_raw,406,0.0,0.0005948087552417168
question_D_hier90_linear10_two_phase_200k_seed67_12682822__checkpoint_300000,question_D_hier90_linear10_two_phase_200k_seed67_12682822,300000,0.002543598646298051,3,2,quest,matrix_aux_detector_raw,406,0.0,2.7770999996784235e-05
question_D_hier90_linear10_two_phase_200k_seed67_12682822__checkpoint_300000,question_D_hier90_linear10_two_phase_200k_seed67_12682822,300000,0.002543598646298051,3,3,quest,matrix_aux_detector_raw,406,1.0,0.9999573239551977
question_D_hier90_linear10_two_phase_200k_seed67_12682822__checkpoint_300000,question_D_hier90_linear10_two_phase_200k_seed67_12682822,300000,0.002543598646298051,3,4,quest,matrix_aux_detector_raw,406,0.0,0.0001572620709567978
question_D_hier90_linear10_two_phase_200k_seed67_12682822__checkpoint_300000,question_D_hier90_linear10_two_phase_200k_seed67_12682822,300000,0.002543598646298051,3,5,quest,matrix_aux_detector_raw,406,1.0,0.9991052144853939
question_D_hier90_linear10_two_phase_200k_seed67_12682822__checkpoint_300000,question_D_hier90_linear10_two_phase_200k_seed67_12682822,300000,0.002543598646298051,3,6,quest,matrix_aux_detector_raw,406,0.0,2.181365494689388e-05
question_D_hier90_linear10_two_phase_200k_seed67_12682822__checkpoint_300000,question_D_hier90_linear10_two_phase_200k_seed67_12682822,300000,0.002543598646298051,3,7,quest,matrix_aux_detector_raw,406,1.0,0.9994937776051132
question_D_hier90_linear10_two_phase_200k_seed67_12682822__checkpoint_300000,question_D_hier90_linear10_two_phase_200k_seed67_12682822,300000,0.002543598646298051,4,0,quest,matrix_aux_detector_raw,406,0.0,1.8225077342919132e-08
question_D_hier90_linear10_two_phase_200k_seed67_12682822__checkpoint_300000,question_D_hier90_linear10_two_phase_200k_seed67_12682822,300000,0.002543598646298051,4,1,quest,matrix_aux_detector_raw,406,0.0,3.068762214403446e-05
question_D_hier90_linear10_two_phase_200k_seed67_12682822__checkpoint_300000,question_D_hier90_linear10_two_phase_200k_seed67_12682822,300000,0.002543598646298051,4,2,quest,matrix_aux_detector_raw,406,0.1724137931034483,0.11526850860878399
question_D_hier90_linear10_two_phase_200k_seed67_12682822__checkpoint_300000,question_D_hier90_linear10_two_phase_200k_seed67_12682822,300000,0.002543598646298051,4,3,quest,matrix_aux_detector_raw,406,0.0,1.3697826023084942e-08
question_D_hier90_linear10_two_phase_200k_seed67_12682822__checkpoint_300000,question_D_hier90_linear10_two_phase_200k_seed67_12682822,300000,0.002543598646298051,4,4,quest,matrix_aux_detector_raw,406,0.0,6.726338714912177e-07
question_D_hier90_linear10_two_phase_200k_seed67_12682822__checkpoint_300000,question_D_hier90_linear10_two_phase_200k_seed67_12682822,300000,0.002543598646298051,4,5,quest,matrix_aux_detector_raw,406,0.06896551724137931,0.057685499446716894
question_D_hier90_linear10_two_phase_200k_seed67_12682822__checkpoint_300000,question_D_hier90_linear10_two_phase_200k_seed67_12682822,300000,0.002543598646298051,4,6,quest,matrix_aux_detector_raw,406,0.6551724137931034,0.6461514700122402
question_D_hier90_linear10_two_phase_200k_seed67_12682822__checkpoint_300000,question_D_hier90_linear10_two_phase_200k_seed67_12682822,300000,0.002543598646298051,4,7,quest,matrix_aux_detector_raw,406,0.0,7.641118088431164e-05
question_D_hier90_linear10_two_phase_200k_seed67_12682822__checkpoint_300000,question_D_hier90_linear10_two_phase_200k_seed67_12682822,300000,0.002543598646298051,5,0,quest,matrix_aux_detector_raw,406,0.0049261083743842365,0.003369498053998307
question_D_hier90_linear10_two_phase_200k_seed67_12682822__checkpoint_300000,question_D_hier90_linear10_two_phase_200k_seed67_12682822,300000,0.002543598646298051,5,1,quest,matrix_aux_detector_raw,406,0.0,1.0901603296050484e-07
question_D_hier90_linear10_two_phase_200k_seed67_12682822__checkpoint_300000,question_D_hier90_linear10_two_phase_200k_seed67_12682822,300000,0.002543598646298051,5,2,quest,matrix_aux_detector_raw,406,0.0,5.0065992381408544e-05
question_D_hier90_linear10_two_phase_200k_seed67_12682822__checkpoint_300000,question_D_hier90_linear10_two_phase_200k_seed67_12682822,300000,0.002543598646298051,5,3,quest,matrix_aux_detector_raw,406,0.03694581280788178,0.0223424877482678
question_D_hier90_linear10_two_phase_200k_seed67_12682822__checkpoint_300000,question_D_hier90_linear10_two_phase_200k_seed67_12682822,300000,0.002543598646298051,5,4,quest,matrix_aux_detector_raw,406,0.0,2.1444820108733287e-05
question_D_hier90_linear10_two_phase_200k_seed67_12682822__checkpoint_300000,question_D_hier90_linear10_two_phase_200k_seed67_12682822,300000,0.002543598646298051,5,5,quest,matrix_aux_detector_raw,406,0.0,7.677090088028105e-10
question_D_hier90_linear10_two_phase_200k_seed67_12682822__checkpoint_300000,question_D_hier90_linear10_two_phase_200k_seed67_12682822,300000,0.002543598646298051,5,6,quest,matrix_aux_detector_raw,406,0.0,7.036574677210508e-07
question_D_hier90_linear10_two_phase_200k_seed67_12682822__checkpoint_300000,question_D_hier90_linear10_two_phase_200k_seed67_12682822,300000,0.002543598646298051,5,7,quest,matrix_aux_detector_raw,406,0.0,5.642163507244545e-08
question_D_hier90_linear10_two_phase_200k_seed68_12682852__checkpoint_300000,question_D_hier90_linear10_two_phase_200k_seed68_12682852,300000,0.06125429645180702,0,0,quest,matrix_aux_detector_raw,406,0.0,1.5732585446877083e-35
question_D_hier90_linear10_two_phase_200k_seed68_12682852__checkpoint_300000,question_D_hier90_linear10_two_phase_200k_seed68_12682852,300000,0.06125429645180702,0,1,quest,matrix_aux_detector_raw,406,0.0,4.6674982100705624e-05
question_D_hier90_linear10_two_phase_200k_seed68_12682852__checkpoint_300000,question_D_hier90_linear10_two_phase_200k_seed68_12682852,300000,0.06125429645180702,0,2,quest,matrix_aux_detector_raw,406,0.0,1.6333613500769308e-12
question_D_hier90_linear10_two_phase_200k_seed68_12682852__checkpoint_300000,question_D_hier90_linear10_two_phase_200k_seed68_12682852,300000,0.06125429645180702,0,3,quest,matrix_aux_detector_raw,406,0.0,3.1475617549299985e-20
question_D_hier90_linear10_two_phase_200k_seed68_12682852__checkpoint_300000,question_D_hier90_linear10_two_phase_200k_seed68_12682852,300000,0.06125429645180702,0,4,quest,matrix_aux_detector_raw,406,0.0,3.87985971721726e-23
question_D_hier90_linear10_two_phase_200k_seed68_12682852__checkpoint_300000,question_D_hier90_linear10_two_phase_200k_seed68_12682852,300000,0.06125429645180702,0,5,quest,matrix_aux_detector_raw,406,0.0,3.007036950859381e-08
question_D_hier90_linear10_two_phase_200k_seed68_12682852__checkpoint_300000,question_D_hier90_linear10_two_phase_200k_seed68_12682852,300000,0.06125429645180702,0,6,quest,matrix_aux_detector_raw,406,0.0,9.035826726875553e-07
question_D_hier90_linear10_two_phase_200k_seed68_12682852__checkpoint_300000,question_D_hier90_linear10_two_phase_200k_seed68_12682852,300000,0.06125429645180702,0,7,quest,matrix_aux_detector_raw,406,0.0,9.475709705101287e-22
question_D_hier90_linear10_two_phase_200k_seed68_12682852__checkpoint_300000,question_D_hier90_linear10_two_phase_200k_seed68_12682852,300000,0.06125429645180702,1,0,quest,matrix_aux_detector_raw,406,0.11083743842364532,0.07427145985715301
question_D_hier90_linear10_two_phase_200k_seed68_12682852__checkpoint_300000,question_D_hier90_linear10_two_phase_200k_seed68_12682852,300000,0.06125429645180702,1,1,quest,matrix_aux_detector_raw,406,0.0,1.801190349308934e-10
question_D_hier90_linear10_two_phase_200k_seed68_12682852__checkpoint_300000,question_D_hier90_linear10_two_phase_200k_seed68_12682852,300000,0.06125429645180702,1,2,quest,matrix_aux_detector_raw,406,0.03940886699507389,0.030359786358951077
question_D_hier90_linear10_two_phase_200k_seed68_12682852__checkpoint_300000,question_D_hier90_linear10_two_phase_200k_seed68_12682852,300000,0.06125429645180702,1,3,quest,matrix_aux_detector_raw,406,0.32019704433497537,0.279285381363385
question_D_hier90_linear10_two_phase_200k_seed68_12682852__checkpoint_300000,question_D_hier90_linear10_two_phase_200k_seed68_12682852,300000,0.06125429645180702,1,4,quest,matrix_aux_detector_raw,406,0.0,1.5891825698385917e-05
question_D_hier90_linear10_two_phase_200k_seed68_12682852__checkpoint_300000,question_D_hier90_linear10_two_phase_200k_seed68_12682852,300000,0.06125429645180702,1,5,quest,matrix_aux_detector_raw,406,0.39408866995073893,0.3394546106575135
question_D_hier90_linear10_two_phase_200k_seed68_12682852__checkpoint_300000,question_D_hier90_linear10_two_phase_200k_seed68_12682852,300000,0.06125429645180702,1,6,quest,matrix_aux_detector_raw,406,0.0,6.973601622544869e-05
question_D_hier90_linear10_two_phase_200k_seed68_12682852__checkpoint_300000,question_D_hier90_linear10_two_phase_200k_seed68_12682852,300000,0.06125429645180702,1,7,quest,matrix_aux_detector_raw,406,0.0,9.288343438154827e-05
question_D_hier90_linear10_two_phase_200k_seed68_12682852__checkpoint_300000,question_D_hier90_linear10_two_phase_200k_seed68_12682852,300000,0.06125429645180702,2,0,quest,matrix_aux_detector_raw,406,0.009852216748768473,0.006760477157238428
question_D_hier90_linear10_two_phase_200k_seed68_12682852__checkpoint_300000,question_D_hier90_linear10_two_phase_200k_seed68_12682852,300000,0.06125429645180702,2,1,quest,matrix_aux_detector_raw,406,0.0,3.6255074601745093e-06
question_D_hier90_linear10_two_phase_200k_seed68_12682852__checkpoint_300000,question_D_hier90_linear10_two_phase_200k_seed68_12682852,300000,0.06125429645180702,2,2,quest,matrix_aux_detector_raw,406,0.2955665024630542,0.2099201061653952
question_D_hier90_linear10_two_phase_200k_seed68_12682852__checkpoint_300000,question_D_hier90_linear10_two_phase_200k_seed68_12682852,300000,0.06125429645180702,2,3,quest,matrix_aux_detector_raw,406,0.0,1.580778494851198e-09
question_D_hier90_linear10_two_phase_200k_seed68_12682852__checkpoint_300000,question_D_hier90_linear10_two_phase_200k_seed68_12682852,300000,0.06125429645180702,2,4,quest,matrix_aux_detector_raw,406,0.0,3.3655327272079826e-09
question_D_hier90_linear10_two_phase_200k_seed68_12682852__checkpoint_300000,question_D_hier90_linear10_two_phase_200k_seed68_12682852,300000,0.06125429645180702,2,5,quest,matrix_aux_detector_raw,406,0.7586206896551724,0.6835111862855855
question_D_hier90_linear10_two_phase_200k_seed68_12682852__checkpoint_300000,question_D_hier90_linear10_two_phase_200k_seed68_12682852,300000,0.06125429645180702,2,6,quest,matrix_aux_detector_raw,406,0.39655172413793105,0.3644177720752561
question_D_hier90_linear10_two_phase_200k_seed68_12682852__checkpoint_300000,question_D_hier90_linear10_two_phase_200k_seed68_12682852,300000,0.06125429645180702,2,7,quest,matrix_aux_detector_raw,406,0.0,3.1120421396443185e-09
question_D_hier90_linear10_two_phase_200k_seed68_12682852__checkpoint_300000,question_D_hier90_linear10_two_phase_200k_seed68_12682852,300000,0.06125429645180702,3,0,quest,matrix_aux_detector_raw,406,0.0,1.9983583424945147e-05
question_D_hier90_linear10_two_phase_200k_seed68_12682852__checkpoint_300000,question_D_hier90_linear10_two_phase_200k_seed68_12682852,300000,0.06125429645180702,3,1,quest,matrix_aux_detector_raw,406,0.0,3.1791877888656474e-11
question_D_hier90_linear10_two_phase_200k_seed68_12682852__checkpoint_300000,question_D_hier90_linear10_two_phase_200k_seed68_12682852,300000,0.06125429645180702,3,2,quest,matrix_aux_detector_raw,406,0.0,4.146312557089211e-10
question_D_hier90_linear10_two_phase_200k_seed68_12682852__checkpoint_300000,question_D_hier90_linear10_two_phase_200k_seed68_12682852,300000,0.06125429645180702,3,3,quest,matrix_aux_detector_raw,406,0.0,1.3566948825409872e-05
question_D_hier90_linear10_two_phase_200k_seed68_12682852__checkpoint_300000,question_D_hier90_linear10_two_phase_200k_seed68_12682852,300000,0.06125429645180702,3,4,quest,matrix_aux_detector_raw,406,0.0,7.406443923569682e-10
question_D_hier90_linear10_two_phase_200k_seed68_12682852__checkpoint_300000,question_D_hier90_linear10_two_phase_200k_seed68_12682852,300000,0.06125429645180702,3,5,quest,matrix_aux_detector_raw,406,0.024630541871921183,0.017656327654320885
question_D_hier90_linear10_two_phase_200k_seed68_12682852__checkpoint_300000,question_D_hier90_linear10_two_phase_200k_seed68_12682852,300000,0.06125429645180702,3,6,quest,matrix_aux_detector_raw,406,0.33251231527093594,0.20995966745193034
question_D_hier90_linear10_two_phase_200k_seed68_12682852__checkpoint_300000,question_D_hier90_linear10_two_phase_200k_seed68_12682852,300000,0.06125429645180702,3,7,quest,matrix_aux_detector_raw,406,0.0,0.00019501170512654258
question_D_hier90_linear10_two_phase_200k_seed68_12682852__checkpoint_300000,question_D_hier90_linear10_two_phase_200k_seed68_12682852,300000,0.06125429645180702,4,0,quest,matrix_aux_detector_raw,406,0.0,2.7526531405442133e-13
question_D_hier90_linear10_two_phase_200k_seed68_12682852__checkpoint_300000,question_D_hier90_linear10_two_phase_200k_seed68_12682852,300000,0.06125429645180702,4,1,quest,matrix_aux_detector_raw,406,1.0,0.9999972838779976
question_D_hier90_linear10_two_phase_200k_seed68_12682852__checkpoint_300000,question_D_hier90_linear10_two_phase_200k_seed68_12682852,300000,0.06125429645180702,4,2,quest,matrix_aux_detector_raw,406,0.0,9.133820758241087e-10
question_D_hier90_linear10_two_phase_200k_seed68_12682852__checkpoint_300000,question_D_hier90_linear10_two_phase_200k_seed68_12682852,300000,0.06125429645180702,4,3,quest,matrix_aux_detector_raw,406,0.0,5.4776646927114824e-12
question_D_hier90_linear10_two_phase_200k_seed68_12682852__checkpoint_300000,question_D_hier90_linear10_two_phase_200k_seed68_12682852,300000,0.06125429645180702,4,4,quest,matrix_aux_detector_raw,406,0.0,0.002280905862251196
question_D_hier90_linear10_two_phase_200k_seed68_12682852__checkpoint_300000,question_D_hier90_linear10_two_phase_200k_seed68_12682852,300000,0.06125429645180702,4,5,quest,matrix_aux_detector_raw,406,0.0,4.3270177987426877e-13
question_D_hier90_linear10_two_phase_200k_seed68_12682852__checkpoint_300000,question_D_hier90_linear10_two_phase_200k_seed68_12682852,300000,0.06125429645180702,4,6,quest,matrix_aux_detector_raw,406,0.0,7.647601925352244e-09
question_D_hier90_linear10_two_phase_200k_seed68_12682852__checkpoint_300000,question_D_hier90_linear10_two_phase_200k_seed68_12682852,300000,0.06125429645180702,4,7,quest,matrix_aux_detector_raw,406,0.0,1.5034289109114885e-05
question_D_hier90_linear10_two_phase_200k_seed68_12682852__checkpoint_300000,question_D_hier90_linear10_two_phase_200k_seed68_12682852,300000,0.06125429645180702,5,0,quest,matrix_aux_detector_raw,406,0.6083743842364532,0.5172958809889033
question_D_hier90_linear10_two_phase_200k_seed68_12682852__checkpoint_300000,question_D_hier90_linear10_two_phase_200k_seed68_12682852,300000,0.06125429645180702,5,1,quest,matrix_aux_detector_raw,406,0.0,4.97082032973243e-05
question_D_hier90_linear10_two_phase_200k_seed68_12682852__checkpoint_300000,question_D_hier90_linear10_two_phase_200k_seed68_12682852,300000,0.06125429645180702,5,2,quest,matrix_aux_detector_raw,406,0.0,1.8975037915780752e-05
question_D_hier90_linear10_two_phase_200k_seed68_12682852__checkpoint_300000,question_D_hier90_linear10_two_phase_200k_seed68_12682852,300000,0.06125429645180702,5,3,quest,matrix_aux_detector_raw,406,0.49261083743842365,0.4764794486159415
question_D_hier90_linear10_two_phase_200k_seed68_12682852__checkpoint_300000,question_D_hier90_linear10_two_phase_200k_seed68_12682852,300000,0.06125429645180702,5,4,quest,matrix_aux_detector_raw,406,1.0,0.9993696835240707
question_D_hier90_linear10_two_phase_200k_seed68_12682852__checkpoint_300000,question_D_hier90_linear10_two_phase_200k_seed68_12682852,300000,0.06125429645180702,5,5,quest,matrix_aux_detector_raw,406,0.9975369458128078,0.9912635153434767
question_D_hier90_linear10_two_phase_200k_seed68_12682852__checkpoint_300000,question_D_hier90_linear10_two_phase_200k_seed68_12682852,300000,0.06125429645180702,5,6,quest,matrix_aux_detector_raw,406,0.0,1.5503957995597967e-05
question_D_hier90_linear10_two_phase_200k_seed68_12682852__checkpoint_300000,question_D_hier90_linear10_two_phase_200k_seed68_12682852,300000,0.06125429645180702,5,7,quest,matrix_aux_detector_raw,406,0.0,1.2599680153315889e-09
question_D_hier90_linear10_two_phase_200k_seed69_12682897__checkpoint_300000,question_D_hier90_linear10_two_phase_200k_seed69_12682897,300000,0.9277464151382446,0,0,quest,matrix_aux_detector_raw,406,0.0,1.5728467487566995e-30
question_D_hier90_linear10_two_phase_200k_seed69_12682897__checkpoint_300000,question_D_hier90_linear10_two_phase_200k_seed69_12682897,300000,0.9277464151382446,0,1,quest,matrix_aux_detector_raw,406,0.0,6.876111693253718e-30
question_D_hier90_linear10_two_phase_200k_seed69_12682897__checkpoint_300000,question_D_hier90_linear10_two_phase_200k_seed69_12682897,300000,0.9277464151382446,0,2,quest,matrix_aux_detector_raw,406,0.0,1.8167906511000844e-21
question_D_hier90_linear10_two_phase_200k_seed69_12682897__checkpoint_300000,question_D_hier90_linear10_two_phase_200k_seed69_12682897,300000,0.9277464151382446,0,3,quest,matrix_aux_detector_raw,406,0.0,4.802016808087288e-19
question_D_hier90_linear10_two_phase_200k_seed69_12682897__checkpoint_300000,question_D_hier90_linear10_two_phase_200k_seed69_12682897,300000,0.9277464151382446,0,4,quest,matrix_aux_detector_raw,406,0.0,8.185697759889285e-07
question_D_hier90_linear10_two_phase_200k_seed69_12682897__checkpoint_300000,question_D_hier90_linear10_two_phase_200k_seed69_12682897,300000,0.9277464151382446,0,5,quest,matrix_aux_detector_raw,406,0.8842364532019704,0.8801342748493426
question_D_hier90_linear10_two_phase_200k_seed69_12682897__checkpoint_300000,question_D_hier90_linear10_two_phase_200k_seed69_12682897,300000,0.9277464151382446,0,6,quest,matrix_aux_detector_raw,406,0.9901477832512315,0.9816101058305979
question_D_hier90_linear10_two_phase_200k_seed69_12682897__checkpoint_300000,question_D_hier90_linear10_two_phase_200k_seed69_12682897,300000,0.9277464151382446,0,7,quest,matrix_aux_detector_raw,406,0.0,1.9990920006428676e-13
question_D_hier90_linear10_two_phase_200k_seed69_12682897__checkpoint_300000,question_D_hier90_linear10_two_phase_200k_seed69_12682897,300000,0.9277464151382446,1,0,quest,matrix_aux_detector_raw,406,0.0,1.6996878702483685e-11
question_D_hier90_linear10_two_phase_200k_seed69_12682897__checkpoint_300000,question_D_hier90_linear10_two_phase_200k_seed69_12682897,300000,0.9277464151382446,1,1,quest,matrix_aux_detector_raw,406,0.0,2.4933355395736486e-07
question_D_hier90_linear10_two_phase_200k_seed69_12682897__checkpoint_300000,question_D_hier90_linear10_two_phase_200k_seed69_12682897,300000,0.9277464151382446,1,2,quest,matrix_aux_detector_raw,406,0.0,1.8248428653707283e-13
question_D_hier90_linear10_two_phase_200k_seed69_12682897__checkpoint_300000,question_D_hier90_linear10_two_phase_200k_seed69_12682897,300000,0.9277464151382446,1,3,quest,matrix_aux_detector_raw,406,0.6896551724137931,0.6591128862419326
question_D_hier90_linear10_two_phase_200k_seed69_12682897__checkpoint_300000,question_D_hier90_linear10_two_phase_200k_seed69_12682897,300000,0.9277464151382446,1,4,quest,matrix_aux_detector_raw,406,0.0,4.758399785549446e-05
question_D_hier90_linear10_two_phase_200k_seed69_12682897__checkpoint_300000,question_D_hier90_linear10_two_phase_200k_seed69_12682897,300000,0.9277464151382446,1,5,quest,matrix_aux_detector_raw,406,0.04187192118226601,0.026851790696159488
question_D_hier90_linear10_two_phase_200k_seed69_12682897__checkpoint_300000,question_D_hier90_linear10_two_phase_200k_seed69_12682897,300000,0.9277464151382446,1,6,quest,matrix_aux_detector_raw,406,0.0024630541871921183,0.0030899131192152363
question_D_hier90_linear10_two_phase_200k_seed69_12682897__checkpoint_300000,question_D_hier90_linear10_two_phase_200k_seed69_12682897,300000,0.9277464151382446,1,7,quest,matrix_aux_detector_raw,406,0.13793103448275862,0.13788545271448202
question_D_hier90_linear10_two_phase_200k_seed69_12682897__checkpoint_300000,question_D_hier90_linear10_two_phase_200k_seed69_12682897,300000,0.9277464151382446,2,0,quest,matrix_aux_detector_raw,406,0.0,2.301110082680181e-09
question_D_hier90_linear10_two_phase_200k_seed69_12682897__checkpoint_300000,question_D_hier90_linear10_two_phase_200k_seed69_12682897,300000,0.9277464151382446,2,1,quest,matrix_aux_detector_raw,406,0.0,2.343325406150086e-05
question_D_hier90_linear10_two_phase_200k_seed69_12682897__checkpoint_300000,question_D_hier90_linear10_two_phase_200k_seed69_12682897,300000,0.9277464151382446,2,2,quest,matrix_aux_detector_raw,406,0.9310344827586207,0.8750093270522161
question_D_hier90_linear10_two_phase_200k_seed69_12682897__checkpoint_300000,question_D_hier90_linear10_two_phase_200k_seed69_12682897,300000,0.9277464151382446,2,3,quest,matrix_aux_detector_raw,406,0.0,1.8858916584881355e-07
question_D_hier90_linear10_two_phase_200k_seed69_12682897__checkpoint_300000,question_D_hier90_linear10_two_phase_200k_seed69_12682897,300000,0.9277464151382446,2,4,quest,matrix_aux_detector_raw,406,0.9950738916256158,0.9440490095853218
question_D_hier90_linear10_two_phase_200k_seed69_12682897__checkpoint_300000,question_D_hier90_linear10_two_phase_200k_seed69_12682897,300000,0.9277464151382446,2,5,quest,matrix_aux_detector_raw,406,0.0,1.2878667815126685e-17
question_D_hier90_linear10_two_phase_200k_seed69_12682897__checkpoint_300000,question_D_hier90_linear10_two_phase_200k_seed69_12682897,300000,0.9277464151382446,2,6,quest,matrix_aux_detector_raw,406,0.0,5.854138044689343e-05
question_D_hier90_linear10_two_phase_200k_seed69_12682897__checkpoint_300000,question_D_hier90_linear10_two_phase_200k_seed69_12682897,300000,0.9277464151382446,2,7,quest,matrix_aux_detector_raw,406,0.0,0.0027660939389591768
question_D_hier90_linear10_two_phase_200k_seed69_12682897__checkpoint_300000,question_D_hier90_linear10_two_phase_200k_seed69_12682897,300000,0.9277464151382446,3,0,quest,matrix_aux_detector_raw,406,1.0,0.9953664100816098
question_D_hier90_linear10_two_phase_200k_seed69_12682897__checkpoint_300000,question_D_hier90_linear10_two_phase_200k_seed69_12682897,300000,0.9277464151382446,3,1,quest,matrix_aux_detector_raw,406,0.0,6.427994938381966e-08
question_D_hier90_linear10_two_phase_200k_seed69_12682897__checkpoint_300000,question_D_hier90_linear10_two_phase_200k_seed69_12682897,300000,0.9277464151382446,3,2,quest,matrix_aux_detector_raw,406,1.0,0.9766201417287582
question_D_hier90_linear10_two_phase_200k_seed69_12682897__checkpoint_300000,question_D_hier90_linear10_two_phase_200k_seed69_12682897,300000,0.9277464151382446,3,3,quest,matrix_aux_detector_raw,406,1.0,0.9999999198420294
question_D_hier90_linear10_two_phase_200k_seed69_12682897__checkpoint_300000,question_D_hier90_linear10_two_phase_200k_seed69_12682897,300000,0.9277464151382446,3,4,quest,matrix_aux_detector_raw,406,0.11576354679802955,0.07460881146195787
question_D_hier90_linear10_two_phase_200k_seed69_12682897__checkpoint_300000,question_D_hier90_linear10_two_phase_200k_seed69_12682897,300000,0.9277464151382446,3,5,quest,matrix_aux_detector_raw,406,0.0,8.448510350733864e-07
question_D_hier90_linear10_two_phase_200k_seed69_12682897__checkpoint_300000,question_D_hier90_linear10_two_phase_200k_seed69_12682897,300000,0.9277464151382446,3,6,quest,matrix_aux_detector_raw,406,0.0,2.984113515879988e-11
question_D_hier90_linear10_two_phase_200k_seed69_12682897__checkpoint_300000,question_D_hier90_linear10_two_phase_200k_seed69_12682897,300000,0.9277464151382446,3,7,quest,matrix_aux_detector_raw,406,0.0,6.521624938864383e-10
question_D_hier90_linear10_two_phase_200k_seed69_12682897__checkpoint_300000,question_D_hier90_linear10_two_phase_200k_seed69_12682897,300000,0.9277464151382446,4,0,quest,matrix_aux_detector_raw,406,0.0,9.433405793369064e-15
question_D_hier90_linear10_two_phase_200k_seed69_12682897__checkpoint_300000,question_D_hier90_linear10_two_phase_200k_seed69_12682897,300000,0.9277464151382446,4,1,quest,matrix_aux_detector_raw,406,1.0,0.9995451450641519
question_D_hier90_linear10_two_phase_200k_seed69_12682897__checkpoint_300000,question_D_hier90_linear10_two_phase_200k_seed69_12682897,300000,0.9277464151382446,4,2,quest,matrix_aux_detector_raw,406,0.0,7.911709077178758e-10
question_D_hier90_linear10_two_phase_200k_seed69_12682897__checkpoint_300000,question_D_hier90_linear10_two_phase_200k_seed69_12682897,300000,0.9277464151382446,4,3,quest,matrix_aux_detector_raw,406,1.0,0.9999999982382863
question_D_hier90_linear10_two_phase_200k_seed69_12682897__checkpoint_300000,question_D_hier90_linear10_two_phase_200k_seed69_12682897,300000,0.9277464151382446,4,4,quest,matrix_aux_detector_raw,406,0.0,1.375585374685874e-07
question_D_hier90_linear10_two_phase_200k_seed69_12682897__checkpoint_300000,question_D_hier90_linear10_two_phase_200k_seed69_12682897,300000,0.9277464151382446,4,5,quest,matrix_aux_detector_raw,406,0.0,1.6320349386111382e-11
question_D_hier90_linear10_two_phase_200k_seed69_12682897__checkpoint_300000,question_D_hier90_linear10_two_phase_200k_seed69_12682897,300000,0.9277464151382446,4,6,quest,matrix_aux_detector_raw,406,1.0,0.9999998349861559
question_D_hier90_linear10_two_phase_200k_seed69_12682897__checkpoint_300000,question_D_hier90_linear10_two_phase_200k_seed69_12682897,300000,0.9277464151382446,4,7,quest,matrix_aux_detector_raw,406,0.0,8.437545566706391e-13
question_D_hier90_linear10_two_phase_200k_seed69_12682897__checkpoint_300000,question_D_hier90_linear10_two_phase_200k_seed69_12682897,300000,0.9277464151382446,5,0,quest,matrix_aux_detector_raw,406,0.0,0.0002495944947233012
question_D_hier90_linear10_two_phase_200k_seed69_12682897__checkpoint_300000,question_D_hier90_linear10_two_phase_200k_seed69_12682897,300000,0.9277464151382446,5,1,quest,matrix_aux_detector_raw,406,0.0,1.7705168644035509e-06
question_D_hier90_linear10_two_phase_200k_seed69_12682897__checkpoint_300000,question_D_hier90_linear10_two_phase_200k_seed69_12682897,300000,0.9277464151382446,5,2,quest,matrix_aux_detector_raw,406,0.0,4.681843949804699e-11
question_D_hier90_linear10_two_phase_200k_seed69_12682897__checkpoint_300000,question_D_hier90_linear10_two_phase_200k_seed69_12682897,300000,0.9277464151382446,5,3,quest,matrix_aux_detector_raw,406,0.0,8.318701691173658e-08
question_D_hier90_linear10_two_phase_200k_seed69_12682897__checkpoint_300000,question_D_hier90_linear10_two_phase_200k_seed69_12682897,300000,0.9277464151382446,5,4,quest,matrix_aux_detector_raw,406,0.0,3.750219028057345e-08
question_D_hier90_linear10_two_phase_200k_seed69_12682897__checkpoint_300000,question_D_hier90_linear10_two_phase_200k_seed69_12682897,300000,0.9277464151382446,5,5,quest,matrix_aux_detector_raw,406,0.0,2.7685911243217646e-09
question_D_hier90_linear10_two_phase_200k_seed69_12682897__checkpoint_300000,question_D_hier90_linear10_two_phase_200k_seed69_12682897,300000,0.9277464151382446,5,6,quest,matrix_aux_detector_raw,406,0.0,4.554002110008855e-07
question_D_hier90_linear10_two_phase_200k_seed69_12682897__checkpoint_300000,question_D_hier90_linear10_two_phase_200k_seed69_12682897,300000,0.9277464151382446,5,7,quest,matrix_aux_detector_raw,406,0.0,8.817495521847634e-07
question_D_hier90_linear10_two_phase_200k_seed70_12682957__checkpoint_300000,question_D_hier90_linear10_two_phase_200k_seed70_12682957,300000,0.7907602787017822,0,0,quest,matrix_aux_detector_raw,406,0.0,0.0007517275332827615
question_D_hier90_linear10_two_phase_200k_seed70_12682957__checkpoint_300000,question_D_hier90_linear10_two_phase_200k_seed70_12682957,300000,0.7907602787017822,0,1,quest,matrix_aux_detector_raw,406,0.0,5.24306910057501e-35
question_D_hier90_linear10_two_phase_200k_seed70_12682957__checkpoint_300000,question_D_hier90_linear10_two_phase_200k_seed70_12682957,300000,0.7907602787017822,0,2,quest,matrix_aux_detector_raw,406,0.15763546798029557,0.14170858611825302
question_D_hier90_linear10_two_phase_200k_seed70_12682957__checkpoint_300000,question_D_hier90_linear10_two_phase_200k_seed70_12682957,300000,0.7907602787017822,0,3,quest,matrix_aux_detector_raw,406,0.0,9.352732715538202e-14
question_D_hier90_linear10_two_phase_200k_seed70_12682957__checkpoint_300000,question_D_hier90_linear10_two_phase_200k_seed70_12682957,300000,0.7907602787017822,0,4,quest,matrix_aux_detector_raw,406,0.0,5.65442549834573e-06
question_D_hier90_linear10_two_phase_200k_seed70_12682957__checkpoint_300000,question_D_hier90_linear10_two_phase_200k_seed70_12682957,300000,0.7907602787017822,0,5,quest,matrix_aux_detector_raw,406,0.0,4.218807660430557e-18
question_D_hier90_linear10_two_phase_200k_seed70_12682957__checkpoint_300000,question_D_hier90_linear10_two_phase_200k_seed70_12682957,300000,0.7907602787017822,0,6,quest,matrix_aux_detector_raw,406,0.0,2.3804816523271584e-44
question_D_hier90_linear10_two_phase_200k_seed70_12682957__checkpoint_300000,question_D_hier90_linear10_two_phase_200k_seed70_12682957,300000,0.7907602787017822,0,7,quest,matrix_aux_detector_raw,406,0.0,1.3635462411652485e-42
question_D_hier90_linear10_two_phase_200k_seed70_12682957__checkpoint_300000,question_D_hier90_linear10_two_phase_200k_seed70_12682957,300000,0.7907602787017822,1,0,quest,matrix_aux_detector_raw,406,0.21182266009852216,0.15776849552127328
question_D_hier90_linear10_two_phase_200k_seed70_12682957__checkpoint_300000,question_D_hier90_linear10_two_phase_200k_seed70_12682957,300000,0.7907602787017822,1,1,quest,matrix_aux_detector_raw,406,0.0,1.6192680910366253e-07
question_D_hier90_linear10_two_phase_200k_seed70_12682957__checkpoint_300000,question_D_hier90_linear10_two_phase_200k_seed70_12682957,300000,0.7907602787017822,1,2,quest,matrix_aux_detector_raw,406,0.5098522167487685,0.42862018423300635
question_D_hier90_linear10_two_phase_200k_seed70_12682957__checkpoint_300000,question_D_hier90_linear10_two_phase_200k_seed70_12682957,300000,0.7907602787017822,1,3,quest,matrix_aux_detector_raw,406,0.09852216748768473,0.06885392740264214
question_D_hier90_linear10_two_phase_200k_seed70_12682957__checkpoint_300000,question_D_hier90_linear10_two_phase_200k_seed70_12682957,300000,0.7907602787017822,1,4,quest,matrix_aux_detector_raw,406,0.0,3.8598108491155e-12
question_D_hier90_linear10_two_phase_200k_seed70_12682957__checkpoint_300000,question_D_hier90_linear10_two_phase_200k_seed70_12682957,300000,0.7907602787017822,1,5,quest,matrix_aux_detector_raw,406,0.0,3.033467408019095e-06
question_D_hier90_linear10_two_phase_200k_seed70_12682957__checkpoint_300000,question_D_hier90_linear10_two_phase_200k_seed70_12682957,300000,0.7907602787017822,1,6,quest,matrix_aux_detector_raw,406,0.9482758620689655,0.9335564648954191
question_D_hier90_linear10_two_phase_200k_seed70_12682957__checkpoint_300000,question_D_hier90_linear10_two_phase_200k_seed70_12682957,300000,0.7907602787017822,1,7,quest,matrix_aux_detector_raw,406,0.9975369458128078,0.9770247869083447
question_D_hier90_linear10_two_phase_200k_seed70_12682957__checkpoint_300000,question_D_hier90_linear10_two_phase_200k_seed70_12682957,300000,0.7907602787017822,2,0,quest,matrix_aux_detector_raw,406,0.0,3.585881588614627e-06
question_D_hier90_linear10_two_phase_200k_seed70_12682957__checkpoint_300000,question_D_hier90_linear10_two_phase_200k_seed70_12682957,300000,0.7907602787017822,2,1,quest,matrix_aux_detector_raw,406,1.0,0.9934093821518527
question_D_hier90_linear10_two_phase_200k_seed70_12682957__checkpoint_300000,question_D_hier90_linear10_two_phase_200k_seed70_12682957,300000,0.7907602787017822,2,2,quest,matrix_aux_detector_raw,406,0.0049261083743842365,0.004938489431606043
question_D_hier90_linear10_two_phase_200k_seed70_12682957__checkpoint_300000,question_D_hier90_linear10_two_phase_200k_seed70_12682957,300000,0.7907602787017822,2,3,quest,matrix_aux_detector_raw,406,0.0,0.0003938561638862461
question_D_hier90_linear10_two_phase_200k_seed70_12682957__checkpoint_300000,question_D_hier90_linear10_two_phase_200k_seed70_12682957,300000,0.7907602787017822,2,4,quest,matrix_aux_detector_raw,406,0.0,2.994089782752922e-08
question_D_hier90_linear10_two_phase_200k_seed70_12682957__checkpoint_300000,question_D_hier90_linear10_two_phase_200k_seed70_12682957,300000,0.7907602787017822,2,5,quest,matrix_aux_detector_raw,406,0.9532019704433498,0.9428902936510172
question_D_hier90_linear10_two_phase_200k_seed70_12682957__checkpoint_300000,question_D_hier90_linear10_two_phase_200k_seed70_12682957,300000,0.7907602787017822,2,6,quest,matrix_aux_detector_raw,406,0.0,4.929790021679029e-05
question_D_hier90_linear10_two_phase_200k_seed70_12682957__checkpoint_300000,question_D_hier90_linear10_two_phase_200k_seed70_12682957,300000,0.7907602787017822,2,7,quest,matrix_aux_detector_raw,406,0.0,3.2311841449311745e-14
question_D_hier90_linear10_two_phase_200k_seed70_12682957__checkpoint_300000,question_D_hier90_linear10_two_phase_200k_seed70_12682957,300000,0.7907602787017822,3,0,quest,matrix_aux_detector_raw,406,0.024630541871921183,0.017512291611914997
question_D_hier90_linear10_two_phase_200k_seed70_12682957__checkpoint_300000,question_D_hier90_linear10_two_phase_200k_seed70_12682957,300000,0.7907602787017822,3,1,quest,matrix_aux_detector_raw,406,0.0,1.1598454521407623e-10
question_D_hier90_linear10_two_phase_200k_seed70_12682957__checkpoint_300000,question_D_hier90_linear10_two_phase_200k_seed70_12682957,300000,0.7907602787017822,3,2,quest,matrix_aux_detector_raw,406,1.0,0.9999999691700113
question_D_hier90_linear10_two_phase_200k_seed70_12682957__checkpoint_300000,question_D_hier90_linear10_two_phase_200k_seed70_12682957,300000,0.7907602787017822,3,3,quest,matrix_aux_detector_raw,406,1.0,0.9999013816194581
question_D_hier90_linear10_two_phase_200k_seed70_12682957__checkpoint_300000,question_D_hier90_linear10_two_phase_200k_seed70_12682957,300000,0.7907602787017822,3,4,quest,matrix_aux_detector_raw,406,1.0,0.9999927614122776
question_D_hier90_linear10_two_phase_200k_seed70_12682957__checkpoint_300000,question_D_hier90_linear10_two_phase_200k_seed70_12682957,300000,0.7907602787017822,3,5,quest,matrix_aux_detector_raw,406,0.0,8.831106264586301e-08
question_D_hier90_linear10_two_phase_200k_seed70_12682957__checkpoint_300000,question_D_hier90_linear10_two_phase_200k_seed70_12682957,300000,0.7907602787017822,3,6,quest,matrix_aux_detector_raw,406,0.0,8.67423655609504e-06
question_D_hier90_linear10_two_phase_200k_seed70_12682957__checkpoint_300000,question_D_hier90_linear10_two_phase_200k_seed70_12682957,300000,0.7907602787017822,3,7,quest,matrix_aux_detector_raw,406,0.229064039408867,0.12887105582138408
question_D_hier90_linear10_two_phase_200k_seed70_12682957__checkpoint_300000,question_D_hier90_linear10_two_phase_200k_seed70_12682957,300000,0.7907602787017822,4,0,quest,matrix_aux_detector_raw,406,1.0,0.9900714633940476
question_D_hier90_linear10_two_phase_200k_seed70_12682957__checkpoint_300000,question_D_hier90_linear10_two_phase_200k_seed70_12682957,300000,0.7907602787017822,4,1,quest,matrix_aux_detector_raw,406,0.0,1.9022642408425813e-08
question_D_hier90_linear10_two_phase_200k_seed70_12682957__checkpoint_300000,question_D_hier90_linear10_two_phase_200k_seed70_12682957,300000,0.7907602787017822,4,2,quest,matrix_aux_detector_raw,406,0.0,0.005179875221675144
question_D_hier90_linear10_two_phase_200k_seed70_12682957__checkpoint_300000,question_D_hier90_linear10_two_phase_200k_seed70_12682957,300000,0.7907602787017822,4,3,quest,matrix_aux_detector_raw,406,0.0,1.4057840010222652e-08
question_D_hier90_linear10_two_phase_200k_seed70_12682957__checkpoint_300000,question_D_hier90_linear10_two_phase_200k_seed70_12682957,300000,0.7907602787017822,4,4,quest,matrix_aux_detector_raw,406,1.0,0.999206791957611
question_D_hier90_linear10_two_phase_200k_seed70_12682957__checkpoint_300000,question_D_hier90_linear10_two_phase_200k_seed70_12682957,300000,0.7907602787017822,4,5,quest,matrix_aux_detector_raw,406,1.0,0.9999507868231223
question_D_hier90_linear10_two_phase_200k_seed70_12682957__checkpoint_300000,question_D_hier90_linear10_two_phase_200k_seed70_12682957,300000,0.7907602787017822,4,6,quest,matrix_aux_detector_raw,406,1.0,0.9991238290453192
question_D_hier90_linear10_two_phase_200k_seed70_12682957__checkpoint_300000,question_D_hier90_linear10_two_phase_200k_seed70_12682957,300000,0.7907602787017822,4,7,quest,matrix_aux_detector_raw,406,0.0,7.0860744622816075e-09
question_D_hier90_linear10_two_phase_200k_seed70_12682957__checkpoint_300000,question_D_hier90_linear10_two_phase_200k_seed70_12682957,300000,0.7907602787017822,5,0,quest,matrix_aux_detector_raw,406,0.05172413793103448,0.03207868694667242
question_D_hier90_linear10_two_phase_200k_seed70_12682957__checkpoint_300000,question_D_hier90_linear10_two_phase_200k_seed70_12682957,300000,0.7907602787017822,5,1,quest,matrix_aux_detector_raw,406,0.0,0.0010387905864957388
question_D_hier90_linear10_two_phase_200k_seed70_12682957__checkpoint_300000,question_D_hier90_linear10_two_phase_200k_seed70_12682957,300000,0.7907602787017822,5,2,quest,matrix_aux_detector_raw,406,0.0,1.4745270508200047e-06
question_D_hier90_linear10_two_phase_200k_seed70_12682957__checkpoint_300000,question_D_hier90_linear10_two_phase_200k_seed70_12682957,300000,0.7907602787017822,5,3,quest,matrix_aux_detector_raw,406,0.0,0.00011399620615008534
question_D_hier90_linear10_two_phase_200k_seed70_12682957__checkpoint_300000,question_D_hier90_linear10_two_phase_200k_seed70_12682957,300000,0.7907602787017822,5,4,quest,matrix_aux_detector_raw,406,0.0,9.506561830220963e-07
question_D_hier90_linear10_two_phase_200k_seed70_12682957__checkpoint_300000,question_D_hier90_linear10_two_phase_200k_seed70_12682957,300000,0.7907602787017822,5,5,quest,matrix_aux_detector_raw,406,0.0,6.00341202896224e-05
question_D_hier90_linear10_two_phase_200k_seed70_12682957__checkpoint_300000,question_D_hier90_linear10_two_phase_200k_seed70_12682957,300000,0.7907602787017822,5,6,quest,matrix_aux_detector_raw,406,0.022167487684729065,0.02046275666923226
question_D_hier90_linear10_two_phase_200k_seed70_12682957__checkpoint_300000,question_D_hier90_linear10_two_phase_200k_seed70_12682957,300000,0.7907602787017822,5,7,quest,matrix_aux_detector_raw,406,0.0,2.5719299736095254e-06
question_D_hier90_linear10_two_phase_200k_seed71_12683480__checkpoint_300000,question_D_hier90_linear10_two_phase_200k_seed71_12683480,300000,0.0026278134901076555,0,0,quest,matrix_aux_detector_raw,406,0.0,4.7196122346702186e-17
question_D_hier90_linear10_two_phase_200k_seed71_12683480__checkpoint_300000,question_D_hier90_linear10_two_phase_200k_seed71_12683480,300000,0.0026278134901076555,0,1,quest,matrix_aux_detector_raw,406,0.0,3.0189589633311683e-24
question_D_hier90_linear10_two_phase_200k_seed71_12683480__checkpoint_300000,question_D_hier90_linear10_two_phase_200k_seed71_12683480,300000,0.0026278134901076555,0,2,quest,matrix_aux_detector_raw,406,0.0,1.3856582672896744e-20
question_D_hier90_linear10_two_phase_200k_seed71_12683480__checkpoint_300000,question_D_hier90_linear10_two_phase_200k_seed71_12683480,300000,0.0026278134901076555,0,3,quest,matrix_aux_detector_raw,406,0.0,0.0003571381423619828
question_D_hier90_linear10_two_phase_200k_seed71_12683480__checkpoint_300000,question_D_hier90_linear10_two_phase_200k_seed71_12683480,300000,0.0026278134901076555,0,4,quest,matrix_aux_detector_raw,406,0.4802955665024631,0.39129129117160893
question_D_hier90_linear10_two_phase_200k_seed71_12683480__checkpoint_300000,question_D_hier90_linear10_two_phase_200k_seed71_12683480,300000,0.0026278134901076555,0,5,quest,matrix_aux_detector_raw,406,0.0,2.67712708832515e-10
question_D_hier90_linear10_two_phase_200k_seed71_12683480__checkpoint_300000,question_D_hier90_linear10_two_phase_200k_seed71_12683480,300000,0.0026278134901076555,0,6,quest,matrix_aux_detector_raw,406,0.0,8.298240999599963e-43
question_D_hier90_linear10_two_phase_200k_seed71_12683480__checkpoint_300000,question_D_hier90_linear10_two_phase_200k_seed71_12683480,300000,0.0026278134901076555,0,7,quest,matrix_aux_detector_raw,406,0.0,1.2367098359128097e-15
question_D_hier90_linear10_two_phase_200k_seed71_12683480__checkpoint_300000,question_D_hier90_linear10_two_phase_200k_seed71_12683480,300000,0.0026278134901076555,1,0,quest,matrix_aux_detector_raw,406,0.017241379310344827,0.011953113375587075
question_D_hier90_linear10_two_phase_200k_seed71_12683480__checkpoint_300000,question_D_hier90_linear10_two_phase_200k_seed71_12683480,300000,0.0026278134901076555,1,1,quest,matrix_aux_detector_raw,406,0.5812807881773399,0.5528990195930732
question_D_hier90_linear10_two_phase_200k_seed71_12683480__checkpoint_300000,question_D_hier90_linear10_two_phase_200k_seed71_12683480,300000,0.0026278134901076555,1,2,quest,matrix_aux_detector_raw,406,0.3078817733990148,0.2603480943773355
question_D_hier90_linear10_two_phase_200k_seed71_12683480__checkpoint_300000,question_D_hier90_linear10_two_phase_200k_seed71_12683480,300000,0.0026278134901076555,1,3,quest,matrix_aux_detector_raw,406,0.8275862068965517,0.7637770485053793
question_D_hier90_linear10_two_phase_200k_seed71_12683480__checkpoint_300000,question_D_hier90_linear10_two_phase_200k_seed71_12683480,300000,0.0026278134901076555,1,4,quest,matrix_aux_detector_raw,406,0.0,0.0009568975282119895
question_D_hier90_linear10_two_phase_200k_seed71_12683480__checkpoint_300000,question_D_hier90_linear10_two_phase_200k_seed71_12683480,300000,0.0026278134901076555,1,5,quest,matrix_aux_detector_raw,406,0.0,8.063121322720599e-10
question_D_hier90_linear10_two_phase_200k_seed71_12683480__checkpoint_300000,question_D_hier90_linear10_two_phase_200k_seed71_12683480,300000,0.0026278134901076555,1,6,quest,matrix_aux_detector_raw,406,0.0,0.0004191730329628852
question_D_hier90_linear10_two_phase_200k_seed71_12683480__checkpoint_300000,question_D_hier90_linear10_two_phase_200k_seed71_12683480,300000,0.0026278134901076555,1,7,quest,matrix_aux_detector_raw,406,0.0,3.023165007726373e-07
question_D_hier90_linear10_two_phase_200k_seed71_12683480__checkpoint_300000,question_D_hier90_linear10_two_phase_200k_seed71_12683480,300000,0.0026278134901076555,2,0,quest,matrix_aux_detector_raw,406,0.9876847290640394,0.9625928957666743
question_D_hier90_linear10_two_phase_200k_seed71_12683480__checkpoint_300000,question_D_hier90_linear10_two_phase_200k_seed71_12683480,300000,0.0026278134901076555,2,1,quest,matrix_aux_detector_raw,406,0.0,1.711128342414951e-08
question_D_hier90_linear10_two_phase_200k_seed71_12683480__checkpoint_300000,question_D_hier90_linear10_two_phase_200k_seed71_12683480,300000,0.0026278134901076555,2,2,quest,matrix_aux_detector_raw,406,0.0,2.2741280142777413e-09
question_D_hier90_linear10_two_phase_200k_seed71_12683480__checkpoint_300000,question_D_hier90_linear10_two_phase_200k_seed71_12683480,300000,0.0026278134901076555,2,3,quest,matrix_aux_detector_raw,406,0.0,1.2055421057146423e-05
question_D_hier90_linear10_two_phase_200k_seed71_12683480__checkpoint_300000,question_D_hier90_linear10_two_phase_200k_seed71_12683480,300000,0.0026278134901076555,2,4,quest,matrix_aux_detector_raw,406,0.5763546798029556,0.43352816193915095
question_D_hier90_linear10_two_phase_200k_seed71_12683480__checkpoint_300000,question_D_hier90_linear10_two_phase_200k_seed71_12683480,300000,0.0026278134901076555,2,5,quest,matrix_aux_detector_raw,406,0.9852216748768473,0.9689728986756335
question_D_hier90_linear10_two_phase_200k_seed71_12683480__checkpoint_300000,question_D_hier90_linear10_two_phase_200k_seed71_12683480,300000,0.0026278134901076555,2,6,quest,matrix_aux_detector_raw,406,0.009852216748768473,0.010278356615147243
question_D_hier90_linear10_two_phase_200k_seed71_12683480__checkpoint_300000,question_D_hier90_linear10_two_phase_200k_seed71_12683480,300000,0.0026278134901076555,2,7,quest,matrix_aux_detector_raw,406,0.4482758620689655,0.38884150658771993
question_D_hier90_linear10_two_phase_200k_seed71_12683480__checkpoint_300000,question_D_hier90_linear10_two_phase_200k_seed71_12683480,300000,0.0026278134901076555,3,0,quest,matrix_aux_detector_raw,406,0.0,1.0687560927904704e-10
question_D_hier90_linear10_two_phase_200k_seed71_12683480__checkpoint_300000,question_D_hier90_linear10_two_phase_200k_seed71_12683480,300000,0.0026278134901076555,3,1,quest,matrix_aux_detector_raw,406,1.0,0.9998771536526422
question_D_hier90_linear10_two_phase_200k_seed71_12683480__checkpoint_300000,question_D_hier90_linear10_two_phase_200k_seed71_12683480,300000,0.0026278134901076555,3,2,quest,matrix_aux_detector_raw,406,0.0,8.884724685279728e-09
question_D_hier90_linear10_two_phase_200k_seed71_12683480__checkpoint_300000,question_D_hier90_linear10_two_phase_200k_seed71_12683480,300000,0.0026278134901076555,3,3,quest,matrix_aux_detector_raw,406,0.0,1.0862518586993672e-07
question_D_hier90_linear10_two_phase_200k_seed71_12683480__checkpoint_300000,question_D_hier90_linear10_two_phase_200k_seed71_12683480,300000,0.0026278134901076555,3,4,quest,matrix_aux_detector_raw,406,0.0,2.3070619844707847e-07
question_D_hier90_linear10_two_phase_200k_seed71_12683480__checkpoint_300000,question_D_hier90_linear10_two_phase_200k_seed71_12683480,300000,0.0026278134901076555,3,5,quest,matrix_aux_detector_raw,406,1.0,0.999999839096821
question_D_hier90_linear10_two_phase_200k_seed71_12683480__checkpoint_300000,question_D_hier90_linear10_two_phase_200k_seed71_12683480,300000,0.0026278134901076555,3,6,quest,matrix_aux_detector_raw,406,0.0,5.366791520244244e-05
question_D_hier90_linear10_two_phase_200k_seed71_12683480__checkpoint_300000,question_D_hier90_linear10_two_phase_200k_seed71_12683480,300000,0.0026278134901076555,3,7,quest,matrix_aux_detector_raw,406,0.0,2.860821772268489e-08
question_D_hier90_linear10_two_phase_200k_seed71_12683480__checkpoint_300000,question_D_hier90_linear10_two_phase_200k_seed71_12683480,300000,0.0026278134901076555,4,0,quest,matrix_aux_detector_raw,406,0.0,1.4158800249261094e-08
question_D_hier90_linear10_two_phase_200k_seed71_12683480__checkpoint_300000,question_D_hier90_linear10_two_phase_200k_seed71_12683480,300000,0.0026278134901076555,4,1,quest,matrix_aux_detector_raw,406,0.0,0.00023137860524031934
question_D_hier90_linear10_two_phase_200k_seed71_12683480__checkpoint_300000,question_D_hier90_linear10_two_phase_200k_seed71_12683480,300000,0.0026278134901076555,4,2,quest,matrix_aux_detector_raw,406,0.029556650246305417,0.022828121904692893
question_D_hier90_linear10_two_phase_200k_seed71_12683480__checkpoint_300000,question_D_hier90_linear10_two_phase_200k_seed71_12683480,300000,0.0026278134901076555,4,3,quest,matrix_aux_detector_raw,406,0.0,3.8012410510186e-11
question_D_hier90_linear10_two_phase_200k_seed71_12683480__checkpoint_300000,question_D_hier90_linear10_two_phase_200k_seed71_12683480,300000,0.0026278134901076555,4,4,quest,matrix_aux_detector_raw,406,0.0,1.799913758532719e-08
question_D_hier90_linear10_two_phase_200k_seed71_12683480__checkpoint_300000,question_D_hier90_linear10_two_phase_200k_seed71_12683480,300000,0.0026278134901076555,4,5,quest,matrix_aux_detector_raw,406,0.0,3.914434803302146e-06
question_D_hier90_linear10_two_phase_200k_seed71_12683480__checkpoint_300000,question_D_hier90_linear10_two_phase_200k_seed71_12683480,300000,0.0026278134901076555,4,6,quest,matrix_aux_detector_raw,406,0.2881773399014778,0.23943365706890637
question_D_hier90_linear10_two_phase_200k_seed71_12683480__checkpoint_300000,question_D_hier90_linear10_two_phase_200k_seed71_12683480,300000,0.0026278134901076555,4,7,quest,matrix_aux_detector_raw,406,1.0,0.9992871147952056
question_D_hier90_linear10_two_phase_200k_seed71_12683480__checkpoint_300000,question_D_hier90_linear10_two_phase_200k_seed71_12683480,300000,0.0026278134901076555,5,0,quest,matrix_aux_detector_raw,406,0.0,1.297476361616903e-10
question_D_hier90_linear10_two_phase_200k_seed71_12683480__checkpoint_300000,question_D_hier90_linear10_two_phase_200k_seed71_12683480,300000,0.0026278134901076555,5,1,quest,matrix_aux_detector_raw,406,0.06403940886699508,0.04299902095641105
question_D_hier90_linear10_two_phase_200k_seed71_12683480__checkpoint_300000,question_D_hier90_linear10_two_phase_200k_seed71_12683480,300000,0.0026278134901076555,5,2,quest,matrix_aux_detector_raw,406,0.024630541871921183,0.01958842504168839
question_D_hier90_linear10_two_phase_200k_seed71_12683480__checkpoint_300000,question_D_hier90_linear10_two_phase_200k_seed71_12683480,300000,0.0026278134901076555,5,3,quest,matrix_aux_detector_raw,406,0.0,0.0006229469847435092
question_D_hier90_linear10_two_phase_200k_seed71_12683480__checkpoint_300000,question_D_hier90_linear10_two_phase_200k_seed71_12683480,300000,0.0026278134901076555,5,4,quest,matrix_aux_detector_raw,406,0.05665024630541872,0.04389923120383593
question_D_hier90_linear10_two_phase_200k_seed71_12683480__checkpoint_300000,question_D_hier90_linear10_two_phase_200k_seed71_12683480,300000,0.0026278134901076555,5,5,quest,matrix_aux_detector_raw,406,0.0,2.59683901140342e-09
question_D_hier90_linear10_two_phase_200k_seed71_12683480__checkpoint_300000,question_D_hier90_linear10_two_phase_200k_seed71_12683480,300000,0.0026278134901076555,5,6,quest,matrix_aux_detector_raw,406,0.0,3.738287137882857e-05
question_D_hier90_linear10_two_phase_200k_seed71_12683480__checkpoint_300000,question_D_hier90_linear10_two_phase_200k_seed71_12683480,300000,0.0026278134901076555,5,7,quest,matrix_aux_detector_raw,406,0.0,9.148563582356798e-08
question_D_hier90_linear10_two_phase_200k_seed72_12683542__checkpoint_300000,question_D_hier90_linear10_two_phase_200k_seed72_12683542,300000,1.5002390682639088e-05,0,0,quest,matrix_aux_detector_raw,406,0.0,1.2268569567596212e-25
question_D_hier90_linear10_two_phase_200k_seed72_12683542__checkpoint_300000,question_D_hier90_linear10_two_phase_200k_seed72_12683542,300000,1.5002390682639088e-05,0,1,quest,matrix_aux_detector_raw,406,0.0,1.1511558962206356e-34
question_D_hier90_linear10_two_phase_200k_seed72_12683542__checkpoint_300000,question_D_hier90_linear10_two_phase_200k_seed72_12683542,300000,1.5002390682639088e-05,0,2,quest,matrix_aux_detector_raw,406,0.0,1.820478811757449e-25
question_D_hier90_linear10_two_phase_200k_seed72_12683542__checkpoint_300000,question_D_hier90_linear10_two_phase_200k_seed72_12683542,300000,1.5002390682639088e-05,0,3,quest,matrix_aux_detector_raw,406,0.0,1.4725015002978309e-13
question_D_hier90_linear10_two_phase_200k_seed72_12683542__checkpoint_300000,question_D_hier90_linear10_two_phase_200k_seed72_12683542,300000,1.5002390682639088e-05,0,4,quest,matrix_aux_detector_raw,406,0.0,1.9436500422883024e-15
question_D_hier90_linear10_two_phase_200k_seed72_12683542__checkpoint_300000,question_D_hier90_linear10_two_phase_200k_seed72_12683542,300000,1.5002390682639088e-05,0,5,quest,matrix_aux_detector_raw,406,0.0,1.6906223547673987e-11
question_D_hier90_linear10_two_phase_200k_seed72_12683542__checkpoint_300000,question_D_hier90_linear10_two_phase_200k_seed72_12683542,300000,1.5002390682639088e-05,0,6,quest,matrix_aux_detector_raw,406,0.0,5.08102445945089e-14
question_D_hier90_linear10_two_phase_200k_seed72_12683542__checkpoint_300000,question_D_hier90_linear10_two_phase_200k_seed72_12683542,300000,1.5002390682639088e-05,0,7,quest,matrix_aux_detector_raw,406,0.6108374384236454,0.5617553407020575
question_D_hier90_linear10_two_phase_200k_seed72_12683542__checkpoint_300000,question_D_hier90_linear10_two_phase_200k_seed72_12683542,300000,1.5002390682639088e-05,1,0,quest,matrix_aux_detector_raw,406,0.012315270935960592,0.007878065838865042
question_D_hier90_linear10_two_phase_200k_seed72_12683542__checkpoint_300000,question_D_hier90_linear10_two_phase_200k_seed72_12683542,300000,1.5002390682639088e-05,1,1,quest,matrix_aux_detector_raw,406,0.0024630541871921183,0.0023207899147577897
question_D_hier90_linear10_two_phase_200k_seed72_12683542__checkpoint_300000,question_D_hier90_linear10_two_phase_200k_seed72_12683542,300000,1.5002390682639088e-05,1,2,quest,matrix_aux_detector_raw,406,0.0,3.324305322595911e-08
question_D_hier90_linear10_two_phase_200k_seed72_12683542__checkpoint_300000,question_D_hier90_linear10_two_phase_200k_seed72_12683542,300000,1.5002390682639088e-05,1,3,quest,matrix_aux_detector_raw,406,0.0,3.305785935802417e-13
question_D_hier90_linear10_two_phase_200k_seed72_12683542__checkpoint_300000,question_D_hier90_linear10_two_phase_200k_seed72_12683542,300000,1.5002390682639088e-05,1,4,quest,matrix_aux_detector_raw,406,0.0,5.049122300598261e-10
question_D_hier90_linear10_two_phase_200k_seed72_12683542__checkpoint_300000,question_D_hier90_linear10_two_phase_200k_seed72_12683542,300000,1.5002390682639088e-05,1,5,quest,matrix_aux_detector_raw,406,0.0,6.60579094017257e-11
question_D_hier90_linear10_two_phase_200k_seed72_12683542__checkpoint_300000,question_D_hier90_linear10_two_phase_200k_seed72_12683542,300000,1.5002390682639088e-05,1,6,quest,matrix_aux_detector_raw,406,0.18719211822660098,0.1366802150966314
question_D_hier90_linear10_two_phase_200k_seed72_12683542__checkpoint_300000,question_D_hier90_linear10_two_phase_200k_seed72_12683542,300000,1.5002390682639088e-05,1,7,quest,matrix_aux_detector_raw,406,0.0,4.972453046117429e-06
question_D_hier90_linear10_two_phase_200k_seed72_12683542__checkpoint_300000,question_D_hier90_linear10_two_phase_200k_seed72_12683542,300000,1.5002390682639088e-05,2,0,quest,matrix_aux_detector_raw,406,0.007389162561576354,0.012162246222826278
question_D_hier90_linear10_two_phase_200k_seed72_12683542__checkpoint_300000,question_D_hier90_linear10_two_phase_200k_seed72_12683542,300000,1.5002390682639088e-05,2,1,quest,matrix_aux_detector_raw,406,0.0,0.0001651816028382628
question_D_hier90_linear10_two_phase_200k_seed72_12683542__checkpoint_300000,question_D_hier90_linear10_two_phase_200k_seed72_12683542,300000,1.5002390682639088e-05,2,2,quest,matrix_aux_detector_raw,406,0.0,1.7643740225590215e-12
question_D_hier90_linear10_two_phase_200k_seed72_12683542__checkpoint_300000,question_D_hier90_linear10_two_phase_200k_seed72_12683542,300000,1.5002390682639088e-05,2,3,quest,matrix_aux_detector_raw,406,0.0,7.846935348756975e-09
question_D_hier90_linear10_two_phase_200k_seed72_12683542__checkpoint_300000,question_D_hier90_linear10_two_phase_200k_seed72_12683542,300000,1.5002390682639088e-05,2,4,quest,matrix_aux_detector_raw,406,0.0,7.784113962044069e-07
question_D_hier90_linear10_two_phase_200k_seed72_12683542__checkpoint_300000,question_D_hier90_linear10_two_phase_200k_seed72_12683542,300000,1.5002390682639088e-05,2,5,quest,matrix_aux_detector_raw,406,0.0,0.0002672537568531084
question_D_hier90_linear10_two_phase_200k_seed72_12683542__checkpoint_300000,question_D_hier90_linear10_two_phase_200k_seed72_12683542,300000,1.5002390682639088e-05,2,6,quest,matrix_aux_detector_raw,406,0.0,6.635830801365118e-11
question_D_hier90_linear10_two_phase_200k_seed72_12683542__checkpoint_300000,question_D_hier90_linear10_two_phase_200k_seed72_12683542,300000,1.5002390682639088e-05,2,7,quest,matrix_aux_detector_raw,406,0.0,6.2774529115469576e-06
question_D_hier90_linear10_two_phase_200k_seed72_12683542__checkpoint_300000,question_D_hier90_linear10_two_phase_200k_seed72_12683542,300000,1.5002390682639088e-05,3,0,quest,matrix_aux_detector_raw,406,0.0,0.00012103442150690676
question_D_hier90_linear10_two_phase_200k_seed72_12683542__checkpoint_300000,question_D_hier90_linear10_two_phase_200k_seed72_12683542,300000,1.5002390682639088e-05,3,1,quest,matrix_aux_detector_raw,406,0.0,0.00016086985370938236
question_D_hier90_linear10_two_phase_200k_seed72_12683542__checkpoint_300000,question_D_hier90_linear10_two_phase_200k_seed72_12683542,300000,1.5002390682639088e-05,3,2,quest,matrix_aux_detector_raw,406,0.8694581280788177,0.8148275237283016
question_D_hier90_linear10_two_phase_200k_seed72_12683542__checkpoint_300000,question_D_hier90_linear10_two_phase_200k_seed72_12683542,300000,1.5002390682639088e-05,3,3,quest,matrix_aux_detector_raw,406,0.0024630541871921183,0.001539012217824539
question_D_hier90_linear10_two_phase_200k_seed72_12683542__checkpoint_300000,question_D_hier90_linear10_two_phase_200k_seed72_12683542,300000,1.5002390682639088e-05,3,4,quest,matrix_aux_detector_raw,406,0.0,4.597422920459352e-07
question_D_hier90_linear10_two_phase_200k_seed72_12683542__checkpoint_300000,question_D_hier90_linear10_two_phase_200k_seed72_12683542,300000,1.5002390682639088e-05,3,5,quest,matrix_aux_detector_raw,406,0.0,3.2065972377640173e-06
question_D_hier90_linear10_two_phase_200k_seed72_12683542__checkpoint_300000,question_D_hier90_linear10_two_phase_200k_seed72_12683542,300000,1.5002390682639088e-05,3,6,quest,matrix_aux_detector_raw,406,0.0,3.125293956167165e-06
question_D_hier90_linear10_two_phase_200k_seed72_12683542__checkpoint_300000,question_D_hier90_linear10_two_phase_200k_seed72_12683542,300000,1.5002390682639088e-05,3,7,quest,matrix_aux_detector_raw,406,0.0049261083743842365,0.003709084334842774
question_D_hier90_linear10_two_phase_200k_seed72_12683542__checkpoint_300000,question_D_hier90_linear10_two_phase_200k_seed72_12683542,300000,1.5002390682639088e-05,4,0,quest,matrix_aux_detector_raw,406,0.0,0.0007057639212813243
question_D_hier90_linear10_two_phase_200k_seed72_12683542__checkpoint_300000,question_D_hier90_linear10_two_phase_200k_seed72_12683542,300000,1.5002390682639088e-05,4,1,quest,matrix_aux_detector_raw,406,0.0,1.988519296071242e-07
question_D_hier90_linear10_two_phase_200k_seed72_12683542__checkpoint_300000,question_D_hier90_linear10_two_phase_200k_seed72_12683542,300000,1.5002390682639088e-05,4,2,quest,matrix_aux_detector_raw,406,0.0,3.317566889465826e-05
question_D_hier90_linear10_two_phase_200k_seed72_12683542__checkpoint_300000,question_D_hier90_linear10_two_phase_200k_seed72_12683542,300000,1.5002390682639088e-05,4,3,quest,matrix_aux_detector_raw,406,0.0,1.5891309183663742e-12
question_D_hier90_linear10_two_phase_200k_seed72_12683542__checkpoint_300000,question_D_hier90_linear10_two_phase_200k_seed72_12683542,300000,1.5002390682639088e-05,4,4,quest,matrix_aux_detector_raw,406,0.0,2.6219829553731172e-05
question_D_hier90_linear10_two_phase_200k_seed72_12683542__checkpoint_300000,question_D_hier90_linear10_two_phase_200k_seed72_12683542,300000,1.5002390682639088e-05,4,5,quest,matrix_aux_detector_raw,406,0.9950738916256158,0.9932627663007144
question_D_hier90_linear10_two_phase_200k_seed72_12683542__checkpoint_300000,question_D_hier90_linear10_two_phase_200k_seed72_12683542,300000,1.5002390682639088e-05,4,6,quest,matrix_aux_detector_raw,406,0.0,6.766936755177352e-08
question_D_hier90_linear10_two_phase_200k_seed72_12683542__checkpoint_300000,question_D_hier90_linear10_two_phase_200k_seed72_12683542,300000,1.5002390682639088e-05,4,7,quest,matrix_aux_detector_raw,406,0.0,0.00014651125544925072
question_D_hier90_linear10_two_phase_200k_seed72_12683542__checkpoint_300000,question_D_hier90_linear10_two_phase_200k_seed72_12683542,300000,1.5002390682639088e-05,5,0,quest,matrix_aux_detector_raw,406,0.014778325123152709,0.010526074324775024
question_D_hier90_linear10_two_phase_200k_seed72_12683542__checkpoint_300000,question_D_hier90_linear10_two_phase_200k_seed72_12683542,300000,1.5002390682639088e-05,5,1,quest,matrix_aux_detector_raw,406,0.0,1.9186159889255424e-08
question_D_hier90_linear10_two_phase_200k_seed72_12683542__checkpoint_300000,question_D_hier90_linear10_two_phase_200k_seed72_12683542,300000,1.5002390682639088e-05,5,2,quest,matrix_aux_detector_raw,406,0.0,1.1824427237713073e-10
question_D_hier90_linear10_two_phase_200k_seed72_12683542__checkpoint_300000,question_D_hier90_linear10_two_phase_200k_seed72_12683542,300000,1.5002390682639088e-05,5,3,quest,matrix_aux_detector_raw,406,0.024630541871921183,0.025947531092465122
question_D_hier90_linear10_two_phase_200k_seed72_12683542__checkpoint_300000,question_D_hier90_linear10_two_phase_200k_seed72_12683542,300000,1.5002390682639088e-05,5,4,quest,matrix_aux_detector_raw,406,0.0,1.0836869641756277e-08
question_D_hier90_linear10_two_phase_200k_seed72_12683542__checkpoint_300000,question_D_hier90_linear10_two_phase_200k_seed72_12683542,300000,1.5002390682639088e-05,5,5,quest,matrix_aux_detector_raw,406,0.0,4.6855370543313644e-08
question_D_hier90_linear10_two_phase_200k_seed72_12683542__checkpoint_300000,question_D_hier90_linear10_two_phase_200k_seed72_12683542,300000,1.5002390682639088e-05,5,6,quest,matrix_aux_detector_raw,406,0.0,2.044967343930269e-07
question_D_hier90_linear10_two_phase_200k_seed72_12683542__checkpoint_300000,question_D_hier90_linear10_two_phase_200k_seed72_12683542,300000,1.5002390682639088e-05,5,7,quest,matrix_aux_detector_raw,406,0.0,1.1413757862665571e-08
question_D_hier90_linear10_two_phase_200k_seed73_12683559__checkpoint_300000,question_D_hier90_linear10_two_phase_200k_seed73_12683559,300000,0.9628345966339111,0,0,quest,matrix_aux_detector_raw,406,0.0,5.498221241264698e-23
question_D_hier90_linear10_two_phase_200k_seed73_12683559__checkpoint_300000,question_D_hier90_linear10_two_phase_200k_seed73_12683559,300000,0.9628345966339111,0,1,quest,matrix_aux_detector_raw,406,0.0,5.903295550502939e-25
question_D_hier90_linear10_two_phase_200k_seed73_12683559__checkpoint_300000,question_D_hier90_linear10_two_phase_200k_seed73_12683559,300000,0.9628345966339111,0,2,quest,matrix_aux_detector_raw,406,0.0,0.0026215945313111506
question_D_hier90_linear10_two_phase_200k_seed73_12683559__checkpoint_300000,question_D_hier90_linear10_two_phase_200k_seed73_12683559,300000,0.9628345966339111,0,3,quest,matrix_aux_detector_raw,406,0.0,4.906342976522179e-14
question_D_hier90_linear10_two_phase_200k_seed73_12683559__checkpoint_300000,question_D_hier90_linear10_two_phase_200k_seed73_12683559,300000,0.9628345966339111,0,4,quest,matrix_aux_detector_raw,406,0.0,2.7136509180335095e-06
question_D_hier90_linear10_two_phase_200k_seed73_12683559__checkpoint_300000,question_D_hier90_linear10_two_phase_200k_seed73_12683559,300000,0.9628345966339111,0,5,quest,matrix_aux_detector_raw,406,0.022167487684729065,0.0143181709429077
question_D_hier90_linear10_two_phase_200k_seed73_12683559__checkpoint_300000,question_D_hier90_linear10_two_phase_200k_seed73_12683559,300000,0.9628345966339111,0,6,quest,matrix_aux_detector_raw,406,0.0,1.3978364774686008e-12
question_D_hier90_linear10_two_phase_200k_seed73_12683559__checkpoint_300000,question_D_hier90_linear10_two_phase_200k_seed73_12683559,300000,0.9628345966339111,0,7,quest,matrix_aux_detector_raw,406,0.0,1.2826873032117815e-12
question_D_hier90_linear10_two_phase_200k_seed73_12683559__checkpoint_300000,question_D_hier90_linear10_two_phase_200k_seed73_12683559,300000,0.9628345966339111,1,0,quest,matrix_aux_detector_raw,406,0.29802955665024633,0.2821725964678614
question_D_hier90_linear10_two_phase_200k_seed73_12683559__checkpoint_300000,question_D_hier90_linear10_two_phase_200k_seed73_12683559,300000,0.9628345966339111,1,1,quest,matrix_aux_detector_raw,406,0.0,4.087699167032417e-07
question_D_hier90_linear10_two_phase_200k_seed73_12683559__checkpoint_300000,question_D_hier90_linear10_two_phase_200k_seed73_12683559,300000,0.9628345966339111,1,2,quest,matrix_aux_detector_raw,406,0.0,3.1767652153516297e-12
question_D_hier90_linear10_two_phase_200k_seed73_12683559__checkpoint_300000,question_D_hier90_linear10_two_phase_200k_seed73_12683559,300000,0.9628345966339111,1,3,quest,matrix_aux_detector_raw,406,0.09852216748768473,0.05610495324111887
question_D_hier90_linear10_two_phase_200k_seed73_12683559__checkpoint_300000,question_D_hier90_linear10_two_phase_200k_seed73_12683559,300000,0.9628345966339111,1,4,quest,matrix_aux_detector_raw,406,0.0,2.2507223618576503e-12
question_D_hier90_linear10_two_phase_200k_seed73_12683559__checkpoint_300000,question_D_hier90_linear10_two_phase_200k_seed73_12683559,300000,0.9628345966339111,1,5,quest,matrix_aux_detector_raw,406,0.19704433497536947,0.14293063147211196
question_D_hier90_linear10_two_phase_200k_seed73_12683559__checkpoint_300000,question_D_hier90_linear10_two_phase_200k_seed73_12683559,300000,0.9628345966339111,1,6,quest,matrix_aux_detector_raw,406,0.0,3.04729080063275e-11
question_D_hier90_linear10_two_phase_200k_seed73_12683559__checkpoint_300000,question_D_hier90_linear10_two_phase_200k_seed73_12683559,300000,0.9628345966339111,1,7,quest,matrix_aux_detector_raw,406,0.15517241379310345,0.09521242062857825
question_D_hier90_linear10_two_phase_200k_seed73_12683559__checkpoint_300000,question_D_hier90_linear10_two_phase_200k_seed73_12683559,300000,0.9628345966339111,2,0,quest,matrix_aux_detector_raw,406,0.0,4.4811091548255773e-07
question_D_hier90_linear10_two_phase_200k_seed73_12683559__checkpoint_300000,question_D_hier90_linear10_two_phase_200k_seed73_12683559,300000,0.9628345966339111,2,1,quest,matrix_aux_detector_raw,406,0.0,2.283770604288746e-09
question_D_hier90_linear10_two_phase_200k_seed73_12683559__checkpoint_300000,question_D_hier90_linear10_two_phase_200k_seed73_12683559,300000,0.9628345966339111,2,2,quest,matrix_aux_detector_raw,406,0.0,6.2053729798623e-09
question_D_hier90_linear10_two_phase_200k_seed73_12683559__checkpoint_300000,question_D_hier90_linear10_two_phase_200k_seed73_12683559,300000,0.9628345966339111,2,3,quest,matrix_aux_detector_raw,406,0.0,7.627778446051197e-13
question_D_hier90_linear10_two_phase_200k_seed73_12683559__checkpoint_300000,question_D_hier90_linear10_two_phase_200k_seed73_12683559,300000,0.9628345966339111,2,4,quest,matrix_aux_detector_raw,406,0.0,3.6648190984420224e-07
question_D_hier90_linear10_two_phase_200k_seed73_12683559__checkpoint_300000,question_D_hier90_linear10_two_phase_200k_seed73_12683559,300000,0.9628345966339111,2,5,quest,matrix_aux_detector_raw,406,0.0,1.2960248838747978e-11
question_D_hier90_linear10_two_phase_200k_seed73_12683559__checkpoint_300000,question_D_hier90_linear10_two_phase_200k_seed73_12683559,300000,0.9628345966339111,2,6,quest,matrix_aux_detector_raw,406,0.8817733990147784,0.7822028208465557
question_D_hier90_linear10_two_phase_200k_seed73_12683559__checkpoint_300000,question_D_hier90_linear10_two_phase_200k_seed73_12683559,300000,0.9628345966339111,2,7,quest,matrix_aux_detector_raw,406,0.0,0.0022213190785807142
question_D_hier90_linear10_two_phase_200k_seed73_12683559__checkpoint_300000,question_D_hier90_linear10_two_phase_200k_seed73_12683559,300000,0.9628345966339111,3,0,quest,matrix_aux_detector_raw,406,0.07881773399014778,0.061741044409516166
question_D_hier90_linear10_two_phase_200k_seed73_12683559__checkpoint_300000,question_D_hier90_linear10_two_phase_200k_seed73_12683559,300000,0.9628345966339111,3,1,quest,matrix_aux_detector_raw,406,0.0,3.7434197832506434e-11
question_D_hier90_linear10_two_phase_200k_seed73_12683559__checkpoint_300000,question_D_hier90_linear10_two_phase_200k_seed73_12683559,300000,0.9628345966339111,3,2,quest,matrix_aux_detector_raw,406,0.0,8.7342613294956e-12
question_D_hier90_linear10_two_phase_200k_seed73_12683559__checkpoint_300000,question_D_hier90_linear10_two_phase_200k_seed73_12683559,300000,0.9628345966339111,3,3,quest,matrix_aux_detector_raw,406,0.13793103448275862,0.09241631515474111
question_D_hier90_linear10_two_phase_200k_seed73_12683559__checkpoint_300000,question_D_hier90_linear10_two_phase_200k_seed73_12683559,300000,0.9628345966339111,3,4,quest,matrix_aux_detector_raw,406,1.0,0.9999447520730531
question_D_hier90_linear10_two_phase_200k_seed73_12683559__checkpoint_300000,question_D_hier90_linear10_two_phase_200k_seed73_12683559,300000,0.9628345966339111,3,5,quest,matrix_aux_detector_raw,406,0.0,0.0016590923136100605
question_D_hier90_linear10_two_phase_200k_seed73_12683559__checkpoint_300000,question_D_hier90_linear10_two_phase_200k_seed73_12683559,300000,0.9628345966339111,3,6,quest,matrix_aux_detector_raw,406,1.0,0.9992241210538179
question_D_hier90_linear10_two_phase_200k_seed73_12683559__checkpoint_300000,question_D_hier90_linear10_two_phase_200k_seed73_12683559,300000,0.9628345966339111,3,7,quest,matrix_aux_detector_raw,406,1.0,0.9770377508818809
question_D_hier90_linear10_two_phase_200k_seed73_12683559__checkpoint_300000,question_D_hier90_linear10_two_phase_200k_seed73_12683559,300000,0.9628345966339111,4,0,quest,matrix_aux_detector_raw,406,0.0,0.00026346922229654506
question_D_hier90_linear10_two_phase_200k_seed73_12683559__checkpoint_300000,question_D_hier90_linear10_two_phase_200k_seed73_12683559,300000,0.9628345966339111,4,1,quest,matrix_aux_detector_raw,406,0.0,3.663529345428155e-10
question_D_hier90_linear10_two_phase_200k_seed73_12683559__checkpoint_300000,question_D_hier90_linear10_two_phase_200k_seed73_12683559,300000,0.9628345966339111,4,2,quest,matrix_aux_detector_raw,406,0.0,3.271575902743043e-12
question_D_hier90_linear10_two_phase_200k_seed73_12683559__checkpoint_300000,question_D_hier90_linear10_two_phase_200k_seed73_12683559,300000,0.9628345966339111,4,3,quest,matrix_aux_detector_raw,406,1.0,1.0
question_D_hier90_linear10_two_phase_200k_seed73_12683559__checkpoint_300000,question_D_hier90_linear10_two_phase_200k_seed73_12683559,300000,0.9628345966339111,4,4,quest,matrix_aux_detector_raw,406,1.0,0.9999999973574295
question_D_hier90_linear10_two_phase_200k_seed73_12683559__checkpoint_300000,question_D_hier90_linear10_two_phase_200k_seed73_12683559,300000,0.9628345966339111,4,5,quest,matrix_aux_detector_raw,406,0.8990147783251231,0.8443403516572097
question_D_hier90_linear10_two_phase_200k_seed73_12683559__checkpoint_300000,question_D_hier90_linear10_two_phase_200k_seed73_12683559,300000,0.9628345966339111,4,6,quest,matrix_aux_detector_raw,406,1.0,0.9999998614118604
question_D_hier90_linear10_two_phase_200k_seed73_12683559__checkpoint_300000,question_D_hier90_linear10_two_phase_200k_seed73_12683559,300000,0.9628345966339111,4,7,quest,matrix_aux_detector_raw,406,0.0,5.039800042616244e-12
question_D_hier90_linear10_two_phase_200k_seed73_12683559__checkpoint_300000,question_D_hier90_linear10_two_phase_200k_seed73_12683559,300000,0.9628345966339111,5,0,quest,matrix_aux_detector_raw,406,0.0,0.00016955836918881615
question_D_hier90_linear10_two_phase_200k_seed73_12683559__checkpoint_300000,question_D_hier90_linear10_two_phase_200k_seed73_12683559,300000,0.9628345966339111,5,1,quest,matrix_aux_detector_raw,406,0.0,1.3954725502947944e-07
question_D_hier90_linear10_two_phase_200k_seed73_12683559__checkpoint_300000,question_D_hier90_linear10_two_phase_200k_seed73_12683559,300000,0.9628345966339111,5,2,quest,matrix_aux_detector_raw,406,0.0,1.5677453828647326e-07
question_D_hier90_linear10_two_phase_200k_seed73_12683559__checkpoint_300000,question_D_hier90_linear10_two_phase_200k_seed73_12683559,300000,0.9628345966339111,5,3,quest,matrix_aux_detector_raw,406,0.0049261083743842365,0.009210390272337278
question_D_hier90_linear10_two_phase_200k_seed73_12683559__checkpoint_300000,question_D_hier90_linear10_two_phase_200k_seed73_12683559,300000,0.9628345966339111,5,4,quest,matrix_aux_detector_raw,406,1.0,0.9971486246350951
question_D_hier90_linear10_two_phase_200k_seed73_12683559__checkpoint_300000,question_D_hier90_linear10_two_phase_200k_seed73_12683559,300000,0.9628345966339111,5,5,quest,matrix_aux_detector_raw,406,0.034482758620689655,0.025963279419416917
question_D_hier90_linear10_two_phase_200k_seed73_12683559__checkpoint_300000,question_D_hier90_linear10_two_phase_200k_seed73_12683559,300000,0.9628345966339111,5,6,quest,matrix_aux_detector_raw,406,0.0,1.475154932468147e-05
question_D_hier90_linear10_two_phase_200k_seed73_12683559__checkpoint_300000,question_D_hier90_linear10_two_phase_200k_seed73_12683559,300000,0.9628345966339111,5,7,quest,matrix_aux_detector_raw,406,0.0,4.762902338622398e-06
question_D_hier90_linear10_two_phase_200k_seed74_12696556__checkpoint_300000,question_D_hier90_linear10_two_phase_200k_seed74_12696556,300000,0.08291463553905487,0,0,quest,matrix_aux_detector_raw,406,0.8940886699507389,0.8535901235396397
question_D_hier90_linear10_two_phase_200k_seed74_12696556__checkpoint_300000,question_D_hier90_linear10_two_phase_200k_seed74_12696556,300000,0.08291463553905487,0,1,quest,matrix_aux_detector_raw,406,0.7610837438423645,0.7382124018093613
question_D_hier90_linear10_two_phase_200k_seed74_12696556__checkpoint_300000,question_D_hier90_linear10_two_phase_200k_seed74_12696556,300000,0.08291463553905487,0,2,quest,matrix_aux_detector_raw,406,0.21674876847290642,0.17675642519679474
question_D_hier90_linear10_two_phase_200k_seed74_12696556__checkpoint_300000,question_D_hier90_linear10_two_phase_200k_seed74_12696556,300000,0.08291463553905487,0,3,quest,matrix_aux_detector_raw,406,0.0,1.8698233767844348e-35
question_D_hier90_linear10_two_phase_200k_seed74_12696556__checkpoint_300000,question_D_hier90_linear10_two_phase_200k_seed74_12696556,300000,0.08291463553905487,0,4,quest,matrix_aux_detector_raw,406,0.0,0.00013124428972587858
question_D_hier90_linear10_two_phase_200k_seed74_12696556__checkpoint_300000,question_D_hier90_linear10_two_phase_200k_seed74_12696556,300000,0.08291463553905487,0,5,quest,matrix_aux_detector_raw,406,0.0,1.9298224198162975e-14
question_D_hier90_linear10_two_phase_200k_seed74_12696556__checkpoint_300000,question_D_hier90_linear10_two_phase_200k_seed74_12696556,300000,0.08291463553905487,0,6,quest,matrix_aux_detector_raw,406,0.0,4.532510743537633e-16
question_D_hier90_linear10_two_phase_200k_seed74_12696556__checkpoint_300000,question_D_hier90_linear10_two_phase_200k_seed74_12696556,300000,0.08291463553905487,0,7,quest,matrix_aux_detector_raw,406,0.0,3.3426316600112045e-11
question_D_hier90_linear10_two_phase_200k_seed74_12696556__checkpoint_300000,question_D_hier90_linear10_two_phase_200k_seed74_12696556,300000,0.08291463553905487,1,0,quest,matrix_aux_detector_raw,406,0.0,0.007245125303014486
question_D_hier90_linear10_two_phase_200k_seed74_12696556__checkpoint_300000,question_D_hier90_linear10_two_phase_200k_seed74_12696556,300000,0.08291463553905487,1,1,quest,matrix_aux_detector_raw,406,0.0,0.001392094013917392
question_D_hier90_linear10_two_phase_200k_seed74_12696556__checkpoint_300000,question_D_hier90_linear10_two_phase_200k_seed74_12696556,300000,0.08291463553905487,1,2,quest,matrix_aux_detector_raw,406,0.0,0.004522275536247286
question_D_hier90_linear10_two_phase_200k_seed74_12696556__checkpoint_300000,question_D_hier90_linear10_two_phase_200k_seed74_12696556,300000,0.08291463553905487,1,3,quest,matrix_aux_detector_raw,406,0.0,6.998572829533547e-05
question_D_hier90_linear10_two_phase_200k_seed74_12696556__checkpoint_300000,question_D_hier90_linear10_two_phase_200k_seed74_12696556,300000,0.08291463553905487,1,4,quest,matrix_aux_detector_raw,406,0.0,1.1465866514790047e-06
question_D_hier90_linear10_two_phase_200k_seed74_12696556__checkpoint_300000,question_D_hier90_linear10_two_phase_200k_seed74_12696556,300000,0.08291463553905487,1,5,quest,matrix_aux_detector_raw,406,0.0,0.0015803757590751209
question_D_hier90_linear10_two_phase_200k_seed74_12696556__checkpoint_300000,question_D_hier90_linear10_two_phase_200k_seed74_12696556,300000,0.08291463553905487,1,6,quest,matrix_aux_detector_raw,406,0.229064039408867,0.1560543079875524
question_D_hier90_linear10_two_phase_200k_seed74_12696556__checkpoint_300000,question_D_hier90_linear10_two_phase_200k_seed74_12696556,300000,0.08291463553905487,1,7,quest,matrix_aux_detector_raw,406,0.0,1.6874397961454265e-05
question_D_hier90_linear10_two_phase_200k_seed74_12696556__checkpoint_300000,question_D_hier90_linear10_two_phase_200k_seed74_12696556,300000,0.08291463553905487,2,0,quest,matrix_aux_detector_raw,406,0.0,4.651938200650879e-09
question_D_hier90_linear10_two_phase_200k_seed74_12696556__checkpoint_300000,question_D_hier90_linear10_two_phase_200k_seed74_12696556,300000,0.08291463553905487,2,1,quest,matrix_aux_detector_raw,406,0.0,8.522600847998718e-11
question_D_hier90_linear10_two_phase_200k_seed74_12696556__checkpoint_300000,question_D_hier90_linear10_two_phase_200k_seed74_12696556,300000,0.08291463553905487,2,2,quest,matrix_aux_detector_raw,406,0.0049261083743842365,0.0037913808720353042
question_D_hier90_linear10_two_phase_200k_seed74_12696556__checkpoint_300000,question_D_hier90_linear10_two_phase_200k_seed74_12696556,300000,0.08291463553905487,2,3,quest,matrix_aux_detector_raw,406,0.0,1.189576820012297e-07
question_D_hier90_linear10_two_phase_200k_seed74_12696556__checkpoint_300000,question_D_hier90_linear10_two_phase_200k_seed74_12696556,300000,0.08291463553905487,2,4,quest,matrix_aux_detector_raw,406,0.0,1.0976221917142721e-07
question_D_hier90_linear10_two_phase_200k_seed74_12696556__checkpoint_300000,question_D_hier90_linear10_two_phase_200k_seed74_12696556,300000,0.08291463553905487,2,5,quest,matrix_aux_detector_raw,406,0.0,1.818655751174138e-09
question_D_hier90_linear10_two_phase_200k_seed74_12696556__checkpoint_300000,question_D_hier90_linear10_two_phase_200k_seed74_12696556,300000,0.08291463553905487,2,6,quest,matrix_aux_detector_raw,406,0.9408866995073891,0.9106894020426924
question_D_hier90_linear10_two_phase_200k_seed74_12696556__checkpoint_300000,question_D_hier90_linear10_two_phase_200k_seed74_12696556,300000,0.08291463553905487,2,7,quest,matrix_aux_detector_raw,406,0.04433497536945813,0.034343749907667365
question_D_hier90_linear10_two_phase_200k_seed74_12696556__checkpoint_300000,question_D_hier90_linear10_two_phase_200k_seed74_12696556,300000,0.08291463553905487,3,0,quest,matrix_aux_detector_raw,406,0.0,1.8837025785476503e-09
question_D_hier90_linear10_two_phase_200k_seed74_12696556__checkpoint_300000,question_D_hier90_linear10_two_phase_200k_seed74_12696556,300000,0.08291463553905487,3,1,quest,matrix_aux_detector_raw,406,0.0,3.0864568732650446e-05
question_D_hier90_linear10_two_phase_200k_seed74_12696556__checkpoint_300000,question_D_hier90_linear10_two_phase_200k_seed74_12696556,300000,0.08291463553905487,3,2,quest,matrix_aux_detector_raw,406,0.0024630541871921183,0.002448412571171516
question_D_hier90_linear10_two_phase_200k_seed74_12696556__checkpoint_300000,question_D_hier90_linear10_two_phase_200k_seed74_12696556,300000,0.08291463553905487,3,3,quest,matrix_aux_detector_raw,406,0.0,8.460803315592052e-09
question_D_hier90_linear10_two_phase_200k_seed74_12696556__checkpoint_300000,question_D_hier90_linear10_two_phase_200k_seed74_12696556,300000,0.08291463553905487,3,4,quest,matrix_aux_detector_raw,406,0.0,2.0035155694684784e-07
question_D_hier90_linear10_two_phase_200k_seed74_12696556__checkpoint_300000,question_D_hier90_linear10_two_phase_200k_seed74_12696556,300000,0.08291463553905487,3,5,quest,matrix_aux_detector_raw,406,0.0,0.00241678645883151
question_D_hier90_linear10_two_phase_200k_seed74_12696556__checkpoint_300000,question_D_hier90_linear10_two_phase_200k_seed74_12696556,300000,0.08291463553905487,3,6,quest,matrix_aux_detector_raw,406,0.0,0.00016549299925837157
question_D_hier90_linear10_two_phase_200k_seed74_12696556__checkpoint_300000,question_D_hier90_linear10_two_phase_200k_seed74_12696556,300000,0.08291463553905487,3,7,quest,matrix_aux_detector_raw,406,1.0,0.9994201655751966
question_D_hier90_linear10_two_phase_200k_seed74_12696556__checkpoint_300000,question_D_hier90_linear10_two_phase_200k_seed74_12696556,300000,0.08291463553905487,4,0,quest,matrix_aux_detector_raw,406,0.0,0.00011824513159735205
question_D_hier90_linear10_two_phase_200k_seed74_12696556__checkpoint_300000,question_D_hier90_linear10_two_phase_200k_seed74_12696556,300000,0.08291463553905487,4,1,quest,matrix_aux_detector_raw,406,1.0,0.9998791743381857
question_D_hier90_linear10_two_phase_200k_seed74_12696556__checkpoint_300000,question_D_hier90_linear10_two_phase_200k_seed74_12696556,300000,0.08291463553905487,4,2,quest,matrix_aux_detector_raw,406,0.0,1.1711937186165268e-07
question_D_hier90_linear10_two_phase_200k_seed74_12696556__checkpoint_300000,question_D_hier90_linear10_two_phase_200k_seed74_12696556,300000,0.08291463553905487,4,3,quest,matrix_aux_detector_raw,406,0.0,5.9432825907021795e-09
question_D_hier90_linear10_two_phase_200k_seed74_12696556__checkpoint_300000,question_D_hier90_linear10_two_phase_200k_seed74_12696556,300000,0.08291463553905487,4,4,quest,matrix_aux_detector_raw,406,0.0,8.600406937774362e-05
question_D_hier90_linear10_two_phase_200k_seed74_12696556__checkpoint_300000,question_D_hier90_linear10_two_phase_200k_seed74_12696556,300000,0.08291463553905487,4,5,quest,matrix_aux_detector_raw,406,0.0,2.5720589627831136e-05
question_D_hier90_linear10_two_phase_200k_seed74_12696556__checkpoint_300000,question_D_hier90_linear10_two_phase_200k_seed74_12696556,300000,0.08291463553905487,4,6,quest,matrix_aux_detector_raw,406,0.0,3.17872351123e-06
question_D_hier90_linear10_two_phase_200k_seed74_12696556__checkpoint_300000,question_D_hier90_linear10_two_phase_200k_seed74_12696556,300000,0.08291463553905487,4,7,quest,matrix_aux_detector_raw,406,0.0,0.00011321768220742405
question_D_hier90_linear10_two_phase_200k_seed74_12696556__checkpoint_300000,question_D_hier90_linear10_two_phase_200k_seed74_12696556,300000,0.08291463553905487,5,0,quest,matrix_aux_detector_raw,406,0.0,1.6286957805449797e-05
question_D_hier90_linear10_two_phase_200k_seed74_12696556__checkpoint_300000,question_D_hier90_linear10_two_phase_200k_seed74_12696556,300000,0.08291463553905487,5,1,quest,matrix_aux_detector_raw,406,0.0,8.53625835455707e-10
question_D_hier90_linear10_two_phase_200k_seed74_12696556__checkpoint_300000,question_D_hier90_linear10_two_phase_200k_seed74_12696556,300000,0.08291463553905487,5,2,quest,matrix_aux_detector_raw,406,1.0,0.9998614363776052
question_D_hier90_linear10_two_phase_200k_seed74_12696556__checkpoint_300000,question_D_hier90_linear10_two_phase_200k_seed74_12696556,300000,0.08291463553905487,5,3,quest,matrix_aux_detector_raw,406,1.0,0.999998624982505
question_D_hier90_linear10_two_phase_200k_seed74_12696556__checkpoint_300000,question_D_hier90_linear10_two_phase_200k_seed74_12696556,300000,0.08291463553905487,5,4,quest,matrix_aux_detector_raw,406,0.0,9.095539057650983e-11
question_D_hier90_linear10_two_phase_200k_seed74_12696556__checkpoint_300000,question_D_hier90_linear10_two_phase_200k_seed74_12696556,300000,0.08291463553905487,5,5,quest,matrix_aux_detector_raw,406,1.0,0.999992296319877
question_D_hier90_linear10_two_phase_200k_seed74_12696556__checkpoint_300000,question_D_hier90_linear10_two_phase_200k_seed74_12696556,300000,0.08291463553905487,5,6,quest,matrix_aux_detector_raw,406,0.0,1.397132313292649e-07
question_D_hier90_linear10_two_phase_200k_seed74_12696556__checkpoint_300000,question_D_hier90_linear10_two_phase_200k_seed74_12696556,300000,0.08291463553905487,5,7,quest,matrix_aux_detector_raw,406,1.0,0.999998225367128
question_D_hier90_linear10_two_phase_200k_seed75_12696693__checkpoint_300000,question_D_hier90_linear10_two_phase_200k_seed75_12696693,300000,0.002513286890462041,0,0,quest,matrix_aux_detector_raw,406,0.0,5.247784118984636e-29
question_D_hier90_linear10_two_phase_200k_seed75_12696693__checkpoint_300000,question_D_hier90_linear10_two_phase_200k_seed75_12696693,300000,0.002513286890462041,0,1,quest,matrix_aux_detector_raw,406,0.0,0.0
question_D_hier90_linear10_two_phase_200k_seed75_12696693__checkpoint_300000,question_D_hier90_linear10_two_phase_200k_seed75_12696693,300000,0.002513286890462041,0,2,quest,matrix_aux_detector_raw,406,0.0,1.9603268774316347e-13
question_D_hier90_linear10_two_phase_200k_seed75_12696693__checkpoint_300000,question_D_hier90_linear10_two_phase_200k_seed75_12696693,300000,0.002513286890462041,0,3,quest,matrix_aux_detector_raw,406,0.0,2.6496621310194587e-18
question_D_hier90_linear10_two_phase_200k_seed75_12696693__checkpoint_300000,question_D_hier90_linear10_two_phase_200k_seed75_12696693,300000,0.002513286890462041,0,4,quest,matrix_aux_detector_raw,406,0.0,1.1995334226112072e-09
question_D_hier90_linear10_two_phase_200k_seed75_12696693__checkpoint_300000,question_D_hier90_linear10_two_phase_200k_seed75_12696693,300000,0.002513286890462041,0,5,quest,matrix_aux_detector_raw,406,0.0,8.462028232779858e-13
question_D_hier90_linear10_two_phase_200k_seed75_12696693__checkpoint_300000,question_D_hier90_linear10_two_phase_200k_seed75_12696693,300000,0.002513286890462041,0,6,quest,matrix_aux_detector_raw,406,0.0,6.360195724261447e-12
question_D_hier90_linear10_two_phase_200k_seed75_12696693__checkpoint_300000,question_D_hier90_linear10_two_phase_200k_seed75_12696693,300000,0.002513286890462041,0,7,quest,matrix_aux_detector_raw,406,0.32019704433497537,0.3113660009202739
question_D_hier90_linear10_two_phase_200k_seed75_12696693__checkpoint_300000,question_D_hier90_linear10_two_phase_200k_seed75_12696693,300000,0.002513286890462041,1,0,quest,matrix_aux_detector_raw,406,0.0,0.0010932635816398527
question_D_hier90_linear10_two_phase_200k_seed75_12696693__checkpoint_300000,question_D_hier90_linear10_two_phase_200k_seed75_12696693,300000,0.002513286890462041,1,1,quest,matrix_aux_detector_raw,406,0.0,4.143592272468831e-05
question_D_hier90_linear10_two_phase_200k_seed75_12696693__checkpoint_300000,question_D_hier90_linear10_two_phase_200k_seed75_12696693,300000,0.002513286890462041,1,2,quest,matrix_aux_detector_raw,406,0.0,1.5782349395591269e-18
question_D_hier90_linear10_two_phase_200k_seed75_12696693__checkpoint_300000,question_D_hier90_linear10_two_phase_200k_seed75_12696693,300000,0.002513286890462041,1,3,quest,matrix_aux_detector_raw,406,0.0,4.794168362850369e-10
question_D_hier90_linear10_two_phase_200k_seed75_12696693__checkpoint_300000,question_D_hier90_linear10_two_phase_200k_seed75_12696693,300000,0.002513286890462041,1,4,quest,matrix_aux_detector_raw,406,0.0,1.7367015199608887e-05
question_D_hier90_linear10_two_phase_200k_seed75_12696693__checkpoint_300000,question_D_hier90_linear10_two_phase_200k_seed75_12696693,300000,0.002513286890462041,1,5,quest,matrix_aux_detector_raw,406,0.0,6.163630421650185e-10
question_D_hier90_linear10_two_phase_200k_seed75_12696693__checkpoint_300000,question_D_hier90_linear10_two_phase_200k_seed75_12696693,300000,0.002513286890462041,1,6,quest,matrix_aux_detector_raw,406,0.0,1.094597857410469e-05
question_D_hier90_linear10_two_phase_200k_seed75_12696693__checkpoint_300000,question_D_hier90_linear10_two_phase_200k_seed75_12696693,300000,0.002513286890462041,1,7,quest,matrix_aux_detector_raw,406,0.0,2.7488445649808562e-06
question_D_hier90_linear10_two_phase_200k_seed75_12696693__checkpoint_300000,question_D_hier90_linear10_two_phase_200k_seed75_12696693,300000,0.002513286890462041,2,0,quest,matrix_aux_detector_raw,406,0.0,2.3393161014922388e-07
question_D_hier90_linear10_two_phase_200k_seed75_12696693__checkpoint_300000,question_D_hier90_linear10_two_phase_200k_seed75_12696693,300000,0.002513286890462041,2,1,quest,matrix_aux_detector_raw,406,0.0,3.2865678000632784e-10
question_D_hier90_linear10_two_phase_200k_seed75_12696693__checkpoint_300000,question_D_hier90_linear10_two_phase_200k_seed75_12696693,300000,0.002513286890462041,2,2,quest,matrix_aux_detector_raw,406,0.14039408866995073,0.11472473291399227
question_D_hier90_linear10_two_phase_200k_seed75_12696693__checkpoint_300000,question_D_hier90_linear10_two_phase_200k_seed75_12696693,300000,0.002513286890462041,2,3,quest,matrix_aux_detector_raw,406,0.0,4.010342526093572e-11
question_D_hier90_linear10_two_phase_200k_seed75_12696693__checkpoint_300000,question_D_hier90_linear10_two_phase_200k_seed75_12696693,300000,0.002513286890462041,2,4,quest,matrix_aux_detector_raw,406,0.0,1.3413473786409269e-05
question_D_hier90_linear10_two_phase_200k_seed75_12696693__checkpoint_300000,question_D_hier90_linear10_two_phase_200k_seed75_12696693,300000,0.002513286890462041,2,5,quest,matrix_aux_detector_raw,406,0.009852216748768473,0.007157964810356891
question_D_hier90_linear10_two_phase_200k_seed75_12696693__checkpoint_300000,question_D_hier90_linear10_two_phase_200k_seed75_12696693,300000,0.002513286890462041,2,6,quest,matrix_aux_detector_raw,406,0.05172413793103448,0.03783742422343611
question_D_hier90_linear10_two_phase_200k_seed75_12696693__checkpoint_300000,question_D_hier90_linear10_two_phase_200k_seed75_12696693,300000,0.002513286890462041,2,7,quest,matrix_aux_detector_raw,406,0.0,1.2756327308119464e-06
question_D_hier90_linear10_two_phase_200k_seed75_12696693__checkpoint_300000,question_D_hier90_linear10_two_phase_200k_seed75_12696693,300000,0.002513286890462041,3,0,quest,matrix_aux_detector_raw,406,0.0,1.2280963370142611e-09
question_D_hier90_linear10_two_phase_200k_seed75_12696693__checkpoint_300000,question_D_hier90_linear10_two_phase_200k_seed75_12696693,300000,0.002513286890462041,3,1,quest,matrix_aux_detector_raw,406,0.0,1.007202379522849e-07
question_D_hier90_linear10_two_phase_200k_seed75_12696693__checkpoint_300000,question_D_hier90_linear10_two_phase_200k_seed75_12696693,300000,0.002513286890462041,3,2,quest,matrix_aux_detector_raw,406,0.0,0.0004099033194484749
question_D_hier90_linear10_two_phase_200k_seed75_12696693__checkpoint_300000,question_D_hier90_linear10_two_phase_200k_seed75_12696693,300000,0.002513286890462041,3,3,quest,matrix_aux_detector_raw,406,0.0,3.4321530482142594e-06
question_D_hier90_linear10_two_phase_200k_seed75_12696693__checkpoint_300000,question_D_hier90_linear10_two_phase_200k_seed75_12696693,300000,0.002513286890462041,3,4,quest,matrix_aux_detector_raw,406,0.0,9.481233246339639e-12
question_D_hier90_linear10_two_phase_200k_seed75_12696693__checkpoint_300000,question_D_hier90_linear10_two_phase_200k_seed75_12696693,300000,0.002513286890462041,3,5,quest,matrix_aux_detector_raw,406,0.0024630541871921183,0.001867464971432241
question_D_hier90_linear10_two_phase_200k_seed75_12696693__checkpoint_300000,question_D_hier90_linear10_two_phase_200k_seed75_12696693,300000,0.002513286890462041,3,6,quest,matrix_aux_detector_raw,406,0.0,3.5384136281110737e-13
question_D_hier90_linear10_two_phase_200k_seed75_12696693__checkpoint_300000,question_D_hier90_linear10_two_phase_200k_seed75_12696693,300000,0.002513286890462041,3,7,quest,matrix_aux_detector_raw,406,0.0,0.00016629798166564825
question_D_hier90_linear10_two_phase_200k_seed75_12696693__checkpoint_300000,question_D_hier90_linear10_two_phase_200k_seed75_12696693,300000,0.002513286890462041,4,0,quest,matrix_aux_detector_raw,406,0.0,2.8206034568086157e-08
question_D_hier90_linear10_two_phase_200k_seed75_12696693__checkpoint_300000,question_D_hier90_linear10_two_phase_200k_seed75_12696693,300000,0.002513286890462041,4,1,quest,matrix_aux_detector_raw,406,0.0024630541871921183,0.002939882434533815
question_D_hier90_linear10_two_phase_200k_seed75_12696693__checkpoint_300000,question_D_hier90_linear10_two_phase_200k_seed75_12696693,300000,0.002513286890462041,4,2,quest,matrix_aux_detector_raw,406,0.12807881773399016,0.08464804409057941
question_D_hier90_linear10_two_phase_200k_seed75_12696693__checkpoint_300000,question_D_hier90_linear10_two_phase_200k_seed75_12696693,300000,0.002513286890462041,4,3,quest,matrix_aux_detector_raw,406,0.0,4.0574802566969224e-12
question_D_hier90_linear10_two_phase_200k_seed75_12696693__checkpoint_300000,question_D_hier90_linear10_two_phase_200k_seed75_12696693,300000,0.002513286890462041,4,4,quest,matrix_aux_detector_raw,406,0.0,6.414408408689016e-09
question_D_hier90_linear10_two_phase_200k_seed75_12696693__checkpoint_300000,question_D_hier90_linear10_two_phase_200k_seed75_12696693,300000,0.002513286890462041,4,5,quest,matrix_aux_detector_raw,406,0.0,3.530522287048853e-08
question_D_hier90_linear10_two_phase_200k_seed75_12696693__checkpoint_300000,question_D_hier90_linear10_two_phase_200k_seed75_12696693,300000,0.002513286890462041,4,6,quest,matrix_aux_detector_raw,406,0.0,1.0665560413588818e-16
question_D_hier90_linear10_two_phase_200k_seed75_12696693__checkpoint_300000,question_D_hier90_linear10_two_phase_200k_seed75_12696693,300000,0.002513286890462041,4,7,quest,matrix_aux_detector_raw,406,1.0,0.9998224230822671
question_D_hier90_linear10_two_phase_200k_seed75_12696693__checkpoint_300000,question_D_hier90_linear10_two_phase_200k_seed75_12696693,300000,0.002513286890462041,5,0,quest,matrix_aux_detector_raw,406,0.0,8.653643607005805e-06
question_D_hier90_linear10_two_phase_200k_seed75_12696693__checkpoint_300000,question_D_hier90_linear10_two_phase_200k_seed75_12696693,300000,0.002513286890462041,5,1,quest,matrix_aux_detector_raw,406,0.0,3.6491731084145523e-07
question_D_hier90_linear10_two_phase_200k_seed75_12696693__checkpoint_300000,question_D_hier90_linear10_two_phase_200k_seed75_12696693,300000,0.002513286890462041,5,2,quest,matrix_aux_detector_raw,406,0.0,2.428504582646849e-08
question_D_hier90_linear10_two_phase_200k_seed75_12696693__checkpoint_300000,question_D_hier90_linear10_two_phase_200k_seed75_12696693,300000,0.002513286890462041,5,3,quest,matrix_aux_detector_raw,406,0.0,0.0001607401255613878
question_D_hier90_linear10_two_phase_200k_seed75_12696693__checkpoint_300000,question_D_hier90_linear10_two_phase_200k_seed75_12696693,300000,0.002513286890462041,5,4,quest,matrix_aux_detector_raw,406,0.0,7.138709054029068e-15
question_D_hier90_linear10_two_phase_200k_seed75_12696693__checkpoint_300000,question_D_hier90_linear10_two_phase_200k_seed75_12696693,300000,0.002513286890462041,5,5,quest,matrix_aux_detector_raw,406,0.0,2.659938867684504e-05
question_D_hier90_linear10_two_phase_200k_seed75_12696693__checkpoint_300000,question_D_hier90_linear10_two_phase_200k_seed75_12696693,300000,0.002513286890462041,5,6,quest,matrix_aux_detector_raw,406,0.0,6.337053581378211e-09
question_D_hier90_linear10_two_phase_200k_seed75_12696693__checkpoint_300000,question_D_hier90_linear10_two_phase_200k_seed75_12696693,300000,0.002513286890462041,5,7,quest,matrix_aux_detector_raw,406,0.0,1.8060050850280027e-07
question_D_hier90_linear10_two_phase_200k_seed76_12696748__checkpoint_300000,question_D_hier90_linear10_two_phase_200k_seed76_12696748,300000,0.5563328862190247,0,0,quest,matrix_aux_detector_raw,406,0.5738916256157636,0.5669061868729655
question_D_hier90_linear10_two_phase_200k_seed76_12696748__checkpoint_300000,question_D_hier90_linear10_two_phase_200k_seed76_12696748,300000,0.5563328862190247,0,1,quest,matrix_aux_detector_raw,406,0.0,1.0282646022312027e-22
question_D_hier90_linear10_two_phase_200k_seed76_12696748__checkpoint_300000,question_D_hier90_linear10_two_phase_200k_seed76_12696748,300000,0.5563328862190247,0,2,quest,matrix_aux_detector_raw,406,0.0,0.0
question_D_hier90_linear10_two_phase_200k_seed76_12696748__checkpoint_300000,question_D_hier90_linear10_two_phase_200k_seed76_12696748,300000,0.5563328862190247,0,3,quest,matrix_aux_detector_raw,406,0.0,6.891202295142986e-12
question_D_hier90_linear10_two_phase_200k_seed76_12696748__checkpoint_300000,question_D_hier90_linear10_two_phase_200k_seed76_12696748,300000,0.5563328862190247,0,4,quest,matrix_aux_detector_raw,406,0.0,1.670907987035341e-06
question_D_hier90_linear10_two_phase_200k_seed76_12696748__checkpoint_300000,question_D_hier90_linear10_two_phase_200k_seed76_12696748,300000,0.5563328862190247,0,5,quest,matrix_aux_detector_raw,406,0.0,4.11417777377801e-20
question_D_hier90_linear10_two_phase_200k_seed76_12696748__checkpoint_300000,question_D_hier90_linear10_two_phase_200k_seed76_12696748,300000,0.5563328862190247,0,6,quest,matrix_aux_detector_raw,406,0.0,5.010723800830765e-14
question_D_hier90_linear10_two_phase_200k_seed76_12696748__checkpoint_300000,question_D_hier90_linear10_two_phase_200k_seed76_12696748,300000,0.5563328862190247,0,7,quest,matrix_aux_detector_raw,406,0.0,3.4587285555546755e-09
question_D_hier90_linear10_two_phase_200k_seed76_12696748__checkpoint_300000,question_D_hier90_linear10_two_phase_200k_seed76_12696748,300000,0.5563328862190247,1,0,quest,matrix_aux_detector_raw,406,0.5197044334975369,0.4992511871283064
question_D_hier90_linear10_two_phase_200k_seed76_12696748__checkpoint_300000,question_D_hier90_linear10_two_phase_200k_seed76_12696748,300000,0.5563328862190247,1,1,quest,matrix_aux_detector_raw,406,0.45566502463054187,0.37633233718419734
question_D_hier90_linear10_two_phase_200k_seed76_12696748__checkpoint_300000,question_D_hier90_linear10_two_phase_200k_seed76_12696748,300000,0.5563328862190247,1,2,quest,matrix_aux_detector_raw,406,0.0,1.2511380204522682e-06
question_D_hier90_linear10_two_phase_200k_seed76_12696748__checkpoint_300000,question_D_hier90_linear10_two_phase_200k_seed76_12696748,300000,0.5563328862190247,1,3,quest,matrix_aux_detector_raw,406,0.0,2.389148415343502e-05
question_D_hier90_linear10_two_phase_200k_seed76_12696748__checkpoint_300000,question_D_hier90_linear10_two_phase_200k_seed76_12696748,300000,0.5563328862190247,1,4,quest,matrix_aux_detector_raw,406,0.014778325123152709,0.007267558368386388
question_D_hier90_linear10_two_phase_200k_seed76_12696748__checkpoint_300000,question_D_hier90_linear10_two_phase_200k_seed76_12696748,300000,0.5563328862190247,1,5,quest,matrix_aux_detector_raw,406,0.0,9.559965821266401e-05
question_D_hier90_linear10_two_phase_200k_seed76_12696748__checkpoint_300000,question_D_hier90_linear10_two_phase_200k_seed76_12696748,300000,0.5563328862190247,1,6,quest,matrix_aux_detector_raw,406,0.0,2.1367749726530217e-12
question_D_hier90_linear10_two_phase_200k_seed76_12696748__checkpoint_300000,question_D_hier90_linear10_two_phase_200k_seed76_12696748,300000,0.5563328862190247,1,7,quest,matrix_aux_detector_raw,406,0.0,0.0002561418465597485
question_D_hier90_linear10_two_phase_200k_seed76_12696748__checkpoint_300000,question_D_hier90_linear10_two_phase_200k_seed76_12696748,300000,0.5563328862190247,2,0,quest,matrix_aux_detector_raw,406,0.0,5.472540191899245e-06
question_D_hier90_linear10_two_phase_200k_seed76_12696748__checkpoint_300000,question_D_hier90_linear10_two_phase_200k_seed76_12696748,300000,0.5563328862190247,2,1,quest,matrix_aux_detector_raw,406,0.6625615763546798,0.6547342037566016
question_D_hier90_linear10_two_phase_200k_seed76_12696748__checkpoint_300000,question_D_hier90_linear10_two_phase_200k_seed76_12696748,300000,0.5563328862190247,2,2,quest,matrix_aux_detector_raw,406,0.0,2.320255021476479e-07
question_D_hier90_linear10_two_phase_200k_seed76_12696748__checkpoint_300000,question_D_hier90_linear10_two_phase_200k_seed76_12696748,300000,0.5563328862190247,2,3,quest,matrix_aux_detector_raw,406,0.0,3.0908901901828488e-09
question_D_hier90_linear10_two_phase_200k_seed76_12696748__checkpoint_300000,question_D_hier90_linear10_two_phase_200k_seed76_12696748,300000,0.5563328862190247,2,4,quest,matrix_aux_detector_raw,406,0.0,0.0004589443643029957
question_D_hier90_linear10_two_phase_200k_seed76_12696748__checkpoint_300000,question_D_hier90_linear10_two_phase_200k_seed76_12696748,300000,0.5563328862190247,2,5,quest,matrix_aux_detector_raw,406,0.541871921182266,0.43924723344232164
question_D_hier90_linear10_two_phase_200k_seed76_12696748__checkpoint_300000,question_D_hier90_linear10_two_phase_200k_seed76_12696748,300000,0.5563328862190247,2,6,quest,matrix_aux_detector_raw,406,0.0,1.238668107216095e-08
question_D_hier90_linear10_two_phase_200k_seed76_12696748__checkpoint_300000,question_D_hier90_linear10_two_phase_200k_seed76_12696748,300000,0.5563328862190247,2,7,quest,matrix_aux_detector_raw,406,0.0,0.00029280779558517117
question_D_hier90_linear10_two_phase_200k_seed76_12696748__checkpoint_300000,question_D_hier90_linear10_two_phase_200k_seed76_12696748,300000,0.5563328862190247,3,0,quest,matrix_aux_detector_raw,406,1.0,0.9999145295819626
question_D_hier90_linear10_two_phase_200k_seed76_12696748__checkpoint_300000,question_D_hier90_linear10_two_phase_200k_seed76_12696748,300000,0.5563328862190247,3,1,quest,matrix_aux_detector_raw,406,0.458128078817734,0.31975773979718186
question_D_hier90_linear10_two_phase_200k_seed76_12696748__checkpoint_300000,question_D_hier90_linear10_two_phase_200k_seed76_12696748,300000,0.5563328862190247,3,2,quest,matrix_aux_detector_raw,406,0.007389162561576354,0.007537004985685607
question_D_hier90_linear10_two_phase_200k_seed76_12696748__checkpoint_300000,question_D_hier90_linear10_two_phase_200k_seed76_12696748,300000,0.5563328862190247,3,3,quest,matrix_aux_detector_raw,406,0.0,3.0215565955172833e-11
question_D_hier90_linear10_two_phase_200k_seed76_12696748__checkpoint_300000,question_D_hier90_linear10_two_phase_200k_seed76_12696748,300000,0.5563328862190247,3,4,quest,matrix_aux_detector_raw,406,0.0,1.0594013949468345e-06
question_D_hier90_linear10_two_phase_200k_seed76_12696748__checkpoint_300000,question_D_hier90_linear10_two_phase_200k_seed76_12696748,300000,0.5563328862190247,3,5,quest,matrix_aux_detector_raw,406,0.0,1.7893060508476012e-06
question_D_hier90_linear10_two_phase_200k_seed76_12696748__checkpoint_300000,question_D_hier90_linear10_two_phase_200k_seed76_12696748,300000,0.5563328862190247,3,6,quest,matrix_aux_detector_raw,406,0.7980295566502463,0.7428040033564399
question_D_hier90_linear10_two_phase_200k_seed76_12696748__checkpoint_300000,question_D_hier90_linear10_two_phase_200k_seed76_12696748,300000,0.5563328862190247,3,7,quest,matrix_aux_detector_raw,406,0.0,3.5082705049470345e-05
question_D_hier90_linear10_two_phase_200k_seed76_12696748__checkpoint_300000,question_D_hier90_linear10_two_phase_200k_seed76_12696748,300000,0.5563328862190247,4,0,quest,matrix_aux_detector_raw,406,1.0,0.999999985319053
question_D_hier90_linear10_two_phase_200k_seed76_12696748__checkpoint_300000,question_D_hier90_linear10_two_phase_200k_seed76_12696748,300000,0.5563328862190247,4,1,quest,matrix_aux_detector_raw,406,0.0,1.2446233136527538e-11
question_D_hier90_linear10_two_phase_200k_seed76_12696748__checkpoint_300000,question_D_hier90_linear10_two_phase_200k_seed76_12696748,300000,0.5563328862190247,4,2,quest,matrix_aux_detector_raw,406,0.0,1.552427034256146e-12
question_D_hier90_linear10_two_phase_200k_seed76_12696748__checkpoint_300000,question_D_hier90_linear10_two_phase_200k_seed76_12696748,300000,0.5563328862190247,4,3,quest,matrix_aux_detector_raw,406,0.0,4.007221299885188e-06
question_D_hier90_linear10_two_phase_200k_seed76_12696748__checkpoint_300000,question_D_hier90_linear10_two_phase_200k_seed76_12696748,300000,0.5563328862190247,4,4,quest,matrix_aux_detector_raw,406,0.0,1.4770401739775198e-08
question_D_hier90_linear10_two_phase_200k_seed76_12696748__checkpoint_300000,question_D_hier90_linear10_two_phase_200k_seed76_12696748,300000,0.5563328862190247,4,5,quest,matrix_aux_detector_raw,406,0.0,2.432287627506636e-14
question_D_hier90_linear10_two_phase_200k_seed76_12696748__checkpoint_300000,question_D_hier90_linear10_two_phase_200k_seed76_12696748,300000,0.5563328862190247,4,6,quest,matrix_aux_detector_raw,406,1.0,0.9999999997063811
question_D_hier90_linear10_two_phase_200k_seed76_12696748__checkpoint_300000,question_D_hier90_linear10_two_phase_200k_seed76_12696748,300000,0.5563328862190247,4,7,quest,matrix_aux_detector_raw,406,1.0,1.0
question_D_hier90_linear10_two_phase_200k_seed76_12696748__checkpoint_300000,question_D_hier90_linear10_two_phase_200k_seed76_12696748,300000,0.5563328862190247,5,0,quest,matrix_aux_detector_raw,406,0.0049261083743842365,0.004226643770899777
question_D_hier90_linear10_two_phase_200k_seed76_12696748__checkpoint_300000,question_D_hier90_linear10_two_phase_200k_seed76_12696748,300000,0.5563328862190247,5,1,quest,matrix_aux_detector_raw,406,0.0,1.0365364629178812e-08
question_D_hier90_linear10_two_phase_200k_seed76_12696748__checkpoint_300000,question_D_hier90_linear10_two_phase_200k_seed76_12696748,300000,0.5563328862190247,5,2,quest,matrix_aux_detector_raw,406,0.0,0.0002724525780435656
question_D_hier90_linear10_two_phase_200k_seed76_12696748__checkpoint_300000,question_D_hier90_linear10_two_phase_200k_seed76_12696748,300000,0.5563328862190247,5,3,quest,matrix_aux_detector_raw,406,0.0,0.00011638412332764725
question_D_hier90_linear10_two_phase_200k_seed76_12696748__checkpoint_300000,question_D_hier90_linear10_two_phase_200k_seed76_12696748,300000,0.5563328862190247,5,4,quest,matrix_aux_detector_raw,406,0.0,4.759172654700944e-05
question_D_hier90_linear10_two_phase_200k_seed76_12696748__checkpoint_300000,question_D_hier90_linear10_two_phase_200k_seed76_12696748,300000,0.5563328862190247,5,5,quest,matrix_aux_detector_raw,406,0.0,5.463427969123892e-06
question_D_hier90_linear10_two_phase_200k_seed76_12696748__checkpoint_300000,question_D_hier90_linear10_two_phase_200k_seed76_12696748,300000,0.5563328862190247,5,6,quest,matrix_aux_detector_raw,406,0.0,0.0001712160875421561
question_D_hier90_linear10_two_phase_200k_seed76_12696748__checkpoint_300000,question_D_hier90_linear10_two_phase_200k_seed76_12696748,300000,0.5563328862190247,5,7,quest,matrix_aux_detector_raw,406,0.0,9.598677314800173e-06
question_D_hier90_linear10_two_phase_200k_seed77_12696787__checkpoint_300000,question_D_hier90_linear10_two_phase_200k_seed77_12696787,300000,0.8498437404632568,0,0,quest,matrix_aux_detector_raw,406,0.0,8.751958792260424e-36
question_D_hier90_linear10_two_phase_200k_seed77_12696787__checkpoint_300000,question_D_hier90_linear10_two_phase_200k_seed77_12696787,300000,0.8498437404632568,0,1,quest,matrix_aux_detector_raw,406,0.0,1.4776042034097974e-37
question_D_hier90_linear10_two_phase_200k_seed77_12696787__checkpoint_300000,question_D_hier90_linear10_two_phase_200k_seed77_12696787,300000,0.8498437404632568,0,2,quest,matrix_aux_detector_raw,406,0.0,2.2835017380676803e-17
question_D_hier90_linear10_two_phase_200k_seed77_12696787__checkpoint_300000,question_D_hier90_linear10_two_phase_200k_seed77_12696787,300000,0.8498437404632568,0,3,quest,matrix_aux_detector_raw,406,0.0,1.5382480349626425e-24
question_D_hier90_linear10_two_phase_200k_seed77_12696787__checkpoint_300000,question_D_hier90_linear10_two_phase_200k_seed77_12696787,300000,0.8498437404632568,0,4,quest,matrix_aux_detector_raw,406,0.0024630541871921183,0.0007035740424461128
question_D_hier90_linear10_two_phase_200k_seed77_12696787__checkpoint_300000,question_D_hier90_linear10_two_phase_200k_seed77_12696787,300000,0.8498437404632568,0,5,quest,matrix_aux_detector_raw,406,0.0,2.4352175312280347e-12
question_D_hier90_linear10_two_phase_200k_seed77_12696787__checkpoint_300000,question_D_hier90_linear10_two_phase_200k_seed77_12696787,300000,0.8498437404632568,0,6,quest,matrix_aux_detector_raw,406,0.0,5.893955698061871e-35
question_D_hier90_linear10_two_phase_200k_seed77_12696787__checkpoint_300000,question_D_hier90_linear10_two_phase_200k_seed77_12696787,300000,0.8498437404632568,0,7,quest,matrix_aux_detector_raw,406,0.0,2.0726655991428693e-26
question_D_hier90_linear10_two_phase_200k_seed77_12696787__checkpoint_300000,question_D_hier90_linear10_two_phase_200k_seed77_12696787,300000,0.8498437404632568,1,0,quest,matrix_aux_detector_raw,406,0.0049261083743842365,0.002836869862549152
question_D_hier90_linear10_two_phase_200k_seed77_12696787__checkpoint_300000,question_D_hier90_linear10_two_phase_200k_seed77_12696787,300000,0.8498437404632568,1,1,quest,matrix_aux_detector_raw,406,0.0,2.2530512842843265e-06
question_D_hier90_linear10_two_phase_200k_seed77_12696787__checkpoint_300000,question_D_hier90_linear10_two_phase_200k_seed77_12696787,300000,0.8498437404632568,1,2,quest,matrix_aux_detector_raw,406,0.0,0.008489075953295703
question_D_hier90_linear10_two_phase_200k_seed77_12696787__checkpoint_300000,question_D_hier90_linear10_two_phase_200k_seed77_12696787,300000,0.8498437404632568,1,3,quest,matrix_aux_detector_raw,406,0.0,2.2603270095787487e-10
question_D_hier90_linear10_two_phase_200k_seed77_12696787__checkpoint_300000,question_D_hier90_linear10_two_phase_200k_seed77_12696787,300000,0.8498437404632568,1,4,quest,matrix_aux_detector_raw,406,0.07142857142857142,0.04538494997167313
question_D_hier90_linear10_two_phase_200k_seed77_12696787__checkpoint_300000,question_D_hier90_linear10_two_phase_200k_seed77_12696787,300000,0.8498437404632568,1,5,quest,matrix_aux_detector_raw,406,0.0,1.5564463170043143e-05
question_D_hier90_linear10_two_phase_200k_seed77_12696787__checkpoint_300000,question_D_hier90_linear10_two_phase_200k_seed77_12696787,300000,0.8498437404632568,1,6,quest,matrix_aux_detector_raw,406,0.14039408866995073,0.09564815985637315
question_D_hier90_linear10_two_phase_200k_seed77_12696787__checkpoint_300000,question_D_hier90_linear10_two_phase_200k_seed77_12696787,300000,0.8498437404632568,1,7,quest,matrix_aux_detector_raw,406,0.0,3.07073773144424e-09
question_D_hier90_linear10_two_phase_200k_seed77_12696787__checkpoint_300000,question_D_hier90_linear10_two_phase_200k_seed77_12696787,300000,0.8498437404632568,2,0,quest,matrix_aux_detector_raw,406,0.13793103448275862,0.10935387170472939
question_D_hier90_linear10_two_phase_200k_seed77_12696787__checkpoint_300000,question_D_hier90_linear10_two_phase_200k_seed77_12696787,300000,0.8498437404632568,2,1,quest,matrix_aux_detector_raw,406,0.0,4.849462576895837e-19
question_D_hier90_linear10_two_phase_200k_seed77_12696787__checkpoint_300000,question_D_hier90_linear10_two_phase_200k_seed77_12696787,300000,0.8498437404632568,2,2,quest,matrix_aux_detector_raw,406,0.9088669950738916,0.8297181141280611
question_D_hier90_linear10_two_phase_200k_seed77_12696787__checkpoint_300000,question_D_hier90_linear10_two_phase_200k_seed77_12696787,300000,0.8498437404632568,2,3,quest,matrix_aux_detector_raw,406,0.0,3.085897657384089e-08
question_D_hier90_linear10_two_phase_200k_seed77_12696787__checkpoint_300000,question_D_hier90_linear10_two_phase_200k_seed77_12696787,300000,0.8498437404632568,2,4,quest,matrix_aux_detector_raw,406,0.0,3.010558211049244e-14
question_D_hier90_linear10_two_phase_200k_seed77_12696787__checkpoint_300000,question_D_hier90_linear10_two_phase_200k_seed77_12696787,300000,0.8498437404632568,2,5,quest,matrix_aux_detector_raw,406,0.4236453201970443,0.3446394176141562
question_D_hier90_linear10_two_phase_200k_seed77_12696787__checkpoint_300000,question_D_hier90_linear10_two_phase_200k_seed77_12696787,300000,0.8498437404632568,2,6,quest,matrix_aux_detector_raw,406,0.541871921182266,0.46999003254022825
question_D_hier90_linear10_two_phase_200k_seed77_12696787__checkpoint_300000,question_D_hier90_linear10_two_phase_200k_seed77_12696787,300000,0.8498437404632568,2,7,quest,matrix_aux_detector_raw,406,0.03694581280788178,0.02158103634373222
question_D_hier90_linear10_two_phase_200k_seed77_12696787__checkpoint_300000,question_D_hier90_linear10_two_phase_200k_seed77_12696787,300000,0.8498437404632568,3,0,quest,matrix_aux_detector_raw,406,0.0,0.0011659557027309203
question_D_hier90_linear10_two_phase_200k_seed77_12696787__checkpoint_300000,question_D_hier90_linear10_two_phase_200k_seed77_12696787,300000,0.8498437404632568,3,1,quest,matrix_aux_detector_raw,406,0.0,4.6858242789734993e-07
question_D_hier90_linear10_two_phase_200k_seed77_12696787__checkpoint_300000,question_D_hier90_linear10_two_phase_200k_seed77_12696787,300000,0.8498437404632568,3,2,quest,matrix_aux_detector_raw,406,0.0,2.2229554667429006e-06
question_D_hier90_linear10_two_phase_200k_seed77_12696787__checkpoint_300000,question_D_hier90_linear10_two_phase_200k_seed77_12696787,300000,0.8498437404632568,3,3,quest,matrix_aux_detector_raw,406,0.0,6.51017224247391e-14
question_D_hier90_linear10_two_phase_200k_seed77_12696787__checkpoint_300000,question_D_hier90_linear10_two_phase_200k_seed77_12696787,300000,0.8498437404632568,3,4,quest,matrix_aux_detector_raw,406,0.0,3.3558611659116725e-06
question_D_hier90_linear10_two_phase_200k_seed77_12696787__checkpoint_300000,question_D_hier90_linear10_two_phase_200k_seed77_12696787,300000,0.8498437404632568,3,5,quest,matrix_aux_detector_raw,406,0.0,0.00048158635940799316
question_D_hier90_linear10_two_phase_200k_seed77_12696787__checkpoint_300000,question_D_hier90_linear10_two_phase_200k_seed77_12696787,300000,0.8498437404632568,3,6,quest,matrix_aux_detector_raw,406,1.0,0.9993094429006717
question_D_hier90_linear10_two_phase_200k_seed77_12696787__checkpoint_300000,question_D_hier90_linear10_two_phase_200k_seed77_12696787,300000,0.8498437404632568,3,7,quest,matrix_aux_detector_raw,406,0.0,5.666721674281065e-18
question_D_hier90_linear10_two_phase_200k_seed77_12696787__checkpoint_300000,question_D_hier90_linear10_two_phase_200k_seed77_12696787,300000,0.8498437404632568,4,0,quest,matrix_aux_detector_raw,406,1.0,0.999809651686053
question_D_hier90_linear10_two_phase_200k_seed77_12696787__checkpoint_300000,question_D_hier90_linear10_two_phase_200k_seed77_12696787,300000,0.8498437404632568,4,1,quest,matrix_aux_detector_raw,406,0.0,5.429517573154732e-09
question_D_hier90_linear10_two_phase_200k_seed77_12696787__checkpoint_300000,question_D_hier90_linear10_two_phase_200k_seed77_12696787,300000,0.8498437404632568,4,2,quest,matrix_aux_detector_raw,406,0.0,4.43324317874208e-06
question_D_hier90_linear10_two_phase_200k_seed77_12696787__checkpoint_300000,question_D_hier90_linear10_two_phase_200k_seed77_12696787,300000,0.8498437404632568,4,3,quest,matrix_aux_detector_raw,406,1.0,0.9999992966358298
question_D_hier90_linear10_two_phase_200k_seed77_12696787__checkpoint_300000,question_D_hier90_linear10_two_phase_200k_seed77_12696787,300000,0.8498437404632568,4,4,quest,matrix_aux_detector_raw,406,1.0,0.9999999591869674
question_D_hier90_linear10_two_phase_200k_seed77_12696787__checkpoint_300000,question_D_hier90_linear10_two_phase_200k_seed77_12696787,300000,0.8498437404632568,4,5,quest,matrix_aux_detector_raw,406,1.0,0.9999999941276212
question_D_hier90_linear10_two_phase_200k_seed77_12696787__checkpoint_300000,question_D_hier90_linear10_two_phase_200k_seed77_12696787,300000,0.8498437404632568,4,6,quest,matrix_aux_detector_raw,406,0.0,3.17935608220912e-05
question_D_hier90_linear10_two_phase_200k_seed77_12696787__checkpoint_300000,question_D_hier90_linear10_two_phase_200k_seed77_12696787,300000,0.8498437404632568,4,7,quest,matrix_aux_detector_raw,406,0.0,1.8673502962244187e-19
question_D_hier90_linear10_two_phase_200k_seed77_12696787__checkpoint_300000,question_D_hier90_linear10_two_phase_200k_seed77_12696787,300000,0.8498437404632568,5,0,quest,matrix_aux_detector_raw,406,0.0,0.00020081164911481386
question_D_hier90_linear10_two_phase_200k_seed77_12696787__checkpoint_300000,question_D_hier90_linear10_two_phase_200k_seed77_12696787,300000,0.8498437404632568,5,1,quest,matrix_aux_detector_raw,406,0.9901477832512315,0.9110159590643064
question_D_hier90_linear10_two_phase_200k_seed77_12696787__checkpoint_300000,question_D_hier90_linear10_two_phase_200k_seed77_12696787,300000,0.8498437404632568,5,2,quest,matrix_aux_detector_raw,406,0.0,0.0020300391477733972
question_D_hier90_linear10_two_phase_200k_seed77_12696787__checkpoint_300000,question_D_hier90_linear10_two_phase_200k_seed77_12696787,300000,0.8498437404632568,5,3,quest,matrix_aux_detector_raw,406,0.0,1.1057117749750576e-05
question_D_hier90_linear10_two_phase_200k_seed77_12696787__checkpoint_300000,question_D_hier90_linear10_two_phase_200k_seed77_12696787,300000,0.8498437404632568,5,4,quest,matrix_aux_detector_raw,406,0.0,3.79241603819222e-05
question_D_hier90_linear10_two_phase_200k_seed77_12696787__checkpoint_300000,question_D_hier90_linear10_two_phase_200k_seed77_12696787,300000,0.8498437404632568,5,5,quest,matrix_aux_detector_raw,406,0.0,7.069385290237651e-05
question_D_hier90_linear10_two_phase_200k_seed77_12696787__checkpoint_300000,question_D_hier90_linear10_two_phase_200k_seed77_12696787,300000,0.8498437404632568,5,6,quest,matrix_aux_detector_raw,406,0.0,7.65856585501821e-10
question_D_hier90_linear10_two_phase_200k_seed77_12696787__checkpoint_300000,question_D_hier90_linear10_two_phase_200k_seed77_12696787,300000,0.8498437404632568,5,7,quest,matrix_aux_detector_raw,406,0.0,1.0784496292431544e-05
question_D_hier90_linear10_two_phase_200k_seed78_12696800__checkpoint_300000,question_D_hier90_linear10_two_phase_200k_seed78_12696800,300000,0.9631471633911133,0,0,quest,matrix_aux_detector_raw,406,0.29064039408866993,0.256728627911642
question_D_hier90_linear10_two_phase_200k_seed78_12696800__checkpoint_300000,question_D_hier90_linear10_two_phase_200k_seed78_12696800,300000,0.9631471633911133,0,1,quest,matrix_aux_detector_raw,406,0.0,5.247692541125156e-22
question_D_hier90_linear10_two_phase_200k_seed78_12696800__checkpoint_300000,question_D_hier90_linear10_two_phase_200k_seed78_12696800,300000,0.9631471633911133,0,2,quest,matrix_aux_detector_raw,406,0.0,1.1467261344986596e-24
question_D_hier90_linear10_two_phase_200k_seed78_12696800__checkpoint_300000,question_D_hier90_linear10_two_phase_200k_seed78_12696800,300000,0.9631471633911133,0,3,quest,matrix_aux_detector_raw,406,0.0,1.398921674853761e-07
question_D_hier90_linear10_two_phase_200k_seed78_12696800__checkpoint_300000,question_D_hier90_linear10_two_phase_200k_seed78_12696800,300000,0.9631471633911133,0,4,quest,matrix_aux_detector_raw,406,0.0024630541871921183,0.0009354287688373949
question_D_hier90_linear10_two_phase_200k_seed78_12696800__checkpoint_300000,question_D_hier90_linear10_two_phase_200k_seed78_12696800,300000,0.9631471633911133,0,5,quest,matrix_aux_detector_raw,406,0.0,4.789630688629688e-26
question_D_hier90_linear10_two_phase_200k_seed78_12696800__checkpoint_300000,question_D_hier90_linear10_two_phase_200k_seed78_12696800,300000,0.9631471633911133,0,6,quest,matrix_aux_detector_raw,406,0.0,6.453763774238778e-13
question_D_hier90_linear10_two_phase_200k_seed78_12696800__checkpoint_300000,question_D_hier90_linear10_two_phase_200k_seed78_12696800,300000,0.9631471633911133,0,7,quest,matrix_aux_detector_raw,406,0.0,1.3581168552133877e-14
question_D_hier90_linear10_two_phase_200k_seed78_12696800__checkpoint_300000,question_D_hier90_linear10_two_phase_200k_seed78_12696800,300000,0.9631471633911133,1,0,quest,matrix_aux_detector_raw,406,0.0,0.0002482239007892785
question_D_hier90_linear10_two_phase_200k_seed78_12696800__checkpoint_300000,question_D_hier90_linear10_two_phase_200k_seed78_12696800,300000,0.9631471633911133,1,1,quest,matrix_aux_detector_raw,406,0.7610837438423645,0.7188890508361567
question_D_hier90_linear10_two_phase_200k_seed78_12696800__checkpoint_300000,question_D_hier90_linear10_two_phase_200k_seed78_12696800,300000,0.9631471633911133,1,2,quest,matrix_aux_detector_raw,406,0.0,3.923392853569209e-08
question_D_hier90_linear10_two_phase_200k_seed78_12696800__checkpoint_300000,question_D_hier90_linear10_two_phase_200k_seed78_12696800,300000,0.9631471633911133,1,3,quest,matrix_aux_detector_raw,406,0.0,7.988207250779758e-13
question_D_hier90_linear10_two_phase_200k_seed78_12696800__checkpoint_300000,question_D_hier90_linear10_two_phase_200k_seed78_12696800,300000,0.9631471633911133,1,4,quest,matrix_aux_detector_raw,406,1.0,0.9860974202308749
question_D_hier90_linear10_two_phase_200k_seed78_12696800__checkpoint_300000,question_D_hier90_linear10_two_phase_200k_seed78_12696800,300000,0.9631471633911133,1,5,quest,matrix_aux_detector_raw,406,0.9310344827586207,0.926382487840913
question_D_hier90_linear10_two_phase_200k_seed78_12696800__checkpoint_300000,question_D_hier90_linear10_two_phase_200k_seed78_12696800,300000,0.9631471633911133,1,6,quest,matrix_aux_detector_raw,406,0.0,1.3338831893323028e-08
question_D_hier90_linear10_two_phase_200k_seed78_12696800__checkpoint_300000,question_D_hier90_linear10_two_phase_200k_seed78_12696800,300000,0.9631471633911133,1,7,quest,matrix_aux_detector_raw,406,0.0,3.5239423982540285e-15
question_D_hier90_linear10_two_phase_200k_seed78_12696800__checkpoint_300000,question_D_hier90_linear10_two_phase_200k_seed78_12696800,300000,0.9631471633911133,2,0,quest,matrix_aux_detector_raw,406,0.0,5.2767083825258e-06
question_D_hier90_linear10_two_phase_200k_seed78_12696800__checkpoint_300000,question_D_hier90_linear10_two_phase_200k_seed78_12696800,300000,0.9631471633911133,2,1,quest,matrix_aux_detector_raw,406,0.0,5.556665029393918e-06
question_D_hier90_linear10_two_phase_200k_seed78_12696800__checkpoint_300000,question_D_hier90_linear10_two_phase_200k_seed78_12696800,300000,0.9631471633911133,2,2,quest,matrix_aux_detector_raw,406,0.0,5.948304595195399e-11
question_D_hier90_linear10_two_phase_200k_seed78_12696800__checkpoint_300000,question_D_hier90_linear10_two_phase_200k_seed78_12696800,300000,0.9631471633911133,2,3,quest,matrix_aux_detector_raw,406,0.0,8.589178754520955e-06
question_D_hier90_linear10_two_phase_200k_seed78_12696800__checkpoint_300000,question_D_hier90_linear10_two_phase_200k_seed78_12696800,300000,0.9631471633911133,2,4,quest,matrix_aux_detector_raw,406,0.6305418719211823,0.5570861989087541
question_D_hier90_linear10_two_phase_200k_seed78_12696800__checkpoint_300000,question_D_hier90_linear10_two_phase_200k_seed78_12696800,300000,0.9631471633911133,2,5,quest,matrix_aux_detector_raw,406,0.0,0.00035866972566517903
question_D_hier90_linear10_two_phase_200k_seed78_12696800__checkpoint_300000,question_D_hier90_linear10_two_phase_200k_seed78_12696800,300000,0.9631471633911133,2,6,quest,matrix_aux_detector_raw,406,0.6231527093596059,0.5475072085408835
question_D_hier90_linear10_two_phase_200k_seed78_12696800__checkpoint_300000,question_D_hier90_linear10_two_phase_200k_seed78_12696800,300000,0.9631471633911133,2,7,quest,matrix_aux_detector_raw,406,0.14532019704433496,0.09789018118401707
question_D_hier90_linear10_two_phase_200k_seed78_12696800__checkpoint_300000,question_D_hier90_linear10_two_phase_200k_seed78_12696800,300000,0.9631471633911133,3,0,quest,matrix_aux_detector_raw,406,0.0,1.0707685426118672e-09
question_D_hier90_linear10_two_phase_200k_seed78_12696800__checkpoint_300000,question_D_hier90_linear10_two_phase_200k_seed78_12696800,300000,0.9631471633911133,3,1,quest,matrix_aux_detector_raw,406,1.0,0.9999842624652562
question_D_hier90_linear10_two_phase_200k_seed78_12696800__checkpoint_300000,question_D_hier90_linear10_two_phase_200k_seed78_12696800,300000,0.9631471633911133,3,2,quest,matrix_aux_detector_raw,406,0.49014778325123154,0.4450708771800812
question_D_hier90_linear10_two_phase_200k_seed78_12696800__checkpoint_300000,question_D_hier90_linear10_two_phase_200k_seed78_12696800,300000,0.9631471633911133,3,3,quest,matrix_aux_detector_raw,406,0.0,2.6958341852608797e-06
question_D_hier90_linear10_two_phase_200k_seed78_12696800__checkpoint_300000,question_D_hier90_linear10_two_phase_200k_seed78_12696800,300000,0.9631471633911133,3,4,quest,matrix_aux_detector_raw,406,0.0,1.334744062755514e-07
question_D_hier90_linear10_two_phase_200k_seed78_12696800__checkpoint_300000,question_D_hier90_linear10_two_phase_200k_seed78_12696800,300000,0.9631471633911133,3,5,quest,matrix_aux_detector_raw,406,1.0,0.9997910660475933
question_D_hier90_linear10_two_phase_200k_seed78_12696800__checkpoint_300000,question_D_hier90_linear10_two_phase_200k_seed78_12696800,300000,0.9631471633911133,3,6,quest,matrix_aux_detector_raw,406,1.0,0.9999981503474888
question_D_hier90_linear10_two_phase_200k_seed78_12696800__checkpoint_300000,question_D_hier90_linear10_two_phase_200k_seed78_12696800,300000,0.9631471633911133,3,7,quest,matrix_aux_detector_raw,406,0.3472906403940887,0.22880073432335662
question_D_hier90_linear10_two_phase_200k_seed78_12696800__checkpoint_300000,question_D_hier90_linear10_two_phase_200k_seed78_12696800,300000,0.9631471633911133,4,0,quest,matrix_aux_detector_raw,406,0.012315270935960592,0.012765701975639164
question_D_hier90_linear10_two_phase_200k_seed78_12696800__checkpoint_300000,question_D_hier90_linear10_two_phase_200k_seed78_12696800,300000,0.9631471633911133,4,1,quest,matrix_aux_detector_raw,406,1.0,0.9954868003065362
question_D_hier90_linear10_two_phase_200k_seed78_12696800__checkpoint_300000,question_D_hier90_linear10_two_phase_200k_seed78_12696800,300000,0.9631471633911133,4,2,quest,matrix_aux_detector_raw,406,0.0,1.4812618064499987e-11
question_D_hier90_linear10_two_phase_200k_seed78_12696800__checkpoint_300000,question_D_hier90_linear10_two_phase_200k_seed78_12696800,300000,0.9631471633911133,4,3,quest,matrix_aux_detector_raw,406,0.0,2.406290094954498e-06
question_D_hier90_linear10_two_phase_200k_seed78_12696800__checkpoint_300000,question_D_hier90_linear10_two_phase_200k_seed78_12696800,300000,0.9631471633911133,4,4,quest,matrix_aux_detector_raw,406,0.41379310344827586,0.2440978522587514
question_D_hier90_linear10_two_phase_200k_seed78_12696800__checkpoint_300000,question_D_hier90_linear10_two_phase_200k_seed78_12696800,300000,0.9631471633911133,4,5,quest,matrix_aux_detector_raw,406,0.0,3.4526565044421893e-12
question_D_hier90_linear10_two_phase_200k_seed78_12696800__checkpoint_300000,question_D_hier90_linear10_two_phase_200k_seed78_12696800,300000,0.9631471633911133,4,6,quest,matrix_aux_detector_raw,406,0.0,5.566067431024585e-10
question_D_hier90_linear10_two_phase_200k_seed78_12696800__checkpoint_300000,question_D_hier90_linear10_two_phase_200k_seed78_12696800,300000,0.9631471633911133,4,7,quest,matrix_aux_detector_raw,406,1.0,0.9999582610400439
question_D_hier90_linear10_two_phase_200k_seed78_12696800__checkpoint_300000,question_D_hier90_linear10_two_phase_200k_seed78_12696800,300000,0.9631471633911133,5,0,quest,matrix_aux_detector_raw,406,0.0,0.00010100841516710717
question_D_hier90_linear10_two_phase_200k_seed78_12696800__checkpoint_300000,question_D_hier90_linear10_two_phase_200k_seed78_12696800,300000,0.9631471633911133,5,1,quest,matrix_aux_detector_raw,406,0.0,1.9809019265773794e-12
question_D_hier90_linear10_two_phase_200k_seed78_12696800__checkpoint_300000,question_D_hier90_linear10_two_phase_200k_seed78_12696800,300000,0.9631471633911133,5,2,quest,matrix_aux_detector_raw,406,0.0,2.0092048761554385e-09
question_D_hier90_linear10_two_phase_200k_seed78_12696800__checkpoint_300000,question_D_hier90_linear10_two_phase_200k_seed78_12696800,300000,0.9631471633911133,5,3,quest,matrix_aux_detector_raw,406,0.0,1.0651770431458833e-08
question_D_hier90_linear10_two_phase_200k_seed78_12696800__checkpoint_300000,question_D_hier90_linear10_two_phase_200k_seed78_12696800,300000,0.9631471633911133,5,4,quest,matrix_aux_detector_raw,406,0.0,4.871593249805675e-07
question_D_hier90_linear10_two_phase_200k_seed78_12696800__checkpoint_300000,question_D_hier90_linear10_two_phase_200k_seed78_12696800,300000,0.9631471633911133,5,5,quest,matrix_aux_detector_raw,406,0.0,0.0009328398791750554
question_D_hier90_linear10_two_phase_200k_seed78_12696800__checkpoint_300000,question_D_hier90_linear10_two_phase_200k_seed78_12696800,300000,0.9631471633911133,5,6,quest,matrix_aux_detector_raw,406,0.0,2.0950952174813561e-07
question_D_hier90_linear10_two_phase_200k_seed78_12696800__checkpoint_300000,question_D_hier90_linear10_two_phase_200k_seed78_12696800,300000,0.9631471633911133,5,7,quest,matrix_aux_detector_raw,406,0.0,1.0472348541191019e-06
question_D_hier90_linear10_two_phase_200k_seed79_12696813__checkpoint_300000,question_D_hier90_linear10_two_phase_200k_seed79_12696813,300000,0.7031322121620178,0,0,quest,matrix_aux_detector_raw,406,0.0,0.0027779303165008234
question_D_hier90_linear10_two_phase_200k_seed79_12696813__checkpoint_300000,question_D_hier90_linear10_two_phase_200k_seed79_12696813,300000,0.7031322121620178,0,1,quest,matrix_aux_detector_raw,406,0.0,1.3241608459346444e-33
question_D_hier90_linear10_two_phase_200k_seed79_12696813__checkpoint_300000,question_D_hier90_linear10_two_phase_200k_seed79_12696813,300000,0.7031322121620178,0,2,quest,matrix_aux_detector_raw,406,0.0,9.120960237409979e-24
question_D_hier90_linear10_two_phase_200k_seed79_12696813__checkpoint_300000,question_D_hier90_linear10_two_phase_200k_seed79_12696813,300000,0.7031322121620178,0,3,quest,matrix_aux_detector_raw,406,0.0,1.651987556220833e-14
question_D_hier90_linear10_two_phase_200k_seed79_12696813__checkpoint_300000,question_D_hier90_linear10_two_phase_200k_seed79_12696813,300000,0.7031322121620178,0,4,quest,matrix_aux_detector_raw,406,0.0,2.1395867112979523e-41
question_D_hier90_linear10_two_phase_200k_seed79_12696813__checkpoint_300000,question_D_hier90_linear10_two_phase_200k_seed79_12696813,300000,0.7031322121620178,0,5,quest,matrix_aux_detector_raw,406,0.0,2.1290138105947995e-27
question_D_hier90_linear10_two_phase_200k_seed79_12696813__checkpoint_300000,question_D_hier90_linear10_two_phase_200k_seed79_12696813,300000,0.7031322121620178,0,6,quest,matrix_aux_detector_raw,406,0.0,6.551712182283927e-22
question_D_hier90_linear10_two_phase_200k_seed79_12696813__checkpoint_300000,question_D_hier90_linear10_two_phase_200k_seed79_12696813,300000,0.7031322121620178,0,7,quest,matrix_aux_detector_raw,406,0.0,3.6085192887053844e-12
question_D_hier90_linear10_two_phase_200k_seed79_12696813__checkpoint_300000,question_D_hier90_linear10_two_phase_200k_seed79_12696813,300000,0.7031322121620178,1,0,quest,matrix_aux_detector_raw,406,0.4039408866995074,0.35737837744308026
question_D_hier90_linear10_two_phase_200k_seed79_12696813__checkpoint_300000,question_D_hier90_linear10_two_phase_200k_seed79_12696813,300000,0.7031322121620178,1,1,quest,matrix_aux_detector_raw,406,0.0,2.0478037590747953e-09
question_D_hier90_linear10_two_phase_200k_seed79_12696813__checkpoint_300000,question_D_hier90_linear10_two_phase_200k_seed79_12696813,300000,0.7031322121620178,1,2,quest,matrix_aux_detector_raw,406,0.0,0.00019096877732432016
question_D_hier90_linear10_two_phase_200k_seed79_12696813__checkpoint_300000,question_D_hier90_linear10_two_phase_200k_seed79_12696813,300000,0.7031322121620178,1,3,quest,matrix_aux_detector_raw,406,0.10344827586206896,0.07167220303473912
question_D_hier90_linear10_two_phase_200k_seed79_12696813__checkpoint_300000,question_D_hier90_linear10_two_phase_200k_seed79_12696813,300000,0.7031322121620178,1,4,quest,matrix_aux_detector_raw,406,0.0,4.510465565170954e-09
question_D_hier90_linear10_two_phase_200k_seed79_12696813__checkpoint_300000,question_D_hier90_linear10_two_phase_200k_seed79_12696813,300000,0.7031322121620178,1,5,quest,matrix_aux_detector_raw,406,0.3275862068965517,0.2761301357681089
question_D_hier90_linear10_two_phase_200k_seed79_12696813__checkpoint_300000,question_D_hier90_linear10_two_phase_200k_seed79_12696813,300000,0.7031322121620178,1,6,quest,matrix_aux_detector_raw,406,0.0,1.720234758221026e-11
question_D_hier90_linear10_two_phase_200k_seed79_12696813__checkpoint_300000,question_D_hier90_linear10_two_phase_200k_seed79_12696813,300000,0.7031322121620178,1,7,quest,matrix_aux_detector_raw,406,0.06403940886699508,0.0586174383271446
question_D_hier90_linear10_two_phase_200k_seed79_12696813__checkpoint_300000,question_D_hier90_linear10_two_phase_200k_seed79_12696813,300000,0.7031322121620178,2,0,quest,matrix_aux_detector_raw,406,0.0,2.694022454316821e-06
question_D_hier90_linear10_two_phase_200k_seed79_12696813__checkpoint_300000,question_D_hier90_linear10_two_phase_200k_seed79_12696813,300000,0.7031322121620178,2,1,quest,matrix_aux_detector_raw,406,0.9778325123152709,0.7930589739756264
question_D_hier90_linear10_two_phase_200k_seed79_12696813__checkpoint_300000,question_D_hier90_linear10_two_phase_200k_seed79_12696813,300000,0.7031322121620178,2,2,quest,matrix_aux_detector_raw,406,0.0,6.117554683037009e-08
question_D_hier90_linear10_two_phase_200k_seed79_12696813__checkpoint_300000,question_D_hier90_linear10_two_phase_200k_seed79_12696813,300000,0.7031322121620178,2,3,quest,matrix_aux_detector_raw,406,0.0,0.00012858378488294462
question_D_hier90_linear10_two_phase_200k_seed79_12696813__checkpoint_300000,question_D_hier90_linear10_two_phase_200k_seed79_12696813,300000,0.7031322121620178,2,4,quest,matrix_aux_detector_raw,406,0.0,5.08915569291562e-10
question_D_hier90_linear10_two_phase_200k_seed79_12696813__checkpoint_300000,question_D_hier90_linear10_two_phase_200k_seed79_12696813,300000,0.7031322121620178,2,5,quest,matrix_aux_detector_raw,406,0.0,1.1463201455411133e-06
question_D_hier90_linear10_two_phase_200k_seed79_12696813__checkpoint_300000,question_D_hier90_linear10_two_phase_200k_seed79_12696813,300000,0.7031322121620178,2,6,quest,matrix_aux_detector_raw,406,0.0,0.00015104401889302907
question_D_hier90_linear10_two_phase_200k_seed79_12696813__checkpoint_300000,question_D_hier90_linear10_two_phase_200k_seed79_12696813,300000,0.7031322121620178,2,7,quest,matrix_aux_detector_raw,406,0.3866995073891626,0.28055229776508644
question_D_hier90_linear10_two_phase_200k_seed79_12696813__checkpoint_300000,question_D_hier90_linear10_two_phase_200k_seed79_12696813,300000,0.7031322121620178,3,0,quest,matrix_aux_detector_raw,406,0.0,7.380924230716618e-06
question_D_hier90_linear10_two_phase_200k_seed79_12696813__checkpoint_300000,question_D_hier90_linear10_two_phase_200k_seed79_12696813,300000,0.7031322121620178,3,1,quest,matrix_aux_detector_raw,406,0.0,9.978140133204257e-07
question_D_hier90_linear10_two_phase_200k_seed79_12696813__checkpoint_300000,question_D_hier90_linear10_two_phase_200k_seed79_12696813,300000,0.7031322121620178,3,2,quest,matrix_aux_detector_raw,406,0.0,4.557173525882247e-05
question_D_hier90_linear10_two_phase_200k_seed79_12696813__checkpoint_300000,question_D_hier90_linear10_two_phase_200k_seed79_12696813,300000,0.7031322121620178,3,3,quest,matrix_aux_detector_raw,406,0.009852216748768473,0.00824610471485859
question_D_hier90_linear10_two_phase_200k_seed79_12696813__checkpoint_300000,question_D_hier90_linear10_two_phase_200k_seed79_12696813,300000,0.7031322121620178,3,4,quest,matrix_aux_detector_raw,406,1.0,0.9999999991191432
question_D_hier90_linear10_two_phase_200k_seed79_12696813__checkpoint_300000,question_D_hier90_linear10_two_phase_200k_seed79_12696813,300000,0.7031322121620178,3,5,quest,matrix_aux_detector_raw,406,1.0,0.9999999988255243
question_D_hier90_linear10_two_phase_200k_seed79_12696813__checkpoint_300000,question_D_hier90_linear10_two_phase_200k_seed79_12696813,300000,0.7031322121620178,3,6,quest,matrix_aux_detector_raw,406,0.21182266009852216,0.16181252670458632
question_D_hier90_linear10_two_phase_200k_seed79_12696813__checkpoint_300000,question_D_hier90_linear10_two_phase_200k_seed79_12696813,300000,0.7031322121620178,3,7,quest,matrix_aux_detector_raw,406,0.7832512315270936,0.6778427855588324
question_D_hier90_linear10_two_phase_200k_seed79_12696813__checkpoint_300000,question_D_hier90_linear10_two_phase_200k_seed79_12696813,300000,0.7031322121620178,4,0,quest,matrix_aux_detector_raw,406,0.14532019704433496,0.08913521157258805
question_D_hier90_linear10_two_phase_200k_seed79_12696813__checkpoint_300000,question_D_hier90_linear10_two_phase_200k_seed79_12696813,300000,0.7031322121620178,4,1,quest,matrix_aux_detector_raw,406,0.0,5.636205353311953e-10
question_D_hier90_linear10_two_phase_200k_seed79_12696813__checkpoint_300000,question_D_hier90_linear10_two_phase_200k_seed79_12696813,300000,0.7031322121620178,4,2,quest,matrix_aux_detector_raw,406,0.8152709359605911,0.7554739149973573
question_D_hier90_linear10_two_phase_200k_seed79_12696813__checkpoint_300000,question_D_hier90_linear10_two_phase_200k_seed79_12696813,300000,0.7031322121620178,4,3,quest,matrix_aux_detector_raw,406,0.0,3.253159990232097e-13
question_D_hier90_linear10_two_phase_200k_seed79_12696813__checkpoint_300000,question_D_hier90_linear10_two_phase_200k_seed79_12696813,300000,0.7031322121620178,4,4,quest,matrix_aux_detector_raw,406,0.0,2.862828329959321e-11
question_D_hier90_linear10_two_phase_200k_seed79_12696813__checkpoint_300000,question_D_hier90_linear10_two_phase_200k_seed79_12696813,300000,0.7031322121620178,4,5,quest,matrix_aux_detector_raw,406,1.0,0.9985609685846151
question_D_hier90_linear10_two_phase_200k_seed79_12696813__checkpoint_300000,question_D_hier90_linear10_two_phase_200k_seed79_12696813,300000,0.7031322121620178,4,6,quest,matrix_aux_detector_raw,406,0.0,8.429085585082325e-09
question_D_hier90_linear10_two_phase_200k_seed79_12696813__checkpoint_300000,question_D_hier90_linear10_two_phase_200k_seed79_12696813,300000,0.7031322121620178,4,7,quest,matrix_aux_detector_raw,406,1.0,0.9998357185882888
question_D_hier90_linear10_two_phase_200k_seed79_12696813__checkpoint_300000,question_D_hier90_linear10_two_phase_200k_seed79_12696813,300000,0.7031322121620178,5,0,quest,matrix_aux_detector_raw,406,0.0,2.24571817970852e-05
question_D_hier90_linear10_two_phase_200k_seed79_12696813__checkpoint_300000,question_D_hier90_linear10_two_phase_200k_seed79_12696813,300000,0.7031322121620178,5,1,quest,matrix_aux_detector_raw,406,0.0,4.672271607054221e-06
question_D_hier90_linear10_two_phase_200k_seed79_12696813__checkpoint_300000,question_D_hier90_linear10_two_phase_200k_seed79_12696813,300000,0.7031322121620178,5,2,quest,matrix_aux_detector_raw,406,0.0,0.00015766102482242474
question_D_hier90_linear10_two_phase_200k_seed79_12696813__checkpoint_300000,question_D_hier90_linear10_two_phase_200k_seed79_12696813,300000,0.7031322121620178,5,3,quest,matrix_aux_detector_raw,406,0.0,0.00011116357809695039
question_D_hier90_linear10_two_phase_200k_seed79_12696813__checkpoint_300000,question_D_hier90_linear10_two_phase_200k_seed79_12696813,300000,0.7031322121620178,5,4,quest,matrix_aux_detector_raw,406,0.0,1.1421710307024312e-08
question_D_hier90_linear10_two_phase_200k_seed79_12696813__checkpoint_300000,question_D_hier90_linear10_two_phase_200k_seed79_12696813,300000,0.7031322121620178,5,5,quest,matrix_aux_detector_raw,406,0.0,0.00039440810480343005
question_D_hier90_linear10_two_phase_200k_seed79_12696813__checkpoint_300000,question_D_hier90_linear10_two_phase_200k_seed79_12696813,300000,0.7031322121620178,5,6,quest,matrix_aux_detector_raw,406,0.0,1.585620547137528e-05
question_D_hier90_linear10_two_phase_200k_seed79_12696813__checkpoint_300000,question_D_hier90_linear10_two_phase_200k_seed79_12696813,300000,0.7031322121620178,5,7,quest,matrix_aux_detector_raw,406,0.0,1.0952968553355138e-07
question_D_hier90_linear10_two_phase_200k_seed80_12696826__checkpoint_300000,question_D_hier90_linear10_two_phase_200k_seed80_12696826,300000,0.999855637550354,0,0,quest,matrix_aux_detector_raw,406,0.2315270935960591,0.19470321848733285
question_D_hier90_linear10_two_phase_200k_seed80_12696826__checkpoint_300000,question_D_hier90_linear10_two_phase_200k_seed80_12696826,300000,0.999855637550354,0,1,quest,matrix_aux_detector_raw,406,0.0,2.5908115124948086e-15
question_D_hier90_linear10_two_phase_200k_seed80_12696826__checkpoint_300000,question_D_hier90_linear10_two_phase_200k_seed80_12696826,300000,0.999855637550354,0,2,quest,matrix_aux_detector_raw,406,0.45566502463054187,0.4529732639335255
question_D_hier90_linear10_two_phase_200k_seed80_12696826__checkpoint_300000,question_D_hier90_linear10_two_phase_200k_seed80_12696826,300000,0.999855637550354,0,3,quest,matrix_aux_detector_raw,406,0.0,3.4261469619544265e-12
question_D_hier90_linear10_two_phase_200k_seed80_12696826__checkpoint_300000,question_D_hier90_linear10_two_phase_200k_seed80_12696826,300000,0.999855637550354,0,4,quest,matrix_aux_detector_raw,406,0.4064039408866995,0.4078281372381337
question_D_hier90_linear10_two_phase_200k_seed80_12696826__checkpoint_300000,question_D_hier90_linear10_two_phase_200k_seed80_12696826,300000,0.999855637550354,0,5,quest,matrix_aux_detector_raw,406,0.0,1.8320283991014353e-08
question_D_hier90_linear10_two_phase_200k_seed80_12696826__checkpoint_300000,question_D_hier90_linear10_two_phase_200k_seed80_12696826,300000,0.999855637550354,0,6,quest,matrix_aux_detector_raw,406,0.0,1.3917116987568537e-13
question_D_hier90_linear10_two_phase_200k_seed80_12696826__checkpoint_300000,question_D_hier90_linear10_two_phase_200k_seed80_12696826,300000,0.999855637550354,0,7,quest,matrix_aux_detector_raw,406,0.009852216748768473,0.006295716018564638
question_D_hier90_linear10_two_phase_200k_seed80_12696826__checkpoint_300000,question_D_hier90_linear10_two_phase_200k_seed80_12696826,300000,0.999855637550354,1,0,quest,matrix_aux_detector_raw,406,0.3226600985221675,0.28806177882577283
question_D_hier90_linear10_two_phase_200k_seed80_12696826__checkpoint_300000,question_D_hier90_linear10_two_phase_200k_seed80_12696826,300000,0.999855637550354,1,1,quest,matrix_aux_detector_raw,406,0.1354679802955665,0.11176965658845156
question_D_hier90_linear10_two_phase_200k_seed80_12696826__checkpoint_300000,question_D_hier90_linear10_two_phase_200k_seed80_12696826,300000,0.999855637550354,1,2,quest,matrix_aux_detector_raw,406,0.6625615763546798,0.5973988398805801
question_D_hier90_linear10_two_phase_200k_seed80_12696826__checkpoint_300000,question_D_hier90_linear10_two_phase_200k_seed80_12696826,300000,0.999855637550354,1,3,quest,matrix_aux_detector_raw,406,0.16502463054187191,0.11091347612484487
question_D_hier90_linear10_two_phase_200k_seed80_12696826__checkpoint_300000,question_D_hier90_linear10_two_phase_200k_seed80_12696826,300000,0.999855637550354,1,4,quest,matrix_aux_detector_raw,406,0.0,1.415600513352922e-08
question_D_hier90_linear10_two_phase_200k_seed80_12696826__checkpoint_300000,question_D_hier90_linear10_two_phase_200k_seed80_12696826,300000,0.999855637550354,1,5,quest,matrix_aux_detector_raw,406,0.0,1.503141391851303e-09
question_D_hier90_linear10_two_phase_200k_seed80_12696826__checkpoint_300000,question_D_hier90_linear10_two_phase_200k_seed80_12696826,300000,0.999855637550354,1,6,quest,matrix_aux_detector_raw,406,0.3275862068965517,0.273144085614059
question_D_hier90_linear10_two_phase_200k_seed80_12696826__checkpoint_300000,question_D_hier90_linear10_two_phase_200k_seed80_12696826,300000,0.999855637550354,1,7,quest,matrix_aux_detector_raw,406,0.0,3.0218195665927584e-09
question_D_hier90_linear10_two_phase_200k_seed80_12696826__checkpoint_300000,question_D_hier90_linear10_two_phase_200k_seed80_12696826,300000,0.999855637550354,2,0,quest,matrix_aux_detector_raw,406,0.0,8.536605136665148e-08
question_D_hier90_linear10_two_phase_200k_seed80_12696826__checkpoint_300000,question_D_hier90_linear10_two_phase_200k_seed80_12696826,300000,0.999855637550354,2,1,quest,matrix_aux_detector_raw,406,0.5640394088669951,0.5334992013617071
question_D_hier90_linear10_two_phase_200k_seed80_12696826__checkpoint_300000,question_D_hier90_linear10_two_phase_200k_seed80_12696826,300000,0.999855637550354,2,2,quest,matrix_aux_detector_raw,406,0.0,2.6640001249755208e-09
question_D_hier90_linear10_two_phase_200k_seed80_12696826__checkpoint_300000,question_D_hier90_linear10_two_phase_200k_seed80_12696826,300000,0.999855637550354,2,3,quest,matrix_aux_detector_raw,406,0.0,0.0004182708998191263
question_D_hier90_linear10_two_phase_200k_seed80_12696826__checkpoint_300000,question_D_hier90_linear10_two_phase_200k_seed80_12696826,300000,0.999855637550354,2,4,quest,matrix_aux_detector_raw,406,0.39901477832512317,0.345983307918262
question_D_hier90_linear10_two_phase_200k_seed80_12696826__checkpoint_300000,question_D_hier90_linear10_two_phase_200k_seed80_12696826,300000,0.999855637550354,2,5,quest,matrix_aux_detector_raw,406,0.0,9.529864098055296e-12
question_D_hier90_linear10_two_phase_200k_seed80_12696826__checkpoint_300000,question_D_hier90_linear10_two_phase_200k_seed80_12696826,300000,0.999855637550354,2,6,quest,matrix_aux_detector_raw,406,0.0,5.228539981128359e-06
question_D_hier90_linear10_two_phase_200k_seed80_12696826__checkpoint_300000,question_D_hier90_linear10_two_phase_200k_seed80_12696826,300000,0.999855637550354,2,7,quest,matrix_aux_detector_raw,406,0.07389162561576355,0.0405551500625857
question_D_hier90_linear10_two_phase_200k_seed80_12696826__checkpoint_300000,question_D_hier90_linear10_two_phase_200k_seed80_12696826,300000,0.999855637550354,3,0,quest,matrix_aux_detector_raw,406,0.1354679802955665,0.10578378244563195
question_D_hier90_linear10_two_phase_200k_seed80_12696826__checkpoint_300000,question_D_hier90_linear10_two_phase_200k_seed80_12696826,300000,0.999855637550354,3,1,quest,matrix_aux_detector_raw,406,1.0,0.9999998872503272
question_D_hier90_linear10_two_phase_200k_seed80_12696826__checkpoint_300000,question_D_hier90_linear10_two_phase_200k_seed80_12696826,300000,0.999855637550354,3,2,quest,matrix_aux_detector_raw,406,0.0024630541871921183,0.005827226632791156
question_D_hier90_linear10_two_phase_200k_seed80_12696826__checkpoint_300000,question_D_hier90_linear10_two_phase_200k_seed80_12696826,300000,0.999855637550354,3,3,quest,matrix_aux_detector_raw,406,0.0,3.7117883863241186e-06
question_D_hier90_linear10_two_phase_200k_seed80_12696826__checkpoint_300000,question_D_hier90_linear10_two_phase_200k_seed80_12696826,300000,0.999855637550354,3,4,quest,matrix_aux_detector_raw,406,0.0,9.391942686023027e-12
question_D_hier90_linear10_two_phase_200k_seed80_12696826__checkpoint_300000,question_D_hier90_linear10_two_phase_200k_seed80_12696826,300000,0.999855637550354,3,5,quest,matrix_aux_detector_raw,406,0.0,1.4193604457549513e-07
question_D_hier90_linear10_two_phase_200k_seed80_12696826__checkpoint_300000,question_D_hier90_linear10_two_phase_200k_seed80_12696826,300000,0.999855637550354,3,6,quest,matrix_aux_detector_raw,406,0.0,4.05166378921021e-10
question_D_hier90_linear10_two_phase_200k_seed80_12696826__checkpoint_300000,question_D_hier90_linear10_two_phase_200k_seed80_12696826,300000,0.999855637550354,3,7,quest,matrix_aux_detector_raw,406,0.04433497536945813,0.03577840317579273
question_D_hier90_linear10_two_phase_200k_seed80_12696826__checkpoint_300000,question_D_hier90_linear10_two_phase_200k_seed80_12696826,300000,0.999855637550354,4,0,quest,matrix_aux_detector_raw,406,0.0,2.606795624639087e-05
question_D_hier90_linear10_two_phase_200k_seed80_12696826__checkpoint_300000,question_D_hier90_linear10_two_phase_200k_seed80_12696826,300000,0.999855637550354,4,1,quest,matrix_aux_detector_raw,406,1.0,0.9999999436251635
question_D_hier90_linear10_two_phase_200k_seed80_12696826__checkpoint_300000,question_D_hier90_linear10_two_phase_200k_seed80_12696826,300000,0.999855637550354,4,2,quest,matrix_aux_detector_raw,406,0.0,1.5512936425592468e-06
question_D_hier90_linear10_two_phase_200k_seed80_12696826__checkpoint_300000,question_D_hier90_linear10_two_phase_200k_seed80_12696826,300000,0.999855637550354,4,3,quest,matrix_aux_detector_raw,406,0.0,3.737654146231293e-12
question_D_hier90_linear10_two_phase_200k_seed80_12696826__checkpoint_300000,question_D_hier90_linear10_two_phase_200k_seed80_12696826,300000,0.999855637550354,4,4,quest,matrix_aux_detector_raw,406,1.0,0.9999963720443801
question_D_hier90_linear10_two_phase_200k_seed80_12696826__checkpoint_300000,question_D_hier90_linear10_two_phase_200k_seed80_12696826,300000,0.999855637550354,4,5,quest,matrix_aux_detector_raw,406,1.0,1.0
question_D_hier90_linear10_two_phase_200k_seed80_12696826__checkpoint_300000,question_D_hier90_linear10_two_phase_200k_seed80_12696826,300000,0.999855637550354,4,6,quest,matrix_aux_detector_raw,406,0.0,7.636725865759243e-08
question_D_hier90_linear10_two_phase_200k_seed80_12696826__checkpoint_300000,question_D_hier90_linear10_two_phase_200k_seed80_12696826,300000,0.999855637550354,4,7,quest,matrix_aux_detector_raw,406,1.0,0.9999991581944997
question_D_hier90_linear10_two_phase_200k_seed80_12696826__checkpoint_300000,question_D_hier90_linear10_two_phase_200k_seed80_12696826,300000,0.999855637550354,5,0,quest,matrix_aux_detector_raw,406,0.3078817733990148,0.2448060781481307
question_D_hier90_linear10_two_phase_200k_seed80_12696826__checkpoint_300000,question_D_hier90_linear10_two_phase_200k_seed80_12696826,300000,0.999855637550354,5,1,quest,matrix_aux_detector_raw,406,0.0,7.781650421965878e-06
question_D_hier90_linear10_two_phase_200k_seed80_12696826__checkpoint_300000,question_D_hier90_linear10_two_phase_200k_seed80_12696826,300000,0.999855637550354,5,2,quest,matrix_aux_detector_raw,406,0.0,5.706930320287366e-06
question_D_hier90_linear10_two_phase_200k_seed80_12696826__checkpoint_300000,question_D_hier90_linear10_two_phase_200k_seed80_12696826,300000,0.999855637550354,5,3,quest,matrix_aux_detector_raw,406,0.0,0.0011909639666409875
question_D_hier90_linear10_two_phase_200k_seed80_12696826__checkpoint_300000,question_D_hier90_linear10_two_phase_200k_seed80_12696826,300000,0.999855637550354,5,4,quest,matrix_aux_detector_raw,406,0.9630541871921182,0.9055646271138048
question_D_hier90_linear10_two_phase_200k_seed80_12696826__checkpoint_300000,question_D_hier90_linear10_two_phase_200k_seed80_12696826,300000,0.999855637550354,5,5,quest,matrix_aux_detector_raw,406,0.0,1.1900802437784754e-05
question_D_hier90_linear10_two_phase_200k_seed80_12696826__checkpoint_300000,question_D_hier90_linear10_two_phase_200k_seed80_12696826,300000,0.999855637550354,5,6,quest,matrix_aux_detector_raw,406,0.0,0.002969246470235742
question_D_hier90_linear10_two_phase_200k_seed80_12696826__checkpoint_300000,question_D_hier90_linear10_two_phase_200k_seed80_12696826,300000,0.999855637550354,5,7,quest,matrix_aux_detector_raw,406,0.0,0.00019494223744037759
question_D_hier90_linear10_two_phase_200k_seed81_12596471__checkpoint_300000,question_D_hier90_linear10_two_phase_200k_seed81_12596471,300000,0.9595544934272766,0,0,quest,matrix_aux_detector_raw,406,0.0,1.6660423494894623e-10
question_D_hier90_linear10_two_phase_200k_seed81_12596471__checkpoint_300000,question_D_hier90_linear10_two_phase_200k_seed81_12596471,300000,0.9595544934272766,0,1,quest,matrix_aux_detector_raw,406,0.0024630541871921183,0.0012594385988791805
question_D_hier90_linear10_two_phase_200k_seed81_12596471__checkpoint_300000,question_D_hier90_linear10_two_phase_200k_seed81_12596471,300000,0.9595544934272766,0,2,quest,matrix_aux_detector_raw,406,0.0,7.663986658809814e-26
question_D_hier90_linear10_two_phase_200k_seed81_12596471__checkpoint_300000,question_D_hier90_linear10_two_phase_200k_seed81_12596471,300000,0.9595544934272766,0,3,quest,matrix_aux_detector_raw,406,0.0,6.400422499740193e-15
question_D_hier90_linear10_two_phase_200k_seed81_12596471__checkpoint_300000,question_D_hier90_linear10_two_phase_200k_seed81_12596471,300000,0.9595544934272766,0,4,quest,matrix_aux_detector_raw,406,0.12561576354679804,0.11127283308181778
question_D_hier90_linear10_two_phase_200k_seed81_12596471__checkpoint_300000,question_D_hier90_linear10_two_phase_200k_seed81_12596471,300000,0.9595544934272766,0,5,quest,matrix_aux_detector_raw,406,0.0,9.428024395755075e-25
question_D_hier90_linear10_two_phase_200k_seed81_12596471__checkpoint_300000,question_D_hier90_linear10_two_phase_200k_seed81_12596471,300000,0.9595544934272766,0,6,quest,matrix_aux_detector_raw,406,0.2881773399014778,0.2717090841588346
question_D_hier90_linear10_two_phase_200k_seed81_12596471__checkpoint_300000,question_D_hier90_linear10_two_phase_200k_seed81_12596471,300000,0.9595544934272766,0,7,quest,matrix_aux_detector_raw,406,0.0,1.3355443477252385e-31
question_D_hier90_linear10_two_phase_200k_seed81_12596471__checkpoint_300000,question_D_hier90_linear10_two_phase_200k_seed81_12596471,300000,0.9595544934272766,1,0,quest,matrix_aux_detector_raw,406,0.30295566502463056,0.26651469689857893
question_D_hier90_linear10_two_phase_200k_seed81_12596471__checkpoint_300000,question_D_hier90_linear10_two_phase_200k_seed81_12596471,300000,0.9595544934272766,1,1,quest,matrix_aux_detector_raw,406,0.0,1.6844611100762857e-14
question_D_hier90_linear10_two_phase_200k_seed81_12596471__checkpoint_300000,question_D_hier90_linear10_two_phase_200k_seed81_12596471,300000,0.9595544934272766,1,2,quest,matrix_aux_detector_raw,406,0.4605911330049261,0.42997293223628863
question_D_hier90_linear10_two_phase_200k_seed81_12596471__checkpoint_300000,question_D_hier90_linear10_two_phase_200k_seed81_12596471,300000,0.9595544934272766,1,3,quest,matrix_aux_detector_raw,406,0.0,3.4252782216772233e-06
question_D_hier90_linear10_two_phase_200k_seed81_12596471__checkpoint_300000,question_D_hier90_linear10_two_phase_200k_seed81_12596471,300000,0.9595544934272766,1,4,quest,matrix_aux_detector_raw,406,0.0,3.4190557462635206e-25
question_D_hier90_linear10_two_phase_200k_seed81_12596471__checkpoint_300000,question_D_hier90_linear10_two_phase_200k_seed81_12596471,300000,0.9595544934272766,1,5,quest,matrix_aux_detector_raw,406,0.0,3.2243214240349644e-08
question_D_hier90_linear10_two_phase_200k_seed81_12596471__checkpoint_300000,question_D_hier90_linear10_two_phase_200k_seed81_12596471,300000,0.9595544934272766,1,6,quest,matrix_aux_detector_raw,406,0.0,7.233037979864263e-08
question_D_hier90_linear10_two_phase_200k_seed81_12596471__checkpoint_300000,question_D_hier90_linear10_two_phase_200k_seed81_12596471,300000,0.9595544934272766,1,7,quest,matrix_aux_detector_raw,406,0.16009852216748768,0.12064066279188636
question_D_hier90_linear10_two_phase_200k_seed81_12596471__checkpoint_300000,question_D_hier90_linear10_two_phase_200k_seed81_12596471,300000,0.9595544934272766,2,0,quest,matrix_aux_detector_raw,406,0.6699507389162561,0.5644820034957698
question_D_hier90_linear10_two_phase_200k_seed81_12596471__checkpoint_300000,question_D_hier90_linear10_two_phase_200k_seed81_12596471,300000,0.9595544934272766,2,1,quest,matrix_aux_detector_raw,406,0.0,0.006029205927178072
question_D_hier90_linear10_two_phase_200k_seed81_12596471__checkpoint_300000,question_D_hier90_linear10_two_phase_200k_seed81_12596471,300000,0.9595544934272766,2,2,quest,matrix_aux_detector_raw,406,0.0,0.0002444630567635918
question_D_hier90_linear10_two_phase_200k_seed81_12596471__checkpoint_300000,question_D_hier90_linear10_two_phase_200k_seed81_12596471,300000,0.9595544934272766,2,3,quest,matrix_aux_detector_raw,406,0.0,3.784896598863551e-09
question_D_hier90_linear10_two_phase_200k_seed81_12596471__checkpoint_300000,question_D_hier90_linear10_two_phase_200k_seed81_12596471,300000,0.9595544934272766,2,4,quest,matrix_aux_detector_raw,406,0.23891625615763548,0.175630127271144
question_D_hier90_linear10_two_phase_200k_seed81_12596471__checkpoint_300000,question_D_hier90_linear10_two_phase_200k_seed81_12596471,300000,0.9595544934272766,2,5,quest,matrix_aux_detector_raw,406,0.0,4.2832187589568934e-11
question_D_hier90_linear10_two_phase_200k_seed81_12596471__checkpoint_300000,question_D_hier90_linear10_two_phase_200k_seed81_12596471,300000,0.9595544934272766,2,6,quest,matrix_aux_detector_raw,406,0.9926108374384236,0.9690068694739946
question_D_hier90_linear10_two_phase_200k_seed81_12596471__checkpoint_300000,question_D_hier90_linear10_two_phase_200k_seed81_12596471,300000,0.9595544934272766,2,7,quest,matrix_aux_detector_raw,406,0.0,2.7192261997537528e-11
question_D_hier90_linear10_two_phase_200k_seed81_12596471__checkpoint_300000,question_D_hier90_linear10_two_phase_200k_seed81_12596471,300000,0.9595544934272766,3,0,quest,matrix_aux_detector_raw,406,0.0,7.873981381349695e-15
question_D_hier90_linear10_two_phase_200k_seed81_12596471__checkpoint_300000,question_D_hier90_linear10_two_phase_200k_seed81_12596471,300000,0.9595544934272766,3,1,quest,matrix_aux_detector_raw,406,0.0,2.5799058276368118e-05
question_D_hier90_linear10_two_phase_200k_seed81_12596471__checkpoint_300000,question_D_hier90_linear10_two_phase_200k_seed81_12596471,300000,0.9595544934272766,3,2,quest,matrix_aux_detector_raw,406,1.0,0.9991474298420798
question_D_hier90_linear10_two_phase_200k_seed81_12596471__checkpoint_300000,question_D_hier90_linear10_two_phase_200k_seed81_12596471,300000,0.9595544934272766,3,3,quest,matrix_aux_detector_raw,406,1.0,0.9999846133398892
question_D_hier90_linear10_two_phase_200k_seed81_12596471__checkpoint_300000,question_D_hier90_linear10_two_phase_200k_seed81_12596471,300000,0.9595544934272766,3,4,quest,matrix_aux_detector_raw,406,0.9039408866995073,0.839828138480541
question_D_hier90_linear10_two_phase_200k_seed81_12596471__checkpoint_300000,question_D_hier90_linear10_two_phase_200k_seed81_12596471,300000,0.9595544934272766,3,5,quest,matrix_aux_detector_raw,406,1.0,0.9999997671601808
question_D_hier90_linear10_two_phase_200k_seed81_12596471__checkpoint_300000,question_D_hier90_linear10_two_phase_200k_seed81_12596471,300000,0.9595544934272766,3,6,quest,matrix_aux_detector_raw,406,1.0,0.9989169452871595
question_D_hier90_linear10_two_phase_200k_seed81_12596471__checkpoint_300000,question_D_hier90_linear10_two_phase_200k_seed81_12596471,300000,0.9595544934272766,3,7,quest,matrix_aux_detector_raw,406,0.0,2.598846898607459e-06
question_D_hier90_linear10_two_phase_200k_seed81_12596471__checkpoint_300000,question_D_hier90_linear10_two_phase_200k_seed81_12596471,300000,0.9595544934272766,4,0,quest,matrix_aux_detector_raw,406,0.0,5.5725950798215435e-05
question_D_hier90_linear10_two_phase_200k_seed81_12596471__checkpoint_300000,question_D_hier90_linear10_two_phase_200k_seed81_12596471,300000,0.9595544934272766,4,1,quest,matrix_aux_detector_raw,406,0.0,7.472914765886317e-09
question_D_hier90_linear10_two_phase_200k_seed81_12596471__checkpoint_300000,question_D_hier90_linear10_two_phase_200k_seed81_12596471,300000,0.9595544934272766,4,2,quest,matrix_aux_detector_raw,406,0.0,0.0012035952434092322
question_D_hier90_linear10_two_phase_200k_seed81_12596471__checkpoint_300000,question_D_hier90_linear10_two_phase_200k_seed81_12596471,300000,0.9595544934272766,4,3,quest,matrix_aux_detector_raw,406,0.0,0.0002536570180492112
question_D_hier90_linear10_two_phase_200k_seed81_12596471__checkpoint_300000,question_D_hier90_linear10_two_phase_200k_seed81_12596471,300000,0.9595544934272766,4,4,quest,matrix_aux_detector_raw,406,0.0,6.145191772012794e-15
question_D_hier90_linear10_two_phase_200k_seed81_12596471__checkpoint_300000,question_D_hier90_linear10_two_phase_200k_seed81_12596471,300000,0.9595544934272766,4,5,quest,matrix_aux_detector_raw,406,0.0,6.713610878488628e-07
question_D_hier90_linear10_two_phase_200k_seed81_12596471__checkpoint_300000,question_D_hier90_linear10_two_phase_200k_seed81_12596471,300000,0.9595544934272766,4,6,quest,matrix_aux_detector_raw,406,1.0,0.9983415374614922
question_D_hier90_linear10_two_phase_200k_seed81_12596471__checkpoint_300000,question_D_hier90_linear10_two_phase_200k_seed81_12596471,300000,0.9595544934272766,4,7,quest,matrix_aux_detector_raw,406,0.0,3.7016153099711853e-06
question_D_hier90_linear10_two_phase_200k_seed81_12596471__checkpoint_300000,question_D_hier90_linear10_two_phase_200k_seed81_12596471,300000,0.9595544934272766,5,0,quest,matrix_aux_detector_raw,406,0.027093596059113302,0.02580779260670537
question_D_hier90_linear10_two_phase_200k_seed81_12596471__checkpoint_300000,question_D_hier90_linear10_two_phase_200k_seed81_12596471,300000,0.9595544934272766,5,1,quest,matrix_aux_detector_raw,406,0.029556650246305417,0.02319650534516067
question_D_hier90_linear10_two_phase_200k_seed81_12596471__checkpoint_300000,question_D_hier90_linear10_two_phase_200k_seed81_12596471,300000,0.9595544934272766,5,2,quest,matrix_aux_detector_raw,406,0.0,9.259726869506542e-06
question_D_hier90_linear10_two_phase_200k_seed81_12596471__checkpoint_300000,question_D_hier90_linear10_two_phase_200k_seed81_12596471,300000,0.9595544934272766,5,3,quest,matrix_aux_detector_raw,406,0.0,4.661942167046194e-06
question_D_hier90_linear10_two_phase_200k_seed81_12596471__checkpoint_300000,question_D_hier90_linear10_two_phase_200k_seed81_12596471,300000,0.9595544934272766,5,4,quest,matrix_aux_detector_raw,406,0.0,4.4301861395428215e-07
question_D_hier90_linear10_two_phase_200k_seed81_12596471__checkpoint_300000,question_D_hier90_linear10_two_phase_200k_seed81_12596471,300000,0.9595544934272766,5,5,quest,matrix_aux_detector_raw,406,0.0,1.0605795630786095e-06
question_D_hier90_linear10_two_phase_200k_seed81_12596471__checkpoint_300000,question_D_hier90_linear10_two_phase_200k_seed81_12596471,300000,0.9595544934272766,5,6,quest,matrix_aux_detector_raw,406,0.0,0.001224730774799903
question_D_hier90_linear10_two_phase_200k_seed81_12596471__checkpoint_300000,question_D_hier90_linear10_two_phase_200k_seed81_12596471,300000,0.9595544934272766,5,7,quest,matrix_aux_detector_raw,406,0.12315270935960591,0.07552645902819702
question_D_hier90_linear10_two_phase_200k_seed82_13749499__checkpoint_300000,question_D_hier90_linear10_two_phase_200k_seed82_13749499,300000,0.7541499137878418,0,0,quest,matrix_aux_detector_raw,406,0.11822660098522167,0.10192012873609792
question_D_hier90_linear10_two_phase_200k_seed82_13749499__checkpoint_300000,question_D_hier90_linear10_two_phase_200k_seed82_13749499,300000,0.7541499137878418,0,1,quest,matrix_aux_detector_raw,406,0.0,1.8369122881505568e-14
question_D_hier90_linear10_two_phase_200k_seed82_13749499__checkpoint_300000,question_D_hier90_linear10_two_phase_200k_seed82_13749499,300000,0.7541499137878418,0,2,quest,matrix_aux_detector_raw,406,0.0,4.0309023298799337e-16
question_D_hier90_linear10_two_phase_200k_seed82_13749499__checkpoint_300000,question_D_hier90_linear10_two_phase_200k_seed82_13749499,300000,0.7541499137878418,0,3,quest,matrix_aux_detector_raw,406,0.0,8.718551844754021e-15
question_D_hier90_linear10_two_phase_200k_seed82_13749499__checkpoint_300000,question_D_hier90_linear10_two_phase_200k_seed82_13749499,300000,0.7541499137878418,0,4,quest,matrix_aux_detector_raw,406,0.0024630541871921183,0.0016025999275186562
question_D_hier90_linear10_two_phase_200k_seed82_13749499__checkpoint_300000,question_D_hier90_linear10_two_phase_200k_seed82_13749499,300000,0.7541499137878418,0,5,quest,matrix_aux_detector_raw,406,0.0,2.3461562068160434e-12
question_D_hier90_linear10_two_phase_200k_seed82_13749499__checkpoint_300000,question_D_hier90_linear10_two_phase_200k_seed82_13749499,300000,0.7541499137878418,0,6,quest,matrix_aux_detector_raw,406,0.0,0.0
question_D_hier90_linear10_two_phase_200k_seed82_13749499__checkpoint_300000,question_D_hier90_linear10_two_phase_200k_seed82_13749499,300000,0.7541499137878418,0,7,quest,matrix_aux_detector_raw,406,0.0,2.056437836708518e-40
question_D_hier90_linear10_two_phase_200k_seed82_13749499__checkpoint_300000,question_D_hier90_linear10_two_phase_200k_seed82_13749499,300000,0.7541499137878418,1,0,quest,matrix_aux_detector_raw,406,0.0,0.0017254166658771904
question_D_hier90_linear10_two_phase_200k_seed82_13749499__checkpoint_300000,question_D_hier90_linear10_two_phase_200k_seed82_13749499,300000,0.7541499137878418,1,1,quest,matrix_aux_detector_raw,406,0.0,1.3363042594426527e-09
question_D_hier90_linear10_two_phase_200k_seed82_13749499__checkpoint_300000,question_D_hier90_linear10_two_phase_200k_seed82_13749499,300000,0.7541499137878418,1,2,quest,matrix_aux_detector_raw,406,0.0,4.541602716399075e-07
question_D_hier90_linear10_two_phase_200k_seed82_13749499__checkpoint_300000,question_D_hier90_linear10_two_phase_200k_seed82_13749499,300000,0.7541499137878418,1,3,quest,matrix_aux_detector_raw,406,0.034482758620689655,0.027379776852711438
question_D_hier90_linear10_two_phase_200k_seed82_13749499__checkpoint_300000,question_D_hier90_linear10_two_phase_200k_seed82_13749499,300000,0.7541499137878418,1,4,quest,matrix_aux_detector_raw,406,0.0,5.7970321778096095e-11
question_D_hier90_linear10_two_phase_200k_seed82_13749499__checkpoint_300000,question_D_hier90_linear10_two_phase_200k_seed82_13749499,300000,0.7541499137878418,1,5,quest,matrix_aux_detector_raw,406,0.0,7.119156986133796e-10
question_D_hier90_linear10_two_phase_200k_seed82_13749499__checkpoint_300000,question_D_hier90_linear10_two_phase_200k_seed82_13749499,300000,0.7541499137878418,1,6,quest,matrix_aux_detector_raw,406,0.8719211822660099,0.7829394248191478
question_D_hier90_linear10_two_phase_200k_seed82_13749499__checkpoint_300000,question_D_hier90_linear10_two_phase_200k_seed82_13749499,300000,0.7541499137878418,1,7,quest,matrix_aux_detector_raw,406,0.0,0.0008777491123250302
question_D_hier90_linear10_two_phase_200k_seed82_13749499__checkpoint_300000,question_D_hier90_linear10_two_phase_200k_seed82_13749499,300000,0.7541499137878418,2,0,quest,matrix_aux_detector_raw,406,0.059113300492610835,0.035083153098708304
question_D_hier90_linear10_two_phase_200k_seed82_13749499__checkpoint_300000,question_D_hier90_linear10_two_phase_200k_seed82_13749499,300000,0.7541499137878418,2,1,quest,matrix_aux_detector_raw,406,0.0,2.1067621434383596e-10
question_D_hier90_linear10_two_phase_200k_seed82_13749499__checkpoint_300000,question_D_hier90_linear10_two_phase_200k_seed82_13749499,300000,0.7541499137878418,2,2,quest,matrix_aux_detector_raw,406,0.0,0.0001284017139745346
question_D_hier90_linear10_two_phase_200k_seed82_13749499__checkpoint_300000,question_D_hier90_linear10_two_phase_200k_seed82_13749499,300000,0.7541499137878418,2,3,quest,matrix_aux_detector_raw,406,0.0,5.188711023582656e-07
question_D_hier90_linear10_two_phase_200k_seed82_13749499__checkpoint_300000,question_D_hier90_linear10_two_phase_200k_seed82_13749499,300000,0.7541499137878418,2,4,quest,matrix_aux_detector_raw,406,0.0,1.2283365069248956e-12
question_D_hier90_linear10_two_phase_200k_seed82_13749499__checkpoint_300000,question_D_hier90_linear10_two_phase_200k_seed82_13749499,300000,0.7541499137878418,2,5,quest,matrix_aux_detector_raw,406,0.0,8.427325081748834e-14
question_D_hier90_linear10_two_phase_200k_seed82_13749499__checkpoint_300000,question_D_hier90_linear10_two_phase_200k_seed82_13749499,300000,0.7541499137878418,2,6,quest,matrix_aux_detector_raw,406,0.0,1.205975638932393e-06
question_D_hier90_linear10_two_phase_200k_seed82_13749499__checkpoint_300000,question_D_hier90_linear10_two_phase_200k_seed82_13749499,300000,0.7541499137878418,2,7,quest,matrix_aux_detector_raw,406,0.9926108374384236,0.9672285361924287
question_D_hier90_linear10_two_phase_200k_seed82_13749499__checkpoint_300000,question_D_hier90_linear10_two_phase_200k_seed82_13749499,300000,0.7541499137878418,3,0,quest,matrix_aux_detector_raw,406,1.0,0.9954450042376964
question_D_hier90_linear10_two_phase_200k_seed82_13749499__checkpoint_300000,question_D_hier90_linear10_two_phase_200k_seed82_13749499,300000,0.7541499137878418,3,1,quest,matrix_aux_detector_raw,406,0.0,2.6019858147518607e-13
question_D_hier90_linear10_two_phase_200k_seed82_13749499__checkpoint_300000,question_D_hier90_linear10_two_phase_200k_seed82_13749499,300000,0.7541499137878418,3,2,quest,matrix_aux_detector_raw,406,0.0,3.209315373818737e-06
question_D_hier90_linear10_two_phase_200k_seed82_13749499__checkpoint_300000,question_D_hier90_linear10_two_phase_200k_seed82_13749499,300000,0.7541499137878418,3,3,quest,matrix_aux_detector_raw,406,0.0,4.704646187289758e-05
question_D_hier90_linear10_two_phase_200k_seed82_13749499__checkpoint_300000,question_D_hier90_linear10_two_phase_200k_seed82_13749499,300000,0.7541499137878418,3,4,quest,matrix_aux_detector_raw,406,0.0,8.824071878777523e-12
question_D_hier90_linear10_two_phase_200k_seed82_13749499__checkpoint_300000,question_D_hier90_linear10_two_phase_200k_seed82_13749499,300000,0.7541499137878418,3,5,quest,matrix_aux_detector_raw,406,1.0,0.9997401354935369
question_D_hier90_linear10_two_phase_200k_seed82_13749499__checkpoint_300000,question_D_hier90_linear10_two_phase_200k_seed82_13749499,300000,0.7541499137878418,3,6,quest,matrix_aux_detector_raw,406,1.0,0.9994122444702487
question_D_hier90_linear10_two_phase_200k_seed82_13749499__checkpoint_300000,question_D_hier90_linear10_two_phase_200k_seed82_13749499,300000,0.7541499137878418,3,7,quest,matrix_aux_detector_raw,406,0.0,2.435380930155695e-06
question_D_hier90_linear10_two_phase_200k_seed82_13749499__checkpoint_300000,question_D_hier90_linear10_two_phase_200k_seed82_13749499,300000,0.7541499137878418,4,0,quest,matrix_aux_detector_raw,406,0.0,1.6573903486856057e-07
question_D_hier90_linear10_two_phase_200k_seed82_13749499__checkpoint_300000,question_D_hier90_linear10_two_phase_200k_seed82_13749499,300000,0.7541499137878418,4,1,quest,matrix_aux_detector_raw,406,0.0,1.4966626029339899e-06
question_D_hier90_linear10_two_phase_200k_seed82_13749499__checkpoint_300000,question_D_hier90_linear10_two_phase_200k_seed82_13749499,300000,0.7541499137878418,4,2,quest,matrix_aux_detector_raw,406,1.0,0.9999923566585691
question_D_hier90_linear10_two_phase_200k_seed82_13749499__checkpoint_300000,question_D_hier90_linear10_two_phase_200k_seed82_13749499,300000,0.7541499137878418,4,3,quest,matrix_aux_detector_raw,406,1.0,0.999999415404691
question_D_hier90_linear10_two_phase_200k_seed82_13749499__checkpoint_300000,question_D_hier90_linear10_two_phase_200k_seed82_13749499,300000,0.7541499137878418,4,4,quest,matrix_aux_detector_raw,406,1.0,0.9999999721062007
question_D_hier90_linear10_two_phase_200k_seed82_13749499__checkpoint_300000,question_D_hier90_linear10_two_phase_200k_seed82_13749499,300000,0.7541499137878418,4,5,quest,matrix_aux_detector_raw,406,0.007389162561576354,0.016588549033062505
question_D_hier90_linear10_two_phase_200k_seed82_13749499__checkpoint_300000,question_D_hier90_linear10_two_phase_200k_seed82_13749499,300000,0.7541499137878418,4,6,quest,matrix_aux_detector_raw,406,0.007389162561576354,0.009837265241236558
question_D_hier90_linear10_two_phase_200k_seed82_13749499__checkpoint_300000,question_D_hier90_linear10_two_phase_200k_seed82_13749499,300000,0.7541499137878418,4,7,quest,matrix_aux_detector_raw,406,0.0,1.2922683406362697e-19
question_D_hier90_linear10_two_phase_200k_seed82_13749499__checkpoint_300000,question_D_hier90_linear10_two_phase_200k_seed82_13749499,300000,0.7541499137878418,5,0,quest,matrix_aux_detector_raw,406,0.07389162561576355,0.06949294598782309
question_D_hier90_linear10_two_phase_200k_seed82_13749499__checkpoint_300000,question_D_hier90_linear10_two_phase_200k_seed82_13749499,300000,0.7541499137878418,5,1,quest,matrix_aux_detector_raw,406,0.0,7.512418899310144e-05
question_D_hier90_linear10_two_phase_200k_seed82_13749499__checkpoint_300000,question_D_hier90_linear10_two_phase_200k_seed82_13749499,300000,0.7541499137878418,5,2,quest,matrix_aux_detector_raw,406,0.0,0.0005308022538618398
question_D_hier90_linear10_two_phase_200k_seed82_13749499__checkpoint_300000,question_D_hier90_linear10_two_phase_200k_seed82_13749499,300000,0.7541499137878418,5,3,quest,matrix_aux_detector_raw,406,0.0,2.499023496924509e-07
question_D_hier90_linear10_two_phase_200k_seed82_13749499__checkpoint_300000,question_D_hier90_linear10_two_phase_200k_seed82_13749499,300000,0.7541499137878418,5,4,quest,matrix_aux_detector_raw,406,0.0,3.144376450093967e-08
question_D_hier90_linear10_two_phase_200k_seed82_13749499__checkpoint_300000,question_D_hier90_linear10_two_phase_200k_seed82_13749499,300000,0.7541499137878418,5,5,quest,matrix_aux_detector_raw,406,0.0,0.0014433328068015404
question_D_hier90_linear10_two_phase_200k_seed82_13749499__checkpoint_300000,question_D_hier90_linear10_two_phase_200k_seed82_13749499,300000,0.7541499137878418,5,6,quest,matrix_aux_detector_raw,406,0.0,0.00031882919066533006
question_D_hier90_linear10_two_phase_200k_seed82_13749499__checkpoint_300000,question_D_hier90_linear10_two_phase_200k_seed82_13749499,300000,0.7541499137878418,5,7,quest,matrix_aux_detector_raw,406,0.0,2.2870115832759897e-05
question_D_hier90_linear10_two_phase_200k_seed83_13750234__checkpoint_300000,question_D_hier90_linear10_two_phase_200k_seed83_13750234,300000,0.628186821937561,0,0,quest,matrix_aux_detector_raw,406,0.7438423645320197,0.7218637594205578
question_D_hier90_linear10_two_phase_200k_seed83_13750234__checkpoint_300000,question_D_hier90_linear10_two_phase_200k_seed83_13750234,300000,0.628186821937561,0,1,quest,matrix_aux_detector_raw,406,0.0,1.1890781560119643e-22
question_D_hier90_linear10_two_phase_200k_seed83_13750234__checkpoint_300000,question_D_hier90_linear10_two_phase_200k_seed83_13750234,300000,0.628186821937561,0,2,quest,matrix_aux_detector_raw,406,0.4605911330049261,0.4409937010572183
question_D_hier90_linear10_two_phase_200k_seed83_13750234__checkpoint_300000,question_D_hier90_linear10_two_phase_200k_seed83_13750234,300000,0.628186821937561,0,3,quest,matrix_aux_detector_raw,406,0.0,0.00010694961130561711
question_D_hier90_linear10_two_phase_200k_seed83_13750234__checkpoint_300000,question_D_hier90_linear10_two_phase_200k_seed83_13750234,300000,0.628186821937561,0,4,quest,matrix_aux_detector_raw,406,0.0,1.9958305994320852e-11
question_D_hier90_linear10_two_phase_200k_seed83_13750234__checkpoint_300000,question_D_hier90_linear10_two_phase_200k_seed83_13750234,300000,0.628186821937561,0,5,quest,matrix_aux_detector_raw,406,0.0,1.160111790574594e-18
question_D_hier90_linear10_two_phase_200k_seed83_13750234__checkpoint_300000,question_D_hier90_linear10_two_phase_200k_seed83_13750234,300000,0.628186821937561,0,6,quest,matrix_aux_detector_raw,406,0.0,7.67256559702203e-29
question_D_hier90_linear10_two_phase_200k_seed83_13750234__checkpoint_300000,question_D_hier90_linear10_two_phase_200k_seed83_13750234,300000,0.628186821937561,0,7,quest,matrix_aux_detector_raw,406,0.0,2.0916990417375342e-23
question_D_hier90_linear10_two_phase_200k_seed83_13750234__checkpoint_300000,question_D_hier90_linear10_two_phase_200k_seed83_13750234,300000,0.628186821937561,1,0,quest,matrix_aux_detector_raw,406,0.0,6.921029172423748e-10
question_D_hier90_linear10_two_phase_200k_seed83_13750234__checkpoint_300000,question_D_hier90_linear10_two_phase_200k_seed83_13750234,300000,0.628186821937561,1,1,quest,matrix_aux_detector_raw,406,0.0,6.899392935287272e-12
question_D_hier90_linear10_two_phase_200k_seed83_13750234__checkpoint_300000,question_D_hier90_linear10_two_phase_200k_seed83_13750234,300000,0.628186821937561,1,2,quest,matrix_aux_detector_raw,406,0.0,8.119170865951859e-13
question_D_hier90_linear10_two_phase_200k_seed83_13750234__checkpoint_300000,question_D_hier90_linear10_two_phase_200k_seed83_13750234,300000,0.628186821937561,1,3,quest,matrix_aux_detector_raw,406,0.0,0.00017777977357857309
question_D_hier90_linear10_two_phase_200k_seed83_13750234__checkpoint_300000,question_D_hier90_linear10_two_phase_200k_seed83_13750234,300000,0.628186821937561,1,4,quest,matrix_aux_detector_raw,406,0.9950738916256158,0.9475698482997605
question_D_hier90_linear10_two_phase_200k_seed83_13750234__checkpoint_300000,question_D_hier90_linear10_two_phase_200k_seed83_13750234,300000,0.628186821937561,1,5,quest,matrix_aux_detector_raw,406,0.0,4.909977728982792e-05
question_D_hier90_linear10_two_phase_200k_seed83_13750234__checkpoint_300000,question_D_hier90_linear10_two_phase_200k_seed83_13750234,300000,0.628186821937561,1,6,quest,matrix_aux_detector_raw,406,0.0,1.2987752114754101e-15
question_D_hier90_linear10_two_phase_200k_seed83_13750234__checkpoint_300000,question_D_hier90_linear10_two_phase_200k_seed83_13750234,300000,0.628186821937561,1,7,quest,matrix_aux_detector_raw,406,0.0,0.0022442858638889863
question_D_hier90_linear10_two_phase_200k_seed83_13750234__checkpoint_300000,question_D_hier90_linear10_two_phase_200k_seed83_13750234,300000,0.628186821937561,2,0,quest,matrix_aux_detector_raw,406,0.0,7.571934805088885e-07
question_D_hier90_linear10_two_phase_200k_seed83_13750234__checkpoint_300000,question_D_hier90_linear10_two_phase_200k_seed83_13750234,300000,0.628186821937561,2,1,quest,matrix_aux_detector_raw,406,0.0024630541871921183,0.007083353644278078
question_D_hier90_linear10_two_phase_200k_seed83_13750234__checkpoint_300000,question_D_hier90_linear10_two_phase_200k_seed83_13750234,300000,0.628186821937561,2,2,quest,matrix_aux_detector_raw,406,0.0,2.4319346234982664e-11
question_D_hier90_linear10_two_phase_200k_seed83_13750234__checkpoint_300000,question_D_hier90_linear10_two_phase_200k_seed83_13750234,300000,0.628186821937561,2,3,quest,matrix_aux_detector_raw,406,0.0,1.5584812030093732e-05
question_D_hier90_linear10_two_phase_200k_seed83_13750234__checkpoint_300000,question_D_hier90_linear10_two_phase_200k_seed83_13750234,300000,0.628186821937561,2,4,quest,matrix_aux_detector_raw,406,0.0,0.00014049576992269288
question_D_hier90_linear10_two_phase_200k_seed83_13750234__checkpoint_300000,question_D_hier90_linear10_two_phase_200k_seed83_13750234,300000,0.628186821937561,2,5,quest,matrix_aux_detector_raw,406,0.11576354679802955,0.07348372738672006
question_D_hier90_linear10_two_phase_200k_seed83_13750234__checkpoint_300000,question_D_hier90_linear10_two_phase_200k_seed83_13750234,300000,0.628186821937561,2,6,quest,matrix_aux_detector_raw,406,0.0,0.00016442254335939318
question_D_hier90_linear10_two_phase_200k_seed83_13750234__checkpoint_300000,question_D_hier90_linear10_two_phase_200k_seed83_13750234,300000,0.628186821937561,2,7,quest,matrix_aux_detector_raw,406,0.9975369458128078,0.9860724615199226
question_D_hier90_linear10_two_phase_200k_seed83_13750234__checkpoint_300000,question_D_hier90_linear10_two_phase_200k_seed83_13750234,300000,0.628186821937561,3,0,quest,matrix_aux_detector_raw,406,0.0,3.6100954134871943e-09
question_D_hier90_linear10_two_phase_200k_seed83_13750234__checkpoint_300000,question_D_hier90_linear10_two_phase_200k_seed83_13750234,300000,0.628186821937561,3,1,quest,matrix_aux_detector_raw,406,0.9679802955665024,0.859780482147256
question_D_hier90_linear10_two_phase_200k_seed83_13750234__checkpoint_300000,question_D_hier90_linear10_two_phase_200k_seed83_13750234,300000,0.628186821937561,3,2,quest,matrix_aux_detector_raw,406,0.0,0.00010075688059057704
question_D_hier90_linear10_two_phase_200k_seed83_13750234__checkpoint_300000,question_D_hier90_linear10_two_phase_200k_seed83_13750234,300000,0.628186821937561,3,3,quest,matrix_aux_detector_raw,406,0.0,7.963661567050887e-06
question_D_hier90_linear10_two_phase_200k_seed83_13750234__checkpoint_300000,question_D_hier90_linear10_two_phase_200k_seed83_13750234,300000,0.628186821937561,3,4,quest,matrix_aux_detector_raw,406,1.0,0.9993323294693613
question_D_hier90_linear10_two_phase_200k_seed83_13750234__checkpoint_300000,question_D_hier90_linear10_two_phase_200k_seed83_13750234,300000,0.628186821937561,3,5,quest,matrix_aux_detector_raw,406,1.0,0.9924325408606693
question_D_hier90_linear10_two_phase_200k_seed83_13750234__checkpoint_300000,question_D_hier90_linear10_two_phase_200k_seed83_13750234,300000,0.628186821937561,3,6,quest,matrix_aux_detector_raw,406,0.046798029556650245,0.02713898954270247
question_D_hier90_linear10_two_phase_200k_seed83_13750234__checkpoint_300000,question_D_hier90_linear10_two_phase_200k_seed83_13750234,300000,0.628186821937561,3,7,quest,matrix_aux_detector_raw,406,0.0,1.995349916322104e-09
question_D_hier90_linear10_two_phase_200k_seed83_13750234__checkpoint_300000,question_D_hier90_linear10_two_phase_200k_seed83_13750234,300000,0.628186821937561,4,0,quest,matrix_aux_detector_raw,406,0.0,2.4142902569628816e-07
question_D_hier90_linear10_two_phase_200k_seed83_13750234__checkpoint_300000,question_D_hier90_linear10_two_phase_200k_seed83_13750234,300000,0.628186821937561,4,1,quest,matrix_aux_detector_raw,406,1.0,0.9999995305033152
question_D_hier90_linear10_two_phase_200k_seed83_13750234__checkpoint_300000,question_D_hier90_linear10_two_phase_200k_seed83_13750234,300000,0.628186821937561,4,2,quest,matrix_aux_detector_raw,406,0.0,3.2427752245026495e-15
question_D_hier90_linear10_two_phase_200k_seed83_13750234__checkpoint_300000,question_D_hier90_linear10_two_phase_200k_seed83_13750234,300000,0.628186821937561,4,3,quest,matrix_aux_detector_raw,406,0.0,1.2638528656301525e-14
question_D_hier90_linear10_two_phase_200k_seed83_13750234__checkpoint_300000,question_D_hier90_linear10_two_phase_200k_seed83_13750234,300000,0.628186821937561,4,4,quest,matrix_aux_detector_raw,406,0.9556650246305419,0.9400786500227606
question_D_hier90_linear10_two_phase_200k_seed83_13750234__checkpoint_300000,question_D_hier90_linear10_two_phase_200k_seed83_13750234,300000,0.628186821937561,4,5,quest,matrix_aux_detector_raw,406,1.0,0.9999560552277589
question_D_hier90_linear10_two_phase_200k_seed83_13750234__checkpoint_300000,question_D_hier90_linear10_two_phase_200k_seed83_13750234,300000,0.628186821937561,4,6,quest,matrix_aux_detector_raw,406,0.0,4.452354561171709e-13
question_D_hier90_linear10_two_phase_200k_seed83_13750234__checkpoint_300000,question_D_hier90_linear10_two_phase_200k_seed83_13750234,300000,0.628186821937561,4,7,quest,matrix_aux_detector_raw,406,1.0,0.9999539696524296
question_D_hier90_linear10_two_phase_200k_seed83_13750234__checkpoint_300000,question_D_hier90_linear10_two_phase_200k_seed83_13750234,300000,0.628186821937561,5,0,quest,matrix_aux_detector_raw,406,0.007389162561576354,0.006356035114715504
question_D_hier90_linear10_two_phase_200k_seed83_13750234__checkpoint_300000,question_D_hier90_linear10_two_phase_200k_seed83_13750234,300000,0.628186821937561,5,1,quest,matrix_aux_detector_raw,406,0.0,7.16773037769349e-07
question_D_hier90_linear10_two_phase_200k_seed83_13750234__checkpoint_300000,question_D_hier90_linear10_two_phase_200k_seed83_13750234,300000,0.628186821937561,5,2,quest,matrix_aux_detector_raw,406,0.8201970443349754,0.7640427431797971
question_D_hier90_linear10_two_phase_200k_seed83_13750234__checkpoint_300000,question_D_hier90_linear10_two_phase_200k_seed83_13750234,300000,0.628186821937561,5,3,quest,matrix_aux_detector_raw,406,0.0,0.00016231716234894143
question_D_hier90_linear10_two_phase_200k_seed83_13750234__checkpoint_300000,question_D_hier90_linear10_two_phase_200k_seed83_13750234,300000,0.628186821937561,5,4,quest,matrix_aux_detector_raw,406,0.22660098522167488,0.20686958847756243
question_D_hier90_linear10_two_phase_200k_seed83_13750234__checkpoint_300000,question_D_hier90_linear10_two_phase_200k_seed83_13750234,300000,0.628186821937561,5,5,quest,matrix_aux_detector_raw,406,0.0,1.0581836349849833e-05
question_D_hier90_linear10_two_phase_200k_seed83_13750234__checkpoint_300000,question_D_hier90_linear10_two_phase_200k_seed83_13750234,300000,0.628186821937561,5,6,quest,matrix_aux_detector_raw,406,1.0,0.9870330639220224
question_D_hier90_linear10_two_phase_200k_seed83_13750234__checkpoint_300000,question_D_hier90_linear10_two_phase_200k_seed83_13750234,300000,0.628186821937561,5,7,quest,matrix_aux_detector_raw,406,0.0,2.5252345168595803e-06
question_D_hier90_linear10_two_phase_200k_seed84_13750317__checkpoint_300000,question_D_hier90_linear10_two_phase_200k_seed84_13750317,300000,0.5754348039627075,0,0,quest,matrix_aux_detector_raw,406,0.0,2.678935497616872e-38
question_D_hier90_linear10_two_phase_200k_seed84_13750317__checkpoint_300000,question_D_hier90_linear10_two_phase_200k_seed84_13750317,300000,0.5754348039627075,0,1,quest,matrix_aux_detector_raw,406,0.0,2.0989795638012516e-27
question_D_hier90_linear10_two_phase_200k_seed84_13750317__checkpoint_300000,question_D_hier90_linear10_two_phase_200k_seed84_13750317,300000,0.5754348039627075,0,2,quest,matrix_aux_detector_raw,406,0.0,1.5389004999281538e-17
question_D_hier90_linear10_two_phase_200k_seed84_13750317__checkpoint_300000,question_D_hier90_linear10_two_phase_200k_seed84_13750317,300000,0.5754348039627075,0,3,quest,matrix_aux_detector_raw,406,0.0,4.1853097194845056e-39
question_D_hier90_linear10_two_phase_200k_seed84_13750317__checkpoint_300000,question_D_hier90_linear10_two_phase_200k_seed84_13750317,300000,0.5754348039627075,0,4,quest,matrix_aux_detector_raw,406,0.0,1.8179909134018381e-06
question_D_hier90_linear10_two_phase_200k_seed84_13750317__checkpoint_300000,question_D_hier90_linear10_two_phase_200k_seed84_13750317,300000,0.5754348039627075,0,5,quest,matrix_aux_detector_raw,406,0.47783251231527096,0.47735760904954094
question_D_hier90_linear10_two_phase_200k_seed84_13750317__checkpoint_300000,question_D_hier90_linear10_two_phase_200k_seed84_13750317,300000,0.5754348039627075,0,6,quest,matrix_aux_detector_raw,406,0.4088669950738916,0.4085396742861657
question_D_hier90_linear10_two_phase_200k_seed84_13750317__checkpoint_300000,question_D_hier90_linear10_two_phase_200k_seed84_13750317,300000,0.5754348039627075,0,7,quest,matrix_aux_detector_raw,406,0.0,4.508078044682397e-07
question_D_hier90_linear10_two_phase_200k_seed84_13750317__checkpoint_300000,question_D_hier90_linear10_two_phase_200k_seed84_13750317,300000,0.5754348039627075,1,0,quest,matrix_aux_detector_raw,406,0.28078817733990147,0.26047637362161724
question_D_hier90_linear10_two_phase_200k_seed84_13750317__checkpoint_300000,question_D_hier90_linear10_two_phase_200k_seed84_13750317,300000,0.5754348039627075,1,1,quest,matrix_aux_detector_raw,406,0.603448275862069,0.5242504071637197
question_D_hier90_linear10_two_phase_200k_seed84_13750317__checkpoint_300000,question_D_hier90_linear10_two_phase_200k_seed84_13750317,300000,0.5754348039627075,1,2,quest,matrix_aux_detector_raw,406,0.1896551724137931,0.09191673940921166
question_D_hier90_linear10_two_phase_200k_seed84_13750317__checkpoint_300000,question_D_hier90_linear10_two_phase_200k_seed84_13750317,300000,0.5754348039627075,1,3,quest,matrix_aux_detector_raw,406,0.0,5.461062580115653e-07
question_D_hier90_linear10_two_phase_200k_seed84_13750317__checkpoint_300000,question_D_hier90_linear10_two_phase_200k_seed84_13750317,300000,0.5754348039627075,1,4,quest,matrix_aux_detector_raw,406,0.0,2.4660791484947885e-11
question_D_hier90_linear10_two_phase_200k_seed84_13750317__checkpoint_300000,question_D_hier90_linear10_two_phase_200k_seed84_13750317,300000,0.5754348039627075,1,5,quest,matrix_aux_detector_raw,406,0.0,7.214509854534978e-12
question_D_hier90_linear10_two_phase_200k_seed84_13750317__checkpoint_300000,question_D_hier90_linear10_two_phase_200k_seed84_13750317,300000,0.5754348039627075,1,6,quest,matrix_aux_detector_raw,406,0.9679802955665024,0.9054825944651671
question_D_hier90_linear10_two_phase_200k_seed84_13750317__checkpoint_300000,question_D_hier90_linear10_two_phase_200k_seed84_13750317,300000,0.5754348039627075,1,7,quest,matrix_aux_detector_raw,406,0.3078817733990148,0.26583412910691345
question_D_hier90_linear10_two_phase_200k_seed84_13750317__checkpoint_300000,question_D_hier90_linear10_two_phase_200k_seed84_13750317,300000,0.5754348039627075,2,0,quest,matrix_aux_detector_raw,406,0.0,3.2838475835954796e-15
question_D_hier90_linear10_two_phase_200k_seed84_13750317__checkpoint_300000,question_D_hier90_linear10_two_phase_200k_seed84_13750317,300000,0.5754348039627075,2,1,quest,matrix_aux_detector_raw,406,0.0,0.0024982874058369006
question_D_hier90_linear10_two_phase_200k_seed84_13750317__checkpoint_300000,question_D_hier90_linear10_two_phase_200k_seed84_13750317,300000,0.5754348039627075,2,2,quest,matrix_aux_detector_raw,406,0.9187192118226601,0.8486964218978054
question_D_hier90_linear10_two_phase_200k_seed84_13750317__checkpoint_300000,question_D_hier90_linear10_two_phase_200k_seed84_13750317,300000,0.5754348039627075,2,3,quest,matrix_aux_detector_raw,406,0.8596059113300493,0.7852200375279691
question_D_hier90_linear10_two_phase_200k_seed84_13750317__checkpoint_300000,question_D_hier90_linear10_two_phase_200k_seed84_13750317,300000,0.5754348039627075,2,4,quest,matrix_aux_detector_raw,406,0.6748768472906403,0.448811817936613
question_D_hier90_linear10_two_phase_200k_seed84_13750317__checkpoint_300000,question_D_hier90_linear10_two_phase_200k_seed84_13750317,300000,0.5754348039627075,2,5,quest,matrix_aux_detector_raw,406,0.0,1.4760644347395452e-06
question_D_hier90_linear10_two_phase_200k_seed84_13750317__checkpoint_300000,question_D_hier90_linear10_two_phase_200k_seed84_13750317,300000,0.5754348039627075,2,6,quest,matrix_aux_detector_raw,406,0.11576354679802955,0.07542034218441289
question_D_hier90_linear10_two_phase_200k_seed84_13750317__checkpoint_300000,question_D_hier90_linear10_two_phase_200k_seed84_13750317,300000,0.5754348039627075,2,7,quest,matrix_aux_detector_raw,406,0.0,4.960271229260905e-08
question_D_hier90_linear10_two_phase_200k_seed84_13750317__checkpoint_300000,question_D_hier90_linear10_two_phase_200k_seed84_13750317,300000,0.5754348039627075,3,0,quest,matrix_aux_detector_raw,406,0.0,1.8907649108446407e-12
question_D_hier90_linear10_two_phase_200k_seed84_13750317__checkpoint_300000,question_D_hier90_linear10_two_phase_200k_seed84_13750317,300000,0.5754348039627075,3,1,quest,matrix_aux_detector_raw,406,0.0,4.783084195948784e-06
question_D_hier90_linear10_two_phase_200k_seed84_13750317__checkpoint_300000,question_D_hier90_linear10_two_phase_200k_seed84_13750317,300000,0.5754348039627075,3,2,quest,matrix_aux_detector_raw,406,0.0,5.9810445621607355e-05
question_D_hier90_linear10_two_phase_200k_seed84_13750317__checkpoint_300000,question_D_hier90_linear10_two_phase_200k_seed84_13750317,300000,0.5754348039627075,3,3,quest,matrix_aux_detector_raw,406,0.9926108374384236,0.9635348867423135
question_D_hier90_linear10_two_phase_200k_seed84_13750317__checkpoint_300000,question_D_hier90_linear10_two_phase_200k_seed84_13750317,300000,0.5754348039627075,3,4,quest,matrix_aux_detector_raw,406,1.0,0.9994897224339359
question_D_hier90_linear10_two_phase_200k_seed84_13750317__checkpoint_300000,question_D_hier90_linear10_two_phase_200k_seed84_13750317,300000,0.5754348039627075,3,5,quest,matrix_aux_detector_raw,406,0.0,6.575013894914682e-07
question_D_hier90_linear10_two_phase_200k_seed84_13750317__checkpoint_300000,question_D_hier90_linear10_two_phase_200k_seed84_13750317,300000,0.5754348039627075,3,6,quest,matrix_aux_detector_raw,406,0.5049261083743842,0.41111454133753345
question_D_hier90_linear10_two_phase_200k_seed84_13750317__checkpoint_300000,question_D_hier90_linear10_two_phase_200k_seed84_13750317,300000,0.5754348039627075,3,7,quest,matrix_aux_detector_raw,406,1.0,0.9997328076456568
question_D_hier90_linear10_two_phase_200k_seed84_13750317__checkpoint_300000,question_D_hier90_linear10_two_phase_200k_seed84_13750317,300000,0.5754348039627075,4,0,quest,matrix_aux_detector_raw,406,1.0,0.9999999650593462
question_D_hier90_linear10_two_phase_200k_seed84_13750317__checkpoint_300000,question_D_hier90_linear10_two_phase_200k_seed84_13750317,300000,0.5754348039627075,4,1,quest,matrix_aux_detector_raw,406,1.0,0.9996700373482822
question_D_hier90_linear10_two_phase_200k_seed84_13750317__checkpoint_300000,question_D_hier90_linear10_two_phase_200k_seed84_13750317,300000,0.5754348039627075,4,2,quest,matrix_aux_detector_raw,406,0.2438423645320197,0.17331161025489303
question_D_hier90_linear10_two_phase_200k_seed84_13750317__checkpoint_300000,question_D_hier90_linear10_two_phase_200k_seed84_13750317,300000,0.5754348039627075,4,3,quest,matrix_aux_detector_raw,406,1.0,0.9999999911914318
question_D_hier90_linear10_two_phase_200k_seed84_13750317__checkpoint_300000,question_D_hier90_linear10_two_phase_200k_seed84_13750317,300000,0.5754348039627075,4,4,quest,matrix_aux_detector_raw,406,0.0,3.1506442054355773e-15
question_D_hier90_linear10_two_phase_200k_seed84_13750317__checkpoint_300000,question_D_hier90_linear10_two_phase_200k_seed84_13750317,300000,0.5754348039627075,4,5,quest,matrix_aux_detector_raw,406,0.16009852216748768,0.08436323061026342
question_D_hier90_linear10_two_phase_200k_seed84_13750317__checkpoint_300000,question_D_hier90_linear10_two_phase_200k_seed84_13750317,300000,0.5754348039627075,4,6,quest,matrix_aux_detector_raw,406,0.0,1.607619874801079e-08
question_D_hier90_linear10_two_phase_200k_seed84_13750317__checkpoint_300000,question_D_hier90_linear10_two_phase_200k_seed84_13750317,300000,0.5754348039627075,4,7,quest,matrix_aux_detector_raw,406,1.0,0.9999999982382863
question_D_hier90_linear10_two_phase_200k_seed84_13750317__checkpoint_300000,question_D_hier90_linear10_two_phase_200k_seed84_13750317,300000,0.5754348039627075,5,0,quest,matrix_aux_detector_raw,406,0.3251231527093596,0.25298402586945606
question_D_hier90_linear10_two_phase_200k_seed84_13750317__checkpoint_300000,question_D_hier90_linear10_two_phase_200k_seed84_13750317,300000,0.5754348039627075,5,1,quest,matrix_aux_detector_raw,406,0.06896551724137931,0.04583861537730329
question_D_hier90_linear10_two_phase_200k_seed84_13750317__checkpoint_300000,question_D_hier90_linear10_two_phase_200k_seed84_13750317,300000,0.5754348039627075,5,2,quest,matrix_aux_detector_raw,406,0.0,1.784599098293301e-07
question_D_hier90_linear10_two_phase_200k_seed84_13750317__checkpoint_300000,question_D_hier90_linear10_two_phase_200k_seed84_13750317,300000,0.5754348039627075,5,3,quest,matrix_aux_detector_raw,406,0.0,0.0007484152541718194
question_D_hier90_linear10_two_phase_200k_seed84_13750317__checkpoint_300000,question_D_hier90_linear10_two_phase_200k_seed84_13750317,300000,0.5754348039627075,5,4,quest,matrix_aux_detector_raw,406,0.04926108374384237,0.03153032556452565
question_D_hier90_linear10_two_phase_200k_seed84_13750317__checkpoint_300000,question_D_hier90_linear10_two_phase_200k_seed84_13750317,300000,0.5754348039627075,5,5,quest,matrix_aux_detector_raw,406,0.0,9.178250357551645e-07
question_D_hier90_linear10_two_phase_200k_seed84_13750317__checkpoint_300000,question_D_hier90_linear10_two_phase_200k_seed84_13750317,300000,0.5754348039627075,5,6,quest,matrix_aux_detector_raw,406,0.0,8.895727080983233e-07
question_D_hier90_linear10_two_phase_200k_seed84_13750317__checkpoint_300000,question_D_hier90_linear10_two_phase_200k_seed84_13750317,300000,0.5754348039627075,5,7,quest,matrix_aux_detector_raw,406,0.0,0.0024773117858397837
question_D_hier90_linear10_two_phase_200k_seed85_13750997__checkpoint_300000,question_D_hier90_linear10_two_phase_200k_seed85_13750997,300000,0.6520312428474426,0,0,quest,matrix_aux_detector_raw,406,0.39408866995073893,0.39443563996674735
question_D_hier90_linear10_two_phase_200k_seed85_13750997__checkpoint_300000,question_D_hier90_linear10_two_phase_200k_seed85_13750997,300000,0.6520312428474426,0,1,quest,matrix_aux_detector_raw,406,0.0,2.2012247463902042e-20
question_D_hier90_linear10_two_phase_200k_seed85_13750997__checkpoint_300000,question_D_hier90_linear10_two_phase_200k_seed85_13750997,300000,0.6520312428474426,0,2,quest,matrix_aux_detector_raw,406,0.0,1.4922962053758462e-26
question_D_hier90_linear10_two_phase_200k_seed85_13750997__checkpoint_300000,question_D_hier90_linear10_two_phase_200k_seed85_13750997,300000,0.6520312428474426,0,3,quest,matrix_aux_detector_raw,406,0.4876847290640394,0.48787593166466936
question_D_hier90_linear10_two_phase_200k_seed85_13750997__checkpoint_300000,question_D_hier90_linear10_two_phase_200k_seed85_13750997,300000,0.6520312428474426,0,4,quest,matrix_aux_detector_raw,406,0.0,5.655861406974448e-35
question_D_hier90_linear10_two_phase_200k_seed85_13750997__checkpoint_300000,question_D_hier90_linear10_two_phase_200k_seed85_13750997,300000,0.6520312428474426,0,5,quest,matrix_aux_detector_raw,406,0.0,5.555654446305742e-15
question_D_hier90_linear10_two_phase_200k_seed85_13750997__checkpoint_300000,question_D_hier90_linear10_two_phase_200k_seed85_13750997,300000,0.6520312428474426,0,6,quest,matrix_aux_detector_raw,406,0.07142857142857142,0.0623924565366243
question_D_hier90_linear10_two_phase_200k_seed85_13750997__checkpoint_300000,question_D_hier90_linear10_two_phase_200k_seed85_13750997,300000,0.6520312428474426,0,7,quest,matrix_aux_detector_raw,406,0.33251231527093594,0.28741223565254975
question_D_hier90_linear10_two_phase_200k_seed85_13750997__checkpoint_300000,question_D_hier90_linear10_two_phase_200k_seed85_13750997,300000,0.6520312428474426,1,0,quest,matrix_aux_detector_raw,406,0.0,5.039798196459909e-10
question_D_hier90_linear10_two_phase_200k_seed85_13750997__checkpoint_300000,question_D_hier90_linear10_two_phase_200k_seed85_13750997,300000,0.6520312428474426,1,1,quest,matrix_aux_detector_raw,406,0.0,2.8171758357750034e-08
question_D_hier90_linear10_two_phase_200k_seed85_13750997__checkpoint_300000,question_D_hier90_linear10_two_phase_200k_seed85_13750997,300000,0.6520312428474426,1,2,quest,matrix_aux_detector_raw,406,0.2832512315270936,0.1657355686397196
question_D_hier90_linear10_two_phase_200k_seed85_13750997__checkpoint_300000,question_D_hier90_linear10_two_phase_200k_seed85_13750997,300000,0.6520312428474426,1,3,quest,matrix_aux_detector_raw,406,0.9334975369458128,0.9254821773167637
question_D_hier90_linear10_two_phase_200k_seed85_13750997__checkpoint_300000,question_D_hier90_linear10_two_phase_200k_seed85_13750997,300000,0.6520312428474426,1,4,quest,matrix_aux_detector_raw,406,0.0,5.884301565608069e-08
question_D_hier90_linear10_two_phase_200k_seed85_13750997__checkpoint_300000,question_D_hier90_linear10_two_phase_200k_seed85_13750997,300000,0.6520312428474426,1,5,quest,matrix_aux_detector_raw,406,0.08374384236453201,0.044812405281323686
question_D_hier90_linear10_two_phase_200k_seed85_13750997__checkpoint_300000,question_D_hier90_linear10_two_phase_200k_seed85_13750997,300000,0.6520312428474426,1,6,quest,matrix_aux_detector_raw,406,0.0,2.3684612020222274e-05
question_D_hier90_linear10_two_phase_200k_seed85_13750997__checkpoint_300000,question_D_hier90_linear10_two_phase_200k_seed85_13750997,300000,0.6520312428474426,1,7,quest,matrix_aux_detector_raw,406,0.2536945812807882,0.18874351940445583
question_D_hier90_linear10_two_phase_200k_seed85_13750997__checkpoint_300000,question_D_hier90_linear10_two_phase_200k_seed85_13750997,300000,0.6520312428474426,2,0,quest,matrix_aux_detector_raw,406,0.0,2.1349283417572473e-06
question_D_hier90_linear10_two_phase_200k_seed85_13750997__checkpoint_300000,question_D_hier90_linear10_two_phase_200k_seed85_13750997,300000,0.6520312428474426,2,1,quest,matrix_aux_detector_raw,406,0.0,9.639593415536042e-06
question_D_hier90_linear10_two_phase_200k_seed85_13750997__checkpoint_300000,question_D_hier90_linear10_two_phase_200k_seed85_13750997,300000,0.6520312428474426,2,2,quest,matrix_aux_detector_raw,406,0.0,2.0411002514511162e-11
question_D_hier90_linear10_two_phase_200k_seed85_13750997__checkpoint_300000,question_D_hier90_linear10_two_phase_200k_seed85_13750997,300000,0.6520312428474426,2,3,quest,matrix_aux_detector_raw,406,0.5344827586206896,0.4863088931755611
question_D_hier90_linear10_two_phase_200k_seed85_13750997__checkpoint_300000,question_D_hier90_linear10_two_phase_200k_seed85_13750997,300000,0.6520312428474426,2,4,quest,matrix_aux_detector_raw,406,0.027093596059113302,0.017730373246273367
question_D_hier90_linear10_two_phase_200k_seed85_13750997__checkpoint_300000,question_D_hier90_linear10_two_phase_200k_seed85_13750997,300000,0.6520312428474426,2,5,quest,matrix_aux_detector_raw,406,0.0,3.1301531953347545e-05
question_D_hier90_linear10_two_phase_200k_seed85_13750997__checkpoint_300000,question_D_hier90_linear10_two_phase_200k_seed85_13750997,300000,0.6520312428474426,2,6,quest,matrix_aux_detector_raw,406,1.0,0.9984762656864862
question_D_hier90_linear10_two_phase_200k_seed85_13750997__checkpoint_300000,question_D_hier90_linear10_two_phase_200k_seed85_13750997,300000,0.6520312428474426,2,7,quest,matrix_aux_detector_raw,406,0.0,1.3167151706432316e-07
question_D_hier90_linear10_two_phase_200k_seed85_13750997__checkpoint_300000,question_D_hier90_linear10_two_phase_200k_seed85_13750997,300000,0.6520312428474426,3,0,quest,matrix_aux_detector_raw,406,0.5073891625615764,0.4854351209443848
question_D_hier90_linear10_two_phase_200k_seed85_13750997__checkpoint_300000,question_D_hier90_linear10_two_phase_200k_seed85_13750997,300000,0.6520312428474426,3,1,quest,matrix_aux_detector_raw,406,0.0,0.00014771050087158518
question_D_hier90_linear10_two_phase_200k_seed85_13750997__checkpoint_300000,question_D_hier90_linear10_two_phase_200k_seed85_13750997,300000,0.6520312428474426,3,2,quest,matrix_aux_detector_raw,406,0.0665024630541872,0.04475168808931367
question_D_hier90_linear10_two_phase_200k_seed85_13750997__checkpoint_300000,question_D_hier90_linear10_two_phase_200k_seed85_13750997,300000,0.6520312428474426,3,3,quest,matrix_aux_detector_raw,406,1.0,0.9928432838082901
question_D_hier90_linear10_two_phase_200k_seed85_13750997__checkpoint_300000,question_D_hier90_linear10_two_phase_200k_seed85_13750997,300000,0.6520312428474426,3,4,quest,matrix_aux_detector_raw,406,0.0,4.4123546793679536e-06
question_D_hier90_linear10_two_phase_200k_seed85_13750997__checkpoint_300000,question_D_hier90_linear10_two_phase_200k_seed85_13750997,300000,0.6520312428474426,3,5,quest,matrix_aux_detector_raw,406,0.11083743842364532,0.06836670486846612
question_D_hier90_linear10_two_phase_200k_seed85_13750997__checkpoint_300000,question_D_hier90_linear10_two_phase_200k_seed85_13750997,300000,0.6520312428474426,3,6,quest,matrix_aux_detector_raw,406,0.0,2.703853405104798e-09
question_D_hier90_linear10_two_phase_200k_seed85_13750997__checkpoint_300000,question_D_hier90_linear10_two_phase_200k_seed85_13750997,300000,0.6520312428474426,3,7,quest,matrix_aux_detector_raw,406,1.0,0.9850840385030644
question_D_hier90_linear10_two_phase_200k_seed85_13750997__checkpoint_300000,question_D_hier90_linear10_two_phase_200k_seed85_13750997,300000,0.6520312428474426,4,0,quest,matrix_aux_detector_raw,406,1.0,0.9999999967701917
question_D_hier90_linear10_two_phase_200k_seed85_13750997__checkpoint_300000,question_D_hier90_linear10_two_phase_200k_seed85_13750997,300000,0.6520312428474426,4,1,quest,matrix_aux_detector_raw,406,0.9975369458128078,0.9909586846608246
question_D_hier90_linear10_two_phase_200k_seed85_13750997__checkpoint_300000,question_D_hier90_linear10_two_phase_200k_seed85_13750997,300000,0.6520312428474426,4,2,quest,matrix_aux_detector_raw,406,1.0,0.9999936653181837
question_D_hier90_linear10_two_phase_200k_seed85_13750997__checkpoint_300000,question_D_hier90_linear10_two_phase_200k_seed85_13750997,300000,0.6520312428474426,4,3,quest,matrix_aux_detector_raw,406,1.0,0.9999975934991696
question_D_hier90_linear10_two_phase_200k_seed85_13750997__checkpoint_300000,question_D_hier90_linear10_two_phase_200k_seed85_13750997,300000,0.6520312428474426,4,4,quest,matrix_aux_detector_raw,406,1.0,0.9904736596081645
question_D_hier90_linear10_two_phase_200k_seed85_13750997__checkpoint_300000,question_D_hier90_linear10_two_phase_200k_seed85_13750997,300000,0.6520312428474426,4,5,quest,matrix_aux_detector_raw,406,0.0,3.2734466822599786e-14
question_D_hier90_linear10_two_phase_200k_seed85_13750997__checkpoint_300000,question_D_hier90_linear10_two_phase_200k_seed85_13750997,300000,0.6520312428474426,4,6,quest,matrix_aux_detector_raw,406,0.046798029556650245,0.028395585472935265
question_D_hier90_linear10_two_phase_200k_seed85_13750997__checkpoint_300000,question_D_hier90_linear10_two_phase_200k_seed85_13750997,300000,0.6520312428474426,4,7,quest,matrix_aux_detector_raw,406,0.0,0.0007296207284705621
question_D_hier90_linear10_two_phase_200k_seed85_13750997__checkpoint_300000,question_D_hier90_linear10_two_phase_200k_seed85_13750997,300000,0.6520312428474426,5,0,quest,matrix_aux_detector_raw,406,0.0,1.1792823800616307e-05
question_D_hier90_linear10_two_phase_200k_seed85_13750997__checkpoint_300000,question_D_hier90_linear10_two_phase_200k_seed85_13750997,300000,0.6520312428474426,5,1,quest,matrix_aux_detector_raw,406,0.0,0.00020887132410328017
question_D_hier90_linear10_two_phase_200k_seed85_13750997__checkpoint_300000,question_D_hier90_linear10_two_phase_200k_seed85_13750997,300000,0.6520312428474426,5,2,quest,matrix_aux_detector_raw,406,0.0,3.4447003379075595e-05
question_D_hier90_linear10_two_phase_200k_seed85_13750997__checkpoint_300000,question_D_hier90_linear10_two_phase_200k_seed85_13750997,300000,0.6520312428474426,5,3,quest,matrix_aux_detector_raw,406,0.0,0.000263509292324391
question_D_hier90_linear10_two_phase_200k_seed85_13750997__checkpoint_300000,question_D_hier90_linear10_two_phase_200k_seed85_13750997,300000,0.6520312428474426,5,4,quest,matrix_aux_detector_raw,406,0.0,4.1359811483795336e-05
question_D_hier90_linear10_two_phase_200k_seed85_13750997__checkpoint_300000,question_D_hier90_linear10_two_phase_200k_seed85_13750997,300000,0.6520312428474426,5,5,quest,matrix_aux_detector_raw,406,0.0,0.000503455992496757
question_D_hier90_linear10_two_phase_200k_seed85_13750997__checkpoint_300000,question_D_hier90_linear10_two_phase_200k_seed85_13750997,300000,0.6520312428474426,5,6,quest,matrix_aux_detector_raw,406,0.0,0.0005642901081338651
question_D_hier90_linear10_two_phase_200k_seed85_13750997__checkpoint_300000,question_D_hier90_linear10_two_phase_200k_seed85_13750997,300000,0.6520312428474426,5,7,quest,matrix_aux_detector_raw,406,0.0,0.001555946179229456
question_D_hier90_linear10_two_phase_200k_seed86_13751077__checkpoint_300000,question_D_hier90_linear10_two_phase_200k_seed86_13751077,300000,0.6704302430152893,0,0,quest,matrix_aux_detector_raw,406,0.9261083743842364,0.9229769653344201
question_D_hier90_linear10_two_phase_200k_seed86_13751077__checkpoint_300000,question_D_hier90_linear10_two_phase_200k_seed86_13751077,300000,0.6704302430152893,0,1,quest,matrix_aux_detector_raw,406,0.0,3.650296598898071e-23
question_D_hier90_linear10_two_phase_200k_seed86_13751077__checkpoint_300000,question_D_hier90_linear10_two_phase_200k_seed86_13751077,300000,0.6704302430152893,0,2,quest,matrix_aux_detector_raw,406,0.0,2.7946016030313037e-13
question_D_hier90_linear10_two_phase_200k_seed86_13751077__checkpoint_300000,question_D_hier90_linear10_two_phase_200k_seed86_13751077,300000,0.6704302430152893,0,3,quest,matrix_aux_detector_raw,406,0.0,2.0223920077484406e-29
question_D_hier90_linear10_two_phase_200k_seed86_13751077__checkpoint_300000,question_D_hier90_linear10_two_phase_200k_seed86_13751077,300000,0.6704302430152893,0,4,quest,matrix_aux_detector_raw,406,0.0665024630541872,0.057097513066438156
question_D_hier90_linear10_two_phase_200k_seed86_13751077__checkpoint_300000,question_D_hier90_linear10_two_phase_200k_seed86_13751077,300000,0.6704302430152893,0,5,quest,matrix_aux_detector_raw,406,0.0,2.8896339593702607e-09
question_D_hier90_linear10_two_phase_200k_seed86_13751077__checkpoint_300000,question_D_hier90_linear10_two_phase_200k_seed86_13751077,300000,0.6704302430152893,0,6,quest,matrix_aux_detector_raw,406,0.0,1.7496959524489856e-08
question_D_hier90_linear10_two_phase_200k_seed86_13751077__checkpoint_300000,question_D_hier90_linear10_two_phase_200k_seed86_13751077,300000,0.6704302430152893,0,7,quest,matrix_aux_detector_raw,406,0.0,8.926693490364517e-33
question_D_hier90_linear10_two_phase_200k_seed86_13751077__checkpoint_300000,question_D_hier90_linear10_two_phase_200k_seed86_13751077,300000,0.6704302430152893,1,0,quest,matrix_aux_detector_raw,406,0.0,1.7829558726135316e-05
question_D_hier90_linear10_two_phase_200k_seed86_13751077__checkpoint_300000,question_D_hier90_linear10_two_phase_200k_seed86_13751077,300000,0.6704302430152893,1,1,quest,matrix_aux_detector_raw,406,0.0,0.00016152763094254215
question_D_hier90_linear10_two_phase_200k_seed86_13751077__checkpoint_300000,question_D_hier90_linear10_two_phase_200k_seed86_13751077,300000,0.6704302430152893,1,2,quest,matrix_aux_detector_raw,406,0.0,2.457914000592216e-06
question_D_hier90_linear10_two_phase_200k_seed86_13751077__checkpoint_300000,question_D_hier90_linear10_two_phase_200k_seed86_13751077,300000,0.6704302430152893,1,3,quest,matrix_aux_detector_raw,406,0.0,5.963512322316032e-11
question_D_hier90_linear10_two_phase_200k_seed86_13751077__checkpoint_300000,question_D_hier90_linear10_two_phase_200k_seed86_13751077,300000,0.6704302430152893,1,4,quest,matrix_aux_detector_raw,406,0.0,0.0001540249015774345
question_D_hier90_linear10_two_phase_200k_seed86_13751077__checkpoint_300000,question_D_hier90_linear10_two_phase_200k_seed86_13751077,300000,0.6704302430152893,1,5,quest,matrix_aux_detector_raw,406,0.3103448275862069,0.2877672268624395
question_D_hier90_linear10_two_phase_200k_seed86_13751077__checkpoint_300000,question_D_hier90_linear10_two_phase_200k_seed86_13751077,300000,0.6704302430152893,1,6,quest,matrix_aux_detector_raw,406,0.0,2.0615273027256034e-06
question_D_hier90_linear10_two_phase_200k_seed86_13751077__checkpoint_300000,question_D_hier90_linear10_two_phase_200k_seed86_13751077,300000,0.6704302430152893,1,7,quest,matrix_aux_detector_raw,406,0.3103448275862069,0.224197885038955
question_D_hier90_linear10_two_phase_200k_seed86_13751077__checkpoint_300000,question_D_hier90_linear10_two_phase_200k_seed86_13751077,300000,0.6704302430152893,2,0,quest,matrix_aux_detector_raw,406,0.0,6.976752342278889e-07
question_D_hier90_linear10_two_phase_200k_seed86_13751077__checkpoint_300000,question_D_hier90_linear10_two_phase_200k_seed86_13751077,300000,0.6704302430152893,2,1,quest,matrix_aux_detector_raw,406,0.2684729064039409,0.17075625852675816
question_D_hier90_linear10_two_phase_200k_seed86_13751077__checkpoint_300000,question_D_hier90_linear10_two_phase_200k_seed86_13751077,300000,0.6704302430152893,2,2,quest,matrix_aux_detector_raw,406,1.0,0.9918336383814882
question_D_hier90_linear10_two_phase_200k_seed86_13751077__checkpoint_300000,question_D_hier90_linear10_two_phase_200k_seed86_13751077,300000,0.6704302430152893,2,3,quest,matrix_aux_detector_raw,406,0.0,2.2357607227313248e-07
question_D_hier90_linear10_two_phase_200k_seed86_13751077__checkpoint_300000,question_D_hier90_linear10_two_phase_200k_seed86_13751077,300000,0.6704302430152893,2,4,quest,matrix_aux_detector_raw,406,0.9926108374384236,0.9662908752600254
question_D_hier90_linear10_two_phase_200k_seed86_13751077__checkpoint_300000,question_D_hier90_linear10_two_phase_200k_seed86_13751077,300000,0.6704302430152893,2,5,quest,matrix_aux_detector_raw,406,0.0,4.546806623769499e-06
question_D_hier90_linear10_two_phase_200k_seed86_13751077__checkpoint_300000,question_D_hier90_linear10_two_phase_200k_seed86_13751077,300000,0.6704302430152893,2,6,quest,matrix_aux_detector_raw,406,0.21674876847290642,0.1876320980478967
question_D_hier90_linear10_two_phase_200k_seed86_13751077__checkpoint_300000,question_D_hier90_linear10_two_phase_200k_seed86_13751077,300000,0.6704302430152893,2,7,quest,matrix_aux_detector_raw,406,0.0,5.63881384071653e-05
question_D_hier90_linear10_two_phase_200k_seed86_13751077__checkpoint_300000,question_D_hier90_linear10_two_phase_200k_seed86_13751077,300000,0.6704302430152893,3,0,quest,matrix_aux_detector_raw,406,0.0,1.3662108740459634e-06
question_D_hier90_linear10_two_phase_200k_seed86_13751077__checkpoint_300000,question_D_hier90_linear10_two_phase_200k_seed86_13751077,300000,0.6704302430152893,3,1,quest,matrix_aux_detector_raw,406,1.0,0.9999980756214687
question_D_hier90_linear10_two_phase_200k_seed86_13751077__checkpoint_300000,question_D_hier90_linear10_two_phase_200k_seed86_13751077,300000,0.6704302430152893,3,2,quest,matrix_aux_detector_raw,406,0.0,0.0008028697342086534
question_D_hier90_linear10_two_phase_200k_seed86_13751077__checkpoint_300000,question_D_hier90_linear10_two_phase_200k_seed86_13751077,300000,0.6704302430152893,3,3,quest,matrix_aux_detector_raw,406,0.9975369458128078,0.9943912624395246
question_D_hier90_linear10_two_phase_200k_seed86_13751077__checkpoint_300000,question_D_hier90_linear10_two_phase_200k_seed86_13751077,300000,0.6704302430152893,3,4,quest,matrix_aux_detector_raw,406,0.0,4.67119370253993e-09
question_D_hier90_linear10_two_phase_200k_seed86_13751077__checkpoint_300000,question_D_hier90_linear10_two_phase_200k_seed86_13751077,300000,0.6704302430152893,3,5,quest,matrix_aux_detector_raw,406,0.0,4.0096513169095616e-07
question_D_hier90_linear10_two_phase_200k_seed86_13751077__checkpoint_300000,question_D_hier90_linear10_two_phase_200k_seed86_13751077,300000,0.6704302430152893,3,6,quest,matrix_aux_detector_raw,406,0.9975369458128078,0.9800522786386201
question_D_hier90_linear10_two_phase_200k_seed86_13751077__checkpoint_300000,question_D_hier90_linear10_two_phase_200k_seed86_13751077,300000,0.6704302430152893,3,7,quest,matrix_aux_detector_raw,406,1.0,0.9998816046221503
question_D_hier90_linear10_two_phase_200k_seed86_13751077__checkpoint_300000,question_D_hier90_linear10_two_phase_200k_seed86_13751077,300000,0.6704302430152893,4,0,quest,matrix_aux_detector_raw,406,0.0,5.62526697127321e-14
question_D_hier90_linear10_two_phase_200k_seed86_13751077__checkpoint_300000,question_D_hier90_linear10_two_phase_200k_seed86_13751077,300000,0.6704302430152893,4,1,quest,matrix_aux_detector_raw,406,1.0,0.9999997119598201
question_D_hier90_linear10_two_phase_200k_seed86_13751077__checkpoint_300000,question_D_hier90_linear10_two_phase_200k_seed86_13751077,300000,0.6704302430152893,4,2,quest,matrix_aux_detector_raw,406,0.0,8.440507078934495e-11
question_D_hier90_linear10_two_phase_200k_seed86_13751077__checkpoint_300000,question_D_hier90_linear10_two_phase_200k_seed86_13751077,300000,0.6704302430152893,4,3,quest,matrix_aux_detector_raw,406,1.0,0.9999999997063811
question_D_hier90_linear10_two_phase_200k_seed86_13751077__checkpoint_300000,question_D_hier90_linear10_two_phase_200k_seed86_13751077,300000,0.6704302430152893,4,4,quest,matrix_aux_detector_raw,406,0.30049261083743845,0.23214675842980895
question_D_hier90_linear10_two_phase_200k_seed86_13751077__checkpoint_300000,question_D_hier90_linear10_two_phase_200k_seed86_13751077,300000,0.6704302430152893,4,5,quest,matrix_aux_detector_raw,406,0.0,5.0912969581566166e-12
question_D_hier90_linear10_two_phase_200k_seed86_13751077__checkpoint_300000,question_D_hier90_linear10_two_phase_200k_seed86_13751077,300000,0.6704302430152893,4,6,quest,matrix_aux_detector_raw,406,1.0,0.9987134449000429
question_D_hier90_linear10_two_phase_200k_seed86_13751077__checkpoint_300000,question_D_hier90_linear10_two_phase_200k_seed86_13751077,300000,0.6704302430152893,4,7,quest,matrix_aux_detector_raw,406,1.0,0.9999998349861559
question_D_hier90_linear10_two_phase_200k_seed86_13751077__checkpoint_300000,question_D_hier90_linear10_two_phase_200k_seed86_13751077,300000,0.6704302430152893,5,0,quest,matrix_aux_detector_raw,406,0.027093596059113302,0.01817255875313194
question_D_hier90_linear10_two_phase_200k_seed86_13751077__checkpoint_300000,question_D_hier90_linear10_two_phase_200k_seed86_13751077,300000,0.6704302430152893,5,1,quest,matrix_aux_detector_raw,406,0.027093596059113302,0.021935586873751745
question_D_hier90_linear10_two_phase_200k_seed86_13751077__checkpoint_300000,question_D_hier90_linear10_two_phase_200k_seed86_13751077,300000,0.6704302430152893,5,2,quest,matrix_aux_detector_raw,406,0.729064039408867,0.6551029885909893
question_D_hier90_linear10_two_phase_200k_seed86_13751077__checkpoint_300000,question_D_hier90_linear10_two_phase_200k_seed86_13751077,300000,0.6704302430152893,5,3,quest,matrix_aux_detector_raw,406,0.009852216748768473,0.0076666470007419815
question_D_hier90_linear10_two_phase_200k_seed86_13751077__checkpoint_300000,question_D_hier90_linear10_two_phase_200k_seed86_13751077,300000,0.6704302430152893,5,4,quest,matrix_aux_detector_raw,406,0.0,0.0027946493714275833
question_D_hier90_linear10_two_phase_200k_seed86_13751077__checkpoint_300000,question_D_hier90_linear10_two_phase_200k_seed86_13751077,300000,0.6704302430152893,5,5,quest,matrix_aux_detector_raw,406,0.0,8.577163588183223e-06
question_D_hier90_linear10_two_phase_200k_seed86_13751077__checkpoint_300000,question_D_hier90_linear10_two_phase_200k_seed86_13751077,300000,0.6704302430152893,5,6,quest,matrix_aux_detector_raw,406,0.0,5.1965413509294075e-05
question_D_hier90_linear10_two_phase_200k_seed86_13751077__checkpoint_300000,question_D_hier90_linear10_two_phase_200k_seed86_13751077,300000,0.6704302430152893,5,7,quest,matrix_aux_detector_raw,406,0.03201970443349754,0.021133752633242436
question_D_hier90_linear10_two_phase_200k_seed87_13751362__checkpoint_300000,question_D_hier90_linear10_two_phase_200k_seed87_13751362,300000,0.015959935262799263,0,0,quest,matrix_aux_detector_raw,406,0.0,6.629338804741427e-08
question_D_hier90_linear10_two_phase_200k_seed87_13751362__checkpoint_300000,question_D_hier90_linear10_two_phase_200k_seed87_13751362,300000,0.015959935262799263,0,1,quest,matrix_aux_detector_raw,406,0.0,1.7889345861695037e-36
question_D_hier90_linear10_two_phase_200k_seed87_13751362__checkpoint_300000,question_D_hier90_linear10_two_phase_200k_seed87_13751362,300000,0.015959935262799263,0,2,quest,matrix_aux_detector_raw,406,0.0,2.613604028195381e-17
question_D_hier90_linear10_two_phase_200k_seed87_13751362__checkpoint_300000,question_D_hier90_linear10_two_phase_200k_seed87_13751362,300000,0.015959935262799263,0,3,quest,matrix_aux_detector_raw,406,0.0,2.351129175267865e-16
question_D_hier90_linear10_two_phase_200k_seed87_13751362__checkpoint_300000,question_D_hier90_linear10_two_phase_200k_seed87_13751362,300000,0.015959935262799263,0,4,quest,matrix_aux_detector_raw,406,0.0,1.1745792771443642e-21
question_D_hier90_linear10_two_phase_200k_seed87_13751362__checkpoint_300000,question_D_hier90_linear10_two_phase_200k_seed87_13751362,300000,0.015959935262799263,0,5,quest,matrix_aux_detector_raw,406,0.0,9.323470701243381e-23
question_D_hier90_linear10_two_phase_200k_seed87_13751362__checkpoint_300000,question_D_hier90_linear10_two_phase_200k_seed87_13751362,300000,0.015959935262799263,0,6,quest,matrix_aux_detector_raw,406,0.0,5.209617199044777e-12
question_D_hier90_linear10_two_phase_200k_seed87_13751362__checkpoint_300000,question_D_hier90_linear10_two_phase_200k_seed87_13751362,300000,0.015959935262799263,0,7,quest,matrix_aux_detector_raw,406,0.4433497536945813,0.4434223267255948
question_D_hier90_linear10_two_phase_200k_seed87_13751362__checkpoint_300000,question_D_hier90_linear10_two_phase_200k_seed87_13751362,300000,0.015959935262799263,1,0,quest,matrix_aux_detector_raw,406,0.034482758620689655,0.027945951646956173
question_D_hier90_linear10_two_phase_200k_seed87_13751362__checkpoint_300000,question_D_hier90_linear10_two_phase_200k_seed87_13751362,300000,0.015959935262799263,1,1,quest,matrix_aux_detector_raw,406,0.3226600985221675,0.25782222020391954
question_D_hier90_linear10_two_phase_200k_seed87_13751362__checkpoint_300000,question_D_hier90_linear10_two_phase_200k_seed87_13751362,300000,0.015959935262799263,1,2,quest,matrix_aux_detector_raw,406,0.0,4.245187653647261e-16
question_D_hier90_linear10_two_phase_200k_seed87_13751362__checkpoint_300000,question_D_hier90_linear10_two_phase_200k_seed87_13751362,300000,0.015959935262799263,1,3,quest,matrix_aux_detector_raw,406,0.0,4.4748322648806075e-05
question_D_hier90_linear10_two_phase_200k_seed87_13751362__checkpoint_300000,question_D_hier90_linear10_two_phase_200k_seed87_13751362,300000,0.015959935262799263,1,4,quest,matrix_aux_detector_raw,406,0.12315270935960591,0.07007664691928514
question_D_hier90_linear10_two_phase_200k_seed87_13751362__checkpoint_300000,question_D_hier90_linear10_two_phase_200k_seed87_13751362,300000,0.015959935262799263,1,5,quest,matrix_aux_detector_raw,406,0.0,9.733055051202339e-18
question_D_hier90_linear10_two_phase_200k_seed87_13751362__checkpoint_300000,question_D_hier90_linear10_two_phase_200k_seed87_13751362,300000,0.015959935262799263,1,6,quest,matrix_aux_detector_raw,406,0.22660098522167488,0.18294935510774574
question_D_hier90_linear10_two_phase_200k_seed87_13751362__checkpoint_300000,question_D_hier90_linear10_two_phase_200k_seed87_13751362,300000,0.015959935262799263,1,7,quest,matrix_aux_detector_raw,406,0.0,0.000196330555089823
question_D_hier90_linear10_two_phase_200k_seed87_13751362__checkpoint_300000,question_D_hier90_linear10_two_phase_200k_seed87_13751362,300000,0.015959935262799263,2,0,quest,matrix_aux_detector_raw,406,0.6551724137931034,0.5847890276821113
question_D_hier90_linear10_two_phase_200k_seed87_13751362__checkpoint_300000,question_D_hier90_linear10_two_phase_200k_seed87_13751362,300000,0.015959935262799263,2,1,quest,matrix_aux_detector_raw,406,0.0,3.099854955879666e-07
question_D_hier90_linear10_two_phase_200k_seed87_13751362__checkpoint_300000,question_D_hier90_linear10_two_phase_200k_seed87_13751362,300000,0.015959935262799263,2,2,quest,matrix_aux_detector_raw,406,0.35467980295566504,0.2714538996909997
question_D_hier90_linear10_two_phase_200k_seed87_13751362__checkpoint_300000,question_D_hier90_linear10_two_phase_200k_seed87_13751362,300000,0.015959935262799263,2,3,quest,matrix_aux_detector_raw,406,0.0,1.1556086906426991e-06
question_D_hier90_linear10_two_phase_200k_seed87_13751362__checkpoint_300000,question_D_hier90_linear10_two_phase_200k_seed87_13751362,300000,0.015959935262799263,2,4,quest,matrix_aux_detector_raw,406,0.0,4.4874693618306727e-07
question_D_hier90_linear10_two_phase_200k_seed87_13751362__checkpoint_300000,question_D_hier90_linear10_two_phase_200k_seed87_13751362,300000,0.015959935262799263,2,5,quest,matrix_aux_detector_raw,406,0.0049261083743842365,0.008048153440937794
question_D_hier90_linear10_two_phase_200k_seed87_13751362__checkpoint_300000,question_D_hier90_linear10_two_phase_200k_seed87_13751362,300000,0.015959935262799263,2,6,quest,matrix_aux_detector_raw,406,0.0,4.094663758318056e-11
question_D_hier90_linear10_two_phase_200k_seed87_13751362__checkpoint_300000,question_D_hier90_linear10_two_phase_200k_seed87_13751362,300000,0.015959935262799263,2,7,quest,matrix_aux_detector_raw,406,0.7241379310344828,0.6778023107876607
question_D_hier90_linear10_two_phase_200k_seed87_13751362__checkpoint_300000,question_D_hier90_linear10_two_phase_200k_seed87_13751362,300000,0.015959935262799263,3,0,quest,matrix_aux_detector_raw,406,0.0,2.1245203024391828e-05
question_D_hier90_linear10_two_phase_200k_seed87_13751362__checkpoint_300000,question_D_hier90_linear10_two_phase_200k_seed87_13751362,300000,0.015959935262799263,3,1,quest,matrix_aux_detector_raw,406,0.0,1.7038332487366002e-07
question_D_hier90_linear10_two_phase_200k_seed87_13751362__checkpoint_300000,question_D_hier90_linear10_two_phase_200k_seed87_13751362,300000,0.015959935262799263,3,2,quest,matrix_aux_detector_raw,406,0.0,1.1775482434963106e-08
question_D_hier90_linear10_two_phase_200k_seed87_13751362__checkpoint_300000,question_D_hier90_linear10_two_phase_200k_seed87_13751362,300000,0.015959935262799263,3,3,quest,matrix_aux_detector_raw,406,0.024630541871921183,0.017844878343017633
question_D_hier90_linear10_two_phase_200k_seed87_13751362__checkpoint_300000,question_D_hier90_linear10_two_phase_200k_seed87_13751362,300000,0.015959935262799263,3,4,quest,matrix_aux_detector_raw,406,0.1477832512315271,0.11248399538934785
question_D_hier90_linear10_two_phase_200k_seed87_13751362__checkpoint_300000,question_D_hier90_linear10_two_phase_200k_seed87_13751362,300000,0.015959935262799263,3,5,quest,matrix_aux_detector_raw,406,0.9901477832512315,0.9621128529961693
question_D_hier90_linear10_two_phase_200k_seed87_13751362__checkpoint_300000,question_D_hier90_linear10_two_phase_200k_seed87_13751362,300000,0.015959935262799263,3,6,quest,matrix_aux_detector_raw,406,0.0,1.174481051766844e-06
question_D_hier90_linear10_two_phase_200k_seed87_13751362__checkpoint_300000,question_D_hier90_linear10_two_phase_200k_seed87_13751362,300000,0.015959935262799263,3,7,quest,matrix_aux_detector_raw,406,0.0,1.4422661969424494e-05
question_D_hier90_linear10_two_phase_200k_seed87_13751362__checkpoint_300000,question_D_hier90_linear10_two_phase_200k_seed87_13751362,300000,0.015959935262799263,4,0,quest,matrix_aux_detector_raw,406,0.0,2.087073824846797e-12
question_D_hier90_linear10_two_phase_200k_seed87_13751362__checkpoint_300000,question_D_hier90_linear10_two_phase_200k_seed87_13751362,300000,0.015959935262799263,4,1,quest,matrix_aux_detector_raw,406,0.0,6.190265551749517e-09
question_D_hier90_linear10_two_phase_200k_seed87_13751362__checkpoint_300000,question_D_hier90_linear10_two_phase_200k_seed87_13751362,300000,0.015959935262799263,4,2,quest,matrix_aux_detector_raw,406,0.0,7.961358407115088e-16
question_D_hier90_linear10_two_phase_200k_seed87_13751362__checkpoint_300000,question_D_hier90_linear10_two_phase_200k_seed87_13751362,300000,0.015959935262799263,4,3,quest,matrix_aux_detector_raw,406,0.0,1.3431616063854694e-06
question_D_hier90_linear10_two_phase_200k_seed87_13751362__checkpoint_300000,question_D_hier90_linear10_two_phase_200k_seed87_13751362,300000,0.015959935262799263,4,4,quest,matrix_aux_detector_raw,406,0.0,3.4389933033319537e-11
question_D_hier90_linear10_two_phase_200k_seed87_13751362__checkpoint_300000,question_D_hier90_linear10_two_phase_200k_seed87_13751362,300000,0.015959935262799263,4,5,quest,matrix_aux_detector_raw,406,1.0,0.9957951972343652
question_D_hier90_linear10_two_phase_200k_seed87_13751362__checkpoint_300000,question_D_hier90_linear10_two_phase_200k_seed87_13751362,300000,0.015959935262799263,4,6,quest,matrix_aux_detector_raw,406,1.0,0.9999475195783699
question_D_hier90_linear10_two_phase_200k_seed87_13751362__checkpoint_300000,question_D_hier90_linear10_two_phase_200k_seed87_13751362,300000,0.015959935262799263,4,7,quest,matrix_aux_detector_raw,406,1.0,0.9999965739074012
question_D_hier90_linear10_two_phase_200k_seed87_13751362__checkpoint_300000,question_D_hier90_linear10_two_phase_200k_seed87_13751362,300000,0.015959935262799263,5,0,quest,matrix_aux_detector_raw,406,0.0,1.943447860872129e-09
question_D_hier90_linear10_two_phase_200k_seed87_13751362__checkpoint_300000,question_D_hier90_linear10_two_phase_200k_seed87_13751362,300000,0.015959935262799263,5,1,quest,matrix_aux_detector_raw,406,0.0,2.6012741839237955e-05
question_D_hier90_linear10_two_phase_200k_seed87_13751362__checkpoint_300000,question_D_hier90_linear10_two_phase_200k_seed87_13751362,300000,0.015959935262799263,5,2,quest,matrix_aux_detector_raw,406,0.019704433497536946,0.01021989380465509
question_D_hier90_linear10_two_phase_200k_seed87_13751362__checkpoint_300000,question_D_hier90_linear10_two_phase_200k_seed87_13751362,300000,0.015959935262799263,5,3,quest,matrix_aux_detector_raw,406,0.0,6.644005518670974e-07
question_D_hier90_linear10_two_phase_200k_seed87_13751362__checkpoint_300000,question_D_hier90_linear10_two_phase_200k_seed87_13751362,300000,0.015959935262799263,5,4,quest,matrix_aux_detector_raw,406,0.0,2.410311239371509e-05
question_D_hier90_linear10_two_phase_200k_seed87_13751362__checkpoint_300000,question_D_hier90_linear10_two_phase_200k_seed87_13751362,300000,0.015959935262799263,5,5,quest,matrix_aux_detector_raw,406,0.0,5.18467505210082e-06
question_D_hier90_linear10_two_phase_200k_seed87_13751362__checkpoint_300000,question_D_hier90_linear10_two_phase_200k_seed87_13751362,300000,0.015959935262799263,5,6,quest,matrix_aux_detector_raw,406,0.0,3.8657581210027324e-05
question_D_hier90_linear10_two_phase_200k_seed87_13751362__checkpoint_300000,question_D_hier90_linear10_two_phase_200k_seed87_13751362,300000,0.015959935262799263,5,7,quest,matrix_aux_detector_raw,406,0.0,0.0007333051163699317
question_D_hier90_linear10_two_phase_200k_seed88_14895416__checkpoint_300000,question_D_hier90_linear10_two_phase_200k_seed88_14895416,300000,0.31448379158973694,0,0,quest,matrix_aux_detector_raw,406,0.0,1.9576256787231063e-24
question_D_hier90_linear10_two_phase_200k_seed88_14895416__checkpoint_300000,question_D_hier90_linear10_two_phase_200k_seed88_14895416,300000,0.31448379158973694,0,1,quest,matrix_aux_detector_raw,406,0.0,3.0842333099927745e-16
question_D_hier90_linear10_two_phase_200k_seed88_14895416__checkpoint_300000,question_D_hier90_linear10_two_phase_200k_seed88_14895416,300000,0.31448379158973694,0,2,quest,matrix_aux_detector_raw,406,0.0,4.2609078430798375e-24
question_D_hier90_linear10_two_phase_200k_seed88_14895416__checkpoint_300000,question_D_hier90_linear10_two_phase_200k_seed88_14895416,300000,0.31448379158973694,0,3,quest,matrix_aux_detector_raw,406,0.5911330049261084,0.5645652486060397
question_D_hier90_linear10_two_phase_200k_seed88_14895416__checkpoint_300000,question_D_hier90_linear10_two_phase_200k_seed88_14895416,300000,0.31448379158973694,0,4,quest,matrix_aux_detector_raw,406,0.0,3.2338799825237794e-26
question_D_hier90_linear10_two_phase_200k_seed88_14895416__checkpoint_300000,question_D_hier90_linear10_two_phase_200k_seed88_14895416,300000,0.31448379158973694,0,5,quest,matrix_aux_detector_raw,406,0.0,2.2265535167432387e-39
question_D_hier90_linear10_two_phase_200k_seed88_14895416__checkpoint_300000,question_D_hier90_linear10_two_phase_200k_seed88_14895416,300000,0.31448379158973694,0,6,quest,matrix_aux_detector_raw,406,0.0,7.759348902430811e-29
question_D_hier90_linear10_two_phase_200k_seed88_14895416__checkpoint_300000,question_D_hier90_linear10_two_phase_200k_seed88_14895416,300000,0.31448379158973694,0,7,quest,matrix_aux_detector_raw,406,0.0,2.1043865521651756e-22
question_D_hier90_linear10_two_phase_200k_seed88_14895416__checkpoint_300000,question_D_hier90_linear10_two_phase_200k_seed88_14895416,300000,0.31448379158973694,1,0,quest,matrix_aux_detector_raw,406,0.21428571428571427,0.13575694614874928
question_D_hier90_linear10_two_phase_200k_seed88_14895416__checkpoint_300000,question_D_hier90_linear10_two_phase_200k_seed88_14895416,300000,0.31448379158973694,1,1,quest,matrix_aux_detector_raw,406,0.0,4.048031278746815e-11
question_D_hier90_linear10_two_phase_200k_seed88_14895416__checkpoint_300000,question_D_hier90_linear10_two_phase_200k_seed88_14895416,300000,0.31448379158973694,1,2,quest,matrix_aux_detector_raw,406,0.6674876847290641,0.6466126029568954
question_D_hier90_linear10_two_phase_200k_seed88_14895416__checkpoint_300000,question_D_hier90_linear10_two_phase_200k_seed88_14895416,300000,0.31448379158973694,1,3,quest,matrix_aux_detector_raw,406,0.9187192118226601,0.8838278460785253
question_D_hier90_linear10_two_phase_200k_seed88_14895416__checkpoint_300000,question_D_hier90_linear10_two_phase_200k_seed88_14895416,300000,0.31448379158973694,1,4,quest,matrix_aux_detector_raw,406,0.0,2.1582617759339207e-11
question_D_hier90_linear10_two_phase_200k_seed88_14895416__checkpoint_300000,question_D_hier90_linear10_two_phase_200k_seed88_14895416,300000,0.31448379158973694,1,5,quest,matrix_aux_detector_raw,406,0.0,7.997245893971775e-15
question_D_hier90_linear10_two_phase_200k_seed88_14895416__checkpoint_300000,question_D_hier90_linear10_two_phase_200k_seed88_14895416,300000,0.31448379158973694,1,6,quest,matrix_aux_detector_raw,406,0.059113300492610835,0.04549633005952726
question_D_hier90_linear10_two_phase_200k_seed88_14895416__checkpoint_300000,question_D_hier90_linear10_two_phase_200k_seed88_14895416,300000,0.31448379158973694,1,7,quest,matrix_aux_detector_raw,406,0.0812807881773399,0.06549370016207937
question_D_hier90_linear10_two_phase_200k_seed88_14895416__checkpoint_300000,question_D_hier90_linear10_two_phase_200k_seed88_14895416,300000,0.31448379158973694,2,0,quest,matrix_aux_detector_raw,406,0.0,7.06389234270692e-05
question_D_hier90_linear10_two_phase_200k_seed88_14895416__checkpoint_300000,question_D_hier90_linear10_two_phase_200k_seed88_14895416,300000,0.31448379158973694,2,1,quest,matrix_aux_detector_raw,406,0.0,1.7753466670485717e-05
question_D_hier90_linear10_two_phase_200k_seed88_14895416__checkpoint_300000,question_D_hier90_linear10_two_phase_200k_seed88_14895416,300000,0.31448379158973694,2,2,quest,matrix_aux_detector_raw,406,0.9384236453201971,0.8809876629951975
question_D_hier90_linear10_two_phase_200k_seed88_14895416__checkpoint_300000,question_D_hier90_linear10_two_phase_200k_seed88_14895416,300000,0.31448379158973694,2,3,quest,matrix_aux_detector_raw,406,0.13054187192118227,0.0818205515123914
question_D_hier90_linear10_two_phase_200k_seed88_14895416__checkpoint_300000,question_D_hier90_linear10_two_phase_200k_seed88_14895416,300000,0.31448379158973694,2,4,quest,matrix_aux_detector_raw,406,0.0,2.097020552935382e-09
question_D_hier90_linear10_two_phase_200k_seed88_14895416__checkpoint_300000,question_D_hier90_linear10_two_phase_200k_seed88_14895416,300000,0.31448379158973694,2,5,quest,matrix_aux_detector_raw,406,0.0,0.00031846822438015717
question_D_hier90_linear10_two_phase_200k_seed88_14895416__checkpoint_300000,question_D_hier90_linear10_two_phase_200k_seed88_14895416,300000,0.31448379158973694,2,6,quest,matrix_aux_detector_raw,406,0.0,2.5734547056346896e-05
question_D_hier90_linear10_two_phase_200k_seed88_14895416__checkpoint_300000,question_D_hier90_linear10_two_phase_200k_seed88_14895416,300000,0.31448379158973694,2,7,quest,matrix_aux_detector_raw,406,0.0,0.000206626952188355
question_D_hier90_linear10_two_phase_200k_seed88_14895416__checkpoint_300000,question_D_hier90_linear10_two_phase_200k_seed88_14895416,300000,0.31448379158973694,3,0,quest,matrix_aux_detector_raw,406,0.0,1.3439380704321198e-08
question_D_hier90_linear10_two_phase_200k_seed88_14895416__checkpoint_300000,question_D_hier90_linear10_two_phase_200k_seed88_14895416,300000,0.31448379158973694,3,1,quest,matrix_aux_detector_raw,406,0.0,4.697574619072215e-09
question_D_hier90_linear10_two_phase_200k_seed88_14895416__checkpoint_300000,question_D_hier90_linear10_two_phase_200k_seed88_14895416,300000,0.31448379158973694,3,2,quest,matrix_aux_detector_raw,406,0.0,4.043794840721811e-08
question_D_hier90_linear10_two_phase_200k_seed88_14895416__checkpoint_300000,question_D_hier90_linear10_two_phase_200k_seed88_14895416,300000,0.31448379158973694,3,3,quest,matrix_aux_detector_raw,406,0.0,1.1647458413231267e-09
question_D_hier90_linear10_two_phase_200k_seed88_14895416__checkpoint_300000,question_D_hier90_linear10_two_phase_200k_seed88_14895416,300000,0.31448379158973694,3,4,quest,matrix_aux_detector_raw,406,0.4802955665024631,0.3259772290984401
question_D_hier90_linear10_two_phase_200k_seed88_14895416__checkpoint_300000,question_D_hier90_linear10_two_phase_200k_seed88_14895416,300000,0.31448379158973694,3,5,quest,matrix_aux_detector_raw,406,0.4211822660098522,0.30375069245813197
question_D_hier90_linear10_two_phase_200k_seed88_14895416__checkpoint_300000,question_D_hier90_linear10_two_phase_200k_seed88_14895416,300000,0.31448379158973694,3,6,quest,matrix_aux_detector_raw,406,0.0,0.0017200682641153999
question_D_hier90_linear10_two_phase_200k_seed88_14895416__checkpoint_300000,question_D_hier90_linear10_two_phase_200k_seed88_14895416,300000,0.31448379158973694,3,7,quest,matrix_aux_detector_raw,406,0.0,2.6170323202092e-12
question_D_hier90_linear10_two_phase_200k_seed88_14895416__checkpoint_300000,question_D_hier90_linear10_two_phase_200k_seed88_14895416,300000,0.31448379158973694,4,0,quest,matrix_aux_detector_raw,406,0.07389162561576355,0.04659719725904326
question_D_hier90_linear10_two_phase_200k_seed88_14895416__checkpoint_300000,question_D_hier90_linear10_two_phase_200k_seed88_14895416,300000,0.31448379158973694,4,1,quest,matrix_aux_detector_raw,406,1.0,0.9999930729419727
question_D_hier90_linear10_two_phase_200k_seed88_14895416__checkpoint_300000,question_D_hier90_linear10_two_phase_200k_seed88_14895416,300000,0.31448379158973694,4,2,quest,matrix_aux_detector_raw,406,0.0,1.8952462958379695e-08
question_D_hier90_linear10_two_phase_200k_seed88_14895416__checkpoint_300000,question_D_hier90_linear10_two_phase_200k_seed88_14895416,300000,0.31448379158973694,4,3,quest,matrix_aux_detector_raw,406,0.0,6.766148831650063e-12
question_D_hier90_linear10_two_phase_200k_seed88_14895416__checkpoint_300000,question_D_hier90_linear10_two_phase_200k_seed88_14895416,300000,0.31448379158973694,4,4,quest,matrix_aux_detector_raw,406,0.0,4.815372926966421e-08
question_D_hier90_linear10_two_phase_200k_seed88_14895416__checkpoint_300000,question_D_hier90_linear10_two_phase_200k_seed88_14895416,300000,0.31448379158973694,4,5,quest,matrix_aux_detector_raw,406,0.0,2.933685240014932e-05
question_D_hier90_linear10_two_phase_200k_seed88_14895416__checkpoint_300000,question_D_hier90_linear10_two_phase_200k_seed88_14895416,300000,0.31448379158973694,4,6,quest,matrix_aux_detector_raw,406,1.0,0.999998424734388
question_D_hier90_linear10_two_phase_200k_seed88_14895416__checkpoint_300000,question_D_hier90_linear10_two_phase_200k_seed88_14895416,300000,0.31448379158973694,4,7,quest,matrix_aux_detector_raw,406,1.0,0.9999931996385453
question_D_hier90_linear10_two_phase_200k_seed88_14895416__checkpoint_300000,question_D_hier90_linear10_two_phase_200k_seed88_14895416,300000,0.31448379158973694,5,0,quest,matrix_aux_detector_raw,406,0.0,1.3718362270524193e-05
question_D_hier90_linear10_two_phase_200k_seed88_14895416__checkpoint_300000,question_D_hier90_linear10_two_phase_200k_seed88_14895416,300000,0.31448379158973694,5,1,quest,matrix_aux_detector_raw,406,0.019704433497536946,0.012072289274409153
question_D_hier90_linear10_two_phase_200k_seed88_14895416__checkpoint_300000,question_D_hier90_linear10_two_phase_200k_seed88_14895416,300000,0.31448379158973694,5,2,quest,matrix_aux_detector_raw,406,0.5985221674876847,0.40799548533760766
question_D_hier90_linear10_two_phase_200k_seed88_14895416__checkpoint_300000,question_D_hier90_linear10_two_phase_200k_seed88_14895416,300000,0.31448379158973694,5,3,quest,matrix_aux_detector_raw,406,0.0,1.7498085203940082e-05
question_D_hier90_linear10_two_phase_200k_seed88_14895416__checkpoint_300000,question_D_hier90_linear10_two_phase_200k_seed88_14895416,300000,0.31448379158973694,5,4,quest,matrix_aux_detector_raw,406,0.0024630541871921183,0.0024935033540648354
question_D_hier90_linear10_two_phase_200k_seed88_14895416__checkpoint_300000,question_D_hier90_linear10_two_phase_200k_seed88_14895416,300000,0.31448379158973694,5,5,quest,matrix_aux_detector_raw,406,0.0,3.887665585832796e-07
question_D_hier90_linear10_two_phase_200k_seed88_14895416__checkpoint_300000,question_D_hier90_linear10_two_phase_200k_seed88_14895416,300000,0.31448379158973694,5,6,quest,matrix_aux_detector_raw,406,0.0,2.908152619474936e-07
question_D_hier90_linear10_two_phase_200k_seed88_14895416__checkpoint_300000,question_D_hier90_linear10_two_phase_200k_seed88_14895416,300000,0.31448379158973694,5,7,quest,matrix_aux_detector_raw,406,0.0,5.0788318596708745e-08
question_D_hier90_linear10_two_phase_200k_seed89_13760078__checkpoint_300000,question_D_hier90_linear10_two_phase_200k_seed89_13760078,300000,0.9962016344070435,0,0,quest,matrix_aux_detector_raw,406,0.0,2.256583598848015e-25
question_D_hier90_linear10_two_phase_200k_seed89_13760078__checkpoint_300000,question_D_hier90_linear10_two_phase_200k_seed89_13760078,300000,0.9962016344070435,0,1,quest,matrix_aux_detector_raw,406,0.0,1.0053023698795461e-19
question_D_hier90_linear10_two_phase_200k_seed89_13760078__checkpoint_300000,question_D_hier90_linear10_two_phase_200k_seed89_13760078,300000,0.9962016344070435,0,2,quest,matrix_aux_detector_raw,406,0.0,1.396632924091949e-05
question_D_hier90_linear10_two_phase_200k_seed89_13760078__checkpoint_300000,question_D_hier90_linear10_two_phase_200k_seed89_13760078,300000,0.9962016344070435,0,3,quest,matrix_aux_detector_raw,406,0.0,5.258807205683093e-14
question_D_hier90_linear10_two_phase_200k_seed89_13760078__checkpoint_300000,question_D_hier90_linear10_two_phase_200k_seed89_13760078,300000,0.9962016344070435,0,4,quest,matrix_aux_detector_raw,406,0.0,5.631727317138333e-09
question_D_hier90_linear10_two_phase_200k_seed89_13760078__checkpoint_300000,question_D_hier90_linear10_two_phase_200k_seed89_13760078,300000,0.9962016344070435,0,5,quest,matrix_aux_detector_raw,406,0.0,1.1098796478652091e-12
question_D_hier90_linear10_two_phase_200k_seed89_13760078__checkpoint_300000,question_D_hier90_linear10_two_phase_200k_seed89_13760078,300000,0.9962016344070435,0,6,quest,matrix_aux_detector_raw,406,0.0,2.0847868566311867e-23
question_D_hier90_linear10_two_phase_200k_seed89_13760078__checkpoint_300000,question_D_hier90_linear10_two_phase_200k_seed89_13760078,300000,0.9962016344070435,0,7,quest,matrix_aux_detector_raw,406,0.0,2.963861222162372e-09
question_D_hier90_linear10_two_phase_200k_seed89_13760078__checkpoint_300000,question_D_hier90_linear10_two_phase_200k_seed89_13760078,300000,0.9962016344070435,1,0,quest,matrix_aux_detector_raw,406,0.0,2.7739591417449264e-15
question_D_hier90_linear10_two_phase_200k_seed89_13760078__checkpoint_300000,question_D_hier90_linear10_two_phase_200k_seed89_13760078,300000,0.9962016344070435,1,1,quest,matrix_aux_detector_raw,406,0.14285714285714285,0.12811434739667601
question_D_hier90_linear10_two_phase_200k_seed89_13760078__checkpoint_300000,question_D_hier90_linear10_two_phase_200k_seed89_13760078,300000,0.9962016344070435,1,2,quest,matrix_aux_detector_raw,406,0.3620689655172414,0.26763947849719394
question_D_hier90_linear10_two_phase_200k_seed89_13760078__checkpoint_300000,question_D_hier90_linear10_two_phase_200k_seed89_13760078,300000,0.9962016344070435,1,3,quest,matrix_aux_detector_raw,406,0.39901477832512317,0.3029706915607758
question_D_hier90_linear10_two_phase_200k_seed89_13760078__checkpoint_300000,question_D_hier90_linear10_two_phase_200k_seed89_13760078,300000,0.9962016344070435,1,4,quest,matrix_aux_detector_raw,406,0.0,4.985445075789417e-06
question_D_hier90_linear10_two_phase_200k_seed89_13760078__checkpoint_300000,question_D_hier90_linear10_two_phase_200k_seed89_13760078,300000,0.9962016344070435,1,5,quest,matrix_aux_detector_raw,406,0.0,2.775206198042329e-12
question_D_hier90_linear10_two_phase_200k_seed89_13760078__checkpoint_300000,question_D_hier90_linear10_two_phase_200k_seed89_13760078,300000,0.9962016344070435,1,6,quest,matrix_aux_detector_raw,406,0.0,0.0007669843508797198
question_D_hier90_linear10_two_phase_200k_seed89_13760078__checkpoint_300000,question_D_hier90_linear10_two_phase_200k_seed89_13760078,300000,0.9962016344070435,1,7,quest,matrix_aux_detector_raw,406,0.3103448275862069,0.26442430819890156
question_D_hier90_linear10_two_phase_200k_seed89_13760078__checkpoint_300000,question_D_hier90_linear10_two_phase_200k_seed89_13760078,300000,0.9962016344070435,2,0,quest,matrix_aux_detector_raw,406,0.014778325123152709,0.00885894856017618
question_D_hier90_linear10_two_phase_200k_seed89_13760078__checkpoint_300000,question_D_hier90_linear10_two_phase_200k_seed89_13760078,300000,0.9962016344070435,2,1,quest,matrix_aux_detector_raw,406,0.0,0.0006946696358951824
question_D_hier90_linear10_two_phase_200k_seed89_13760078__checkpoint_300000,question_D_hier90_linear10_two_phase_200k_seed89_13760078,300000,0.9962016344070435,2,2,quest,matrix_aux_detector_raw,406,0.0,0.00028456947582911665
question_D_hier90_linear10_two_phase_200k_seed89_13760078__checkpoint_300000,question_D_hier90_linear10_two_phase_200k_seed89_13760078,300000,0.9962016344070435,2,3,quest,matrix_aux_detector_raw,406,0.0,2.3400082794538747e-10
question_D_hier90_linear10_two_phase_200k_seed89_13760078__checkpoint_300000,question_D_hier90_linear10_two_phase_200k_seed89_13760078,300000,0.9962016344070435,2,4,quest,matrix_aux_detector_raw,406,0.0049261083743842365,0.003298398803157121
question_D_hier90_linear10_two_phase_200k_seed89_13760078__checkpoint_300000,question_D_hier90_linear10_two_phase_200k_seed89_13760078,300000,0.9962016344070435,2,5,quest,matrix_aux_detector_raw,406,0.7364532019704434,0.6782167129968948
question_D_hier90_linear10_two_phase_200k_seed89_13760078__checkpoint_300000,question_D_hier90_linear10_two_phase_200k_seed89_13760078,300000,0.9962016344070435,2,6,quest,matrix_aux_detector_raw,406,0.0,0.0007559934536274516
question_D_hier90_linear10_two_phase_200k_seed89_13760078__checkpoint_300000,question_D_hier90_linear10_two_phase_200k_seed89_13760078,300000,0.9962016344070435,2,7,quest,matrix_aux_detector_raw,406,0.3694581280788177,0.2928897340554496
question_D_hier90_linear10_two_phase_200k_seed89_13760078__checkpoint_300000,question_D_hier90_linear10_two_phase_200k_seed89_13760078,300000,0.9962016344070435,3,0,quest,matrix_aux_detector_raw,406,0.0,3.0092138662262742e-05
question_D_hier90_linear10_two_phase_200k_seed89_13760078__checkpoint_300000,question_D_hier90_linear10_two_phase_200k_seed89_13760078,300000,0.9962016344070435,3,1,quest,matrix_aux_detector_raw,406,0.0,6.380659161205118e-18
question_D_hier90_linear10_two_phase_200k_seed89_13760078__checkpoint_300000,question_D_hier90_linear10_two_phase_200k_seed89_13760078,300000,0.9962016344070435,3,2,quest,matrix_aux_detector_raw,406,0.3817733990147783,0.35799214884369884
question_D_hier90_linear10_two_phase_200k_seed89_13760078__checkpoint_300000,question_D_hier90_linear10_two_phase_200k_seed89_13760078,300000,0.9962016344070435,3,3,quest,matrix_aux_detector_raw,406,0.8152709359605911,0.7771913651127725
question_D_hier90_linear10_two_phase_200k_seed89_13760078__checkpoint_300000,question_D_hier90_linear10_two_phase_200k_seed89_13760078,300000,0.9962016344070435,3,4,quest,matrix_aux_detector_raw,406,0.0,0.00016008314798447712
question_D_hier90_linear10_two_phase_200k_seed89_13760078__checkpoint_300000,question_D_hier90_linear10_two_phase_200k_seed89_13760078,300000,0.9962016344070435,3,5,quest,matrix_aux_detector_raw,406,0.0,0.00021849773975117552
question_D_hier90_linear10_two_phase_200k_seed89_13760078__checkpoint_300000,question_D_hier90_linear10_two_phase_200k_seed89_13760078,300000,0.9962016344070435,3,6,quest,matrix_aux_detector_raw,406,0.0,3.9749388260868784e-11
question_D_hier90_linear10_two_phase_200k_seed89_13760078__checkpoint_300000,question_D_hier90_linear10_two_phase_200k_seed89_13760078,300000,0.9962016344070435,3,7,quest,matrix_aux_detector_raw,406,0.0,1.5424459628511863e-05
question_D_hier90_linear10_two_phase_200k_seed89_13760078__checkpoint_300000,question_D_hier90_linear10_two_phase_200k_seed89_13760078,300000,0.9962016344070435,4,0,quest,matrix_aux_detector_raw,406,0.0,0.00031920444960421986
question_D_hier90_linear10_two_phase_200k_seed89_13760078__checkpoint_300000,question_D_hier90_linear10_two_phase_200k_seed89_13760078,300000,0.9962016344070435,4,1,quest,matrix_aux_detector_raw,406,0.0,1.4574878957691372e-08
question_D_hier90_linear10_two_phase_200k_seed89_13760078__checkpoint_300000,question_D_hier90_linear10_two_phase_200k_seed89_13760078,300000,0.9962016344070435,4,2,quest,matrix_aux_detector_raw,406,0.6551724137931034,0.6424043572780217
question_D_hier90_linear10_two_phase_200k_seed89_13760078__checkpoint_300000,question_D_hier90_linear10_two_phase_200k_seed89_13760078,300000,0.9962016344070435,4,3,quest,matrix_aux_detector_raw,406,0.0,3.536600891419478e-12
question_D_hier90_linear10_two_phase_200k_seed89_13760078__checkpoint_300000,question_D_hier90_linear10_two_phase_200k_seed89_13760078,300000,0.9962016344070435,4,4,quest,matrix_aux_detector_raw,406,0.0,3.0703354065311565e-06
question_D_hier90_linear10_two_phase_200k_seed89_13760078__checkpoint_300000,question_D_hier90_linear10_two_phase_200k_seed89_13760078,300000,0.9962016344070435,4,5,quest,matrix_aux_detector_raw,406,1.0,0.9999564469154245
question_D_hier90_linear10_two_phase_200k_seed89_13760078__checkpoint_300000,question_D_hier90_linear10_two_phase_200k_seed89_13760078,300000,0.9962016344070435,4,6,quest,matrix_aux_detector_raw,406,1.0,0.9999943520928839
question_D_hier90_linear10_two_phase_200k_seed89_13760078__checkpoint_300000,question_D_hier90_linear10_two_phase_200k_seed89_13760078,300000,0.9962016344070435,4,7,quest,matrix_aux_detector_raw,406,0.0,6.013650131324099e-05
question_D_hier90_linear10_two_phase_200k_seed89_13760078__checkpoint_300000,question_D_hier90_linear10_two_phase_200k_seed89_13760078,300000,0.9962016344070435,5,0,quest,matrix_aux_detector_raw,406,0.0,1.1425854521370218e-06
question_D_hier90_linear10_two_phase_200k_seed89_13760078__checkpoint_300000,question_D_hier90_linear10_two_phase_200k_seed89_13760078,300000,0.9962016344070435,5,1,quest,matrix_aux_detector_raw,406,0.0,3.056444425747723e-07
question_D_hier90_linear10_two_phase_200k_seed89_13760078__checkpoint_300000,question_D_hier90_linear10_two_phase_200k_seed89_13760078,300000,0.9962016344070435,5,2,quest,matrix_aux_detector_raw,406,1.0,0.9986677103735543
question_D_hier90_linear10_two_phase_200k_seed89_13760078__checkpoint_300000,question_D_hier90_linear10_two_phase_200k_seed89_13760078,300000,0.9962016344070435,5,3,quest,matrix_aux_detector_raw,406,1.0,0.99749955534935
question_D_hier90_linear10_two_phase_200k_seed89_13760078__checkpoint_300000,question_D_hier90_linear10_two_phase_200k_seed89_13760078,300000,0.9962016344070435,5,4,quest,matrix_aux_detector_raw,406,0.007389162561576354,0.006316874477123507
question_D_hier90_linear10_two_phase_200k_seed89_13760078__checkpoint_300000,question_D_hier90_linear10_two_phase_200k_seed89_13760078,300000,0.9962016344070435,5,5,quest,matrix_aux_detector_raw,406,0.0,1.4024313593583257e-06
question_D_hier90_linear10_two_phase_200k_seed89_13760078__checkpoint_300000,question_D_hier90_linear10_two_phase_200k_seed89_13760078,300000,0.9962016344070435,5,6,quest,matrix_aux_detector_raw,406,0.0,0.0002117712942538527
question_D_hier90_linear10_two_phase_200k_seed89_13760078__checkpoint_300000,question_D_hier90_linear10_two_phase_200k_seed89_13760078,300000,0.9962016344070435,5,7,quest,matrix_aux_detector_raw,406,0.0,0.00022506243309004939
question_D_hier90_linear10_two_phase_200k_seed90_13770938__checkpoint_300000,question_D_hier90_linear10_two_phase_200k_seed90_13770938,300000,0.7462324500083923,0,0,quest,matrix_aux_detector_raw,406,0.0,1.2767960510399364e-23
question_D_hier90_linear10_two_phase_200k_seed90_13770938__checkpoint_300000,question_D_hier90_linear10_two_phase_200k_seed90_13770938,300000,0.7462324500083923,0,1,quest,matrix_aux_detector_raw,406,0.0,1.5028262871822547e-28
question_D_hier90_linear10_two_phase_200k_seed90_13770938__checkpoint_300000,question_D_hier90_linear10_two_phase_200k_seed90_13770938,300000,0.7462324500083923,0,2,quest,matrix_aux_detector_raw,406,0.0,2.052750736334253e-13
question_D_hier90_linear10_two_phase_200k_seed90_13770938__checkpoint_300000,question_D_hier90_linear10_two_phase_200k_seed90_13770938,300000,0.7462324500083923,0,3,quest,matrix_aux_detector_raw,406,0.0,8.399995386628851e-14
question_D_hier90_linear10_two_phase_200k_seed90_13770938__checkpoint_300000,question_D_hier90_linear10_two_phase_200k_seed90_13770938,300000,0.7462324500083923,0,4,quest,matrix_aux_detector_raw,406,0.0,2.928314008430337e-35
question_D_hier90_linear10_two_phase_200k_seed90_13770938__checkpoint_300000,question_D_hier90_linear10_two_phase_200k_seed90_13770938,300000,0.7462324500083923,0,5,quest,matrix_aux_detector_raw,406,0.0,3.825577509358893e-21
question_D_hier90_linear10_two_phase_200k_seed90_13770938__checkpoint_300000,question_D_hier90_linear10_two_phase_200k_seed90_13770938,300000,0.7462324500083923,0,6,quest,matrix_aux_detector_raw,406,0.0,1.8172881350221027e-08
question_D_hier90_linear10_two_phase_200k_seed90_13770938__checkpoint_300000,question_D_hier90_linear10_two_phase_200k_seed90_13770938,300000,0.7462324500083923,0,7,quest,matrix_aux_detector_raw,406,0.0,4.954985764473653e-18
question_D_hier90_linear10_two_phase_200k_seed90_13770938__checkpoint_300000,question_D_hier90_linear10_two_phase_200k_seed90_13770938,300000,0.7462324500083923,1,0,quest,matrix_aux_detector_raw,406,0.0,1.7123038130443185e-05
question_D_hier90_linear10_two_phase_200k_seed90_13770938__checkpoint_300000,question_D_hier90_linear10_two_phase_200k_seed90_13770938,300000,0.7462324500083923,1,1,quest,matrix_aux_detector_raw,406,0.0,1.1128395823092788e-06
question_D_hier90_linear10_two_phase_200k_seed90_13770938__checkpoint_300000,question_D_hier90_linear10_two_phase_200k_seed90_13770938,300000,0.7462324500083923,1,2,quest,matrix_aux_detector_raw,406,0.2881773399014778,0.234197976170343
question_D_hier90_linear10_two_phase_200k_seed90_13770938__checkpoint_300000,question_D_hier90_linear10_two_phase_200k_seed90_13770938,300000,0.7462324500083923,1,3,quest,matrix_aux_detector_raw,406,0.13793103448275862,0.11815640786859816
question_D_hier90_linear10_two_phase_200k_seed90_13770938__checkpoint_300000,question_D_hier90_linear10_two_phase_200k_seed90_13770938,300000,0.7462324500083923,1,4,quest,matrix_aux_detector_raw,406,0.0,1.0997552744695565e-06
question_D_hier90_linear10_two_phase_200k_seed90_13770938__checkpoint_300000,question_D_hier90_linear10_two_phase_200k_seed90_13770938,300000,0.7462324500083923,1,5,quest,matrix_aux_detector_raw,406,0.0,5.561842429596647e-20
question_D_hier90_linear10_two_phase_200k_seed90_13770938__checkpoint_300000,question_D_hier90_linear10_two_phase_200k_seed90_13770938,300000,0.7462324500083923,1,6,quest,matrix_aux_detector_raw,406,0.23891625615763548,0.17373535029199974
question_D_hier90_linear10_two_phase_200k_seed90_13770938__checkpoint_300000,question_D_hier90_linear10_two_phase_200k_seed90_13770938,300000,0.7462324500083923,1,7,quest,matrix_aux_detector_raw,406,0.0024630541871921183,0.005162042305391787
question_D_hier90_linear10_two_phase_200k_seed90_13770938__checkpoint_300000,question_D_hier90_linear10_two_phase_200k_seed90_13770938,300000,0.7462324500083923,2,0,quest,matrix_aux_detector_raw,406,1.0,0.9995428063892966
question_D_hier90_linear10_two_phase_200k_seed90_13770938__checkpoint_300000,question_D_hier90_linear10_two_phase_200k_seed90_13770938,300000,0.7462324500083923,2,1,quest,matrix_aux_detector_raw,406,0.9482758620689655,0.8446742034186907
question_D_hier90_linear10_two_phase_200k_seed90_13770938__checkpoint_300000,question_D_hier90_linear10_two_phase_200k_seed90_13770938,300000,0.7462324500083923,2,2,quest,matrix_aux_detector_raw,406,1.0,0.9965685466533811
question_D_hier90_linear10_two_phase_200k_seed90_13770938__checkpoint_300000,question_D_hier90_linear10_two_phase_200k_seed90_13770938,300000,0.7462324500083923,2,3,quest,matrix_aux_detector_raw,406,0.0,6.304973475509203e-08
question_D_hier90_linear10_two_phase_200k_seed90_13770938__checkpoint_300000,question_D_hier90_linear10_two_phase_200k_seed90_13770938,300000,0.7462324500083923,2,4,quest,matrix_aux_detector_raw,406,0.0,1.4585527116062462e-08
question_D_hier90_linear10_two_phase_200k_seed90_13770938__checkpoint_300000,question_D_hier90_linear10_two_phase_200k_seed90_13770938,300000,0.7462324500083923,2,5,quest,matrix_aux_detector_raw,406,0.4187192118226601,0.3036862476664699
question_D_hier90_linear10_two_phase_200k_seed90_13770938__checkpoint_300000,question_D_hier90_linear10_two_phase_200k_seed90_13770938,300000,0.7462324500083923,2,6,quest,matrix_aux_detector_raw,406,0.0,3.2684088530244055e-14
question_D_hier90_linear10_two_phase_200k_seed90_13770938__checkpoint_300000,question_D_hier90_linear10_two_phase_200k_seed90_13770938,300000,0.7462324500083923,2,7,quest,matrix_aux_detector_raw,406,0.0,0.0016017314801579717
question_D_hier90_linear10_two_phase_200k_seed90_13770938__checkpoint_300000,question_D_hier90_linear10_two_phase_200k_seed90_13770938,300000,0.7462324500083923,3,0,quest,matrix_aux_detector_raw,406,0.18719211822660098,0.12260725872593385
question_D_hier90_linear10_two_phase_200k_seed90_13770938__checkpoint_300000,question_D_hier90_linear10_two_phase_200k_seed90_13770938,300000,0.7462324500083923,3,1,quest,matrix_aux_detector_raw,406,0.0,0.0007605891750865485
question_D_hier90_linear10_two_phase_200k_seed90_13770938__checkpoint_300000,question_D_hier90_linear10_two_phase_200k_seed90_13770938,300000,0.7462324500083923,3,2,quest,matrix_aux_detector_raw,406,1.0,0.9997370623309036
question_D_hier90_linear10_two_phase_200k_seed90_13770938__checkpoint_300000,question_D_hier90_linear10_two_phase_200k_seed90_13770938,300000,0.7462324500083923,3,3,quest,matrix_aux_detector_raw,406,0.0,0.0021597799046449455
question_D_hier90_linear10_two_phase_200k_seed90_13770938__checkpoint_300000,question_D_hier90_linear10_two_phase_200k_seed90_13770938,300000,0.7462324500083923,3,4,quest,matrix_aux_detector_raw,406,0.07635467980295567,0.04934402490017298
question_D_hier90_linear10_two_phase_200k_seed90_13770938__checkpoint_300000,question_D_hier90_linear10_two_phase_200k_seed90_13770938,300000,0.7462324500083923,3,5,quest,matrix_aux_detector_raw,406,0.0,1.1901163045702059e-08
question_D_hier90_linear10_two_phase_200k_seed90_13770938__checkpoint_300000,question_D_hier90_linear10_two_phase_200k_seed90_13770938,300000,0.7462324500083923,3,6,quest,matrix_aux_detector_raw,406,1.0,0.9999999876680046
question_D_hier90_linear10_two_phase_200k_seed90_13770938__checkpoint_300000,question_D_hier90_linear10_two_phase_200k_seed90_13770938,300000,0.7462324500083923,3,7,quest,matrix_aux_detector_raw,406,0.0,2.1728993696218256e-05
question_D_hier90_linear10_two_phase_200k_seed90_13770938__checkpoint_300000,question_D_hier90_linear10_two_phase_200k_seed90_13770938,300000,0.7462324500083923,4,0,quest,matrix_aux_detector_raw,406,1.0,0.9996226008596092
question_D_hier90_linear10_two_phase_200k_seed90_13770938__checkpoint_300000,question_D_hier90_linear10_two_phase_200k_seed90_13770938,300000,0.7462324500083923,4,1,quest,matrix_aux_detector_raw,406,0.0,2.8429775129703165e-05
question_D_hier90_linear10_two_phase_200k_seed90_13770938__checkpoint_300000,question_D_hier90_linear10_two_phase_200k_seed90_13770938,300000,0.7462324500083923,4,2,quest,matrix_aux_detector_raw,406,0.012315270935960592,0.007898078024488938
question_D_hier90_linear10_two_phase_200k_seed90_13770938__checkpoint_300000,question_D_hier90_linear10_two_phase_200k_seed90_13770938,300000,0.7462324500083923,4,3,quest,matrix_aux_detector_raw,406,0.0,0.003797705541851381
question_D_hier90_linear10_two_phase_200k_seed90_13770938__checkpoint_300000,question_D_hier90_linear10_two_phase_200k_seed90_13770938,300000,0.7462324500083923,4,4,quest,matrix_aux_detector_raw,406,1.0,0.9999966208864315
question_D_hier90_linear10_two_phase_200k_seed90_13770938__checkpoint_300000,question_D_hier90_linear10_two_phase_200k_seed90_13770938,300000,0.7462324500083923,4,5,quest,matrix_aux_detector_raw,406,0.0,3.69480764588524e-09
question_D_hier90_linear10_two_phase_200k_seed90_13770938__checkpoint_300000,question_D_hier90_linear10_two_phase_200k_seed90_13770938,300000,0.7462324500083923,4,6,quest,matrix_aux_detector_raw,406,0.6551724137931034,0.6515577691030551
question_D_hier90_linear10_two_phase_200k_seed90_13770938__checkpoint_300000,question_D_hier90_linear10_two_phase_200k_seed90_13770938,300000,0.7462324500083923,4,7,quest,matrix_aux_detector_raw,406,1.0,0.9998787634184795
question_D_hier90_linear10_two_phase_200k_seed90_13770938__checkpoint_300000,question_D_hier90_linear10_two_phase_200k_seed90_13770938,300000,0.7462324500083923,5,0,quest,matrix_aux_detector_raw,406,0.1625615763546798,0.09784629999656723
question_D_hier90_linear10_two_phase_200k_seed90_13770938__checkpoint_300000,question_D_hier90_linear10_two_phase_200k_seed90_13770938,300000,0.7462324500083923,5,1,quest,matrix_aux_detector_raw,406,0.0,6.490951470578189e-08
question_D_hier90_linear10_two_phase_200k_seed90_13770938__checkpoint_300000,question_D_hier90_linear10_two_phase_200k_seed90_13770938,300000,0.7462324500083923,5,2,quest,matrix_aux_detector_raw,406,0.007389162561576354,0.008696512579410893
question_D_hier90_linear10_two_phase_200k_seed90_13770938__checkpoint_300000,question_D_hier90_linear10_two_phase_200k_seed90_13770938,300000,0.7462324500083923,5,3,quest,matrix_aux_detector_raw,406,0.0,8.067140016437824e-10
question_D_hier90_linear10_two_phase_200k_seed90_13770938__checkpoint_300000,question_D_hier90_linear10_two_phase_200k_seed90_13770938,300000,0.7462324500083923,5,4,quest,matrix_aux_detector_raw,406,0.0,9.73114166385842e-06
question_D_hier90_linear10_two_phase_200k_seed90_13770938__checkpoint_300000,question_D_hier90_linear10_two_phase_200k_seed90_13770938,300000,0.7462324500083923,5,5,quest,matrix_aux_detector_raw,406,0.45566502463054187,0.41030938872897055
question_D_hier90_linear10_two_phase_200k_seed90_13770938__checkpoint_300000,question_D_hier90_linear10_two_phase_200k_seed90_13770938,300000,0.7462324500083923,5,6,quest,matrix_aux_detector_raw,406,0.0,3.457899113898911e-08
question_D_hier90_linear10_two_phase_200k_seed90_13770938__checkpoint_300000,question_D_hier90_linear10_two_phase_200k_seed90_13770938,300000,0.7462324500083923,5,7,quest,matrix_aux_detector_raw,406,0.0,0.0004615500340161998
question_D_hier90_linear10_two_phase_200k_seed91_13771414__checkpoint_300000,question_D_hier90_linear10_two_phase_200k_seed91_13771414,300000,0.9206986427307129,0,0,quest,matrix_aux_detector_raw,406,0.0,1.5755625356495798e-28
question_D_hier90_linear10_two_phase_200k_seed91_13771414__checkpoint_300000,question_D_hier90_linear10_two_phase_200k_seed91_13771414,300000,0.9206986427307129,0,1,quest,matrix_aux_detector_raw,406,0.0,3.874317978720561e-10
question_D_hier90_linear10_two_phase_200k_seed91_13771414__checkpoint_300000,question_D_hier90_linear10_two_phase_200k_seed91_13771414,300000,0.9206986427307129,0,2,quest,matrix_aux_detector_raw,406,0.0,6.204567962601416e-08
question_D_hier90_linear10_two_phase_200k_seed91_13771414__checkpoint_300000,question_D_hier90_linear10_two_phase_200k_seed91_13771414,300000,0.9206986427307129,0,3,quest,matrix_aux_detector_raw,406,0.0,2.9011199408746036e-21
question_D_hier90_linear10_two_phase_200k_seed91_13771414__checkpoint_300000,question_D_hier90_linear10_two_phase_200k_seed91_13771414,300000,0.9206986427307129,0,4,quest,matrix_aux_detector_raw,406,0.0,1.7625766888094555e-33
question_D_hier90_linear10_two_phase_200k_seed91_13771414__checkpoint_300000,question_D_hier90_linear10_two_phase_200k_seed91_13771414,300000,0.9206986427307129,0,5,quest,matrix_aux_detector_raw,406,0.0,3.7684523005372697e-13
question_D_hier90_linear10_two_phase_200k_seed91_13771414__checkpoint_300000,question_D_hier90_linear10_two_phase_200k_seed91_13771414,300000,0.9206986427307129,0,6,quest,matrix_aux_detector_raw,406,0.3842364532019704,0.37164688297534876
question_D_hier90_linear10_two_phase_200k_seed91_13771414__checkpoint_300000,question_D_hier90_linear10_two_phase_200k_seed91_13771414,300000,0.9206986427307129,0,7,quest,matrix_aux_detector_raw,406,0.0,1.3032582660484053e-15
question_D_hier90_linear10_two_phase_200k_seed91_13771414__checkpoint_300000,question_D_hier90_linear10_two_phase_200k_seed91_13771414,300000,0.9206986427307129,1,0,quest,matrix_aux_detector_raw,406,0.0,5.799669105864961e-07
question_D_hier90_linear10_two_phase_200k_seed91_13771414__checkpoint_300000,question_D_hier90_linear10_two_phase_200k_seed91_13771414,300000,0.9206986427307129,1,1,quest,matrix_aux_detector_raw,406,0.0,3.446638431128569e-05
question_D_hier90_linear10_two_phase_200k_seed91_13771414__checkpoint_300000,question_D_hier90_linear10_two_phase_200k_seed91_13771414,300000,0.9206986427307129,1,2,quest,matrix_aux_detector_raw,406,0.0,3.4545236734140876e-06
question_D_hier90_linear10_two_phase_200k_seed91_13771414__checkpoint_300000,question_D_hier90_linear10_two_phase_200k_seed91_13771414,300000,0.9206986427307129,1,3,quest,matrix_aux_detector_raw,406,0.0,1.3106877931495222e-06
question_D_hier90_linear10_two_phase_200k_seed91_13771414__checkpoint_300000,question_D_hier90_linear10_two_phase_200k_seed91_13771414,300000,0.9206986427307129,1,4,quest,matrix_aux_detector_raw,406,1.0,0.9970403423743882
question_D_hier90_linear10_two_phase_200k_seed91_13771414__checkpoint_300000,question_D_hier90_linear10_two_phase_200k_seed91_13771414,300000,0.9206986427307129,1,5,quest,matrix_aux_detector_raw,406,0.0,1.0348792005723018e-05
question_D_hier90_linear10_two_phase_200k_seed91_13771414__checkpoint_300000,question_D_hier90_linear10_two_phase_200k_seed91_13771414,300000,0.9206986427307129,1,6,quest,matrix_aux_detector_raw,406,0.0,1.0017222317152605e-05
question_D_hier90_linear10_two_phase_200k_seed91_13771414__checkpoint_300000,question_D_hier90_linear10_two_phase_200k_seed91_13771414,300000,0.9206986427307129,1,7,quest,matrix_aux_detector_raw,406,0.034482758620689655,0.017555467209352336
question_D_hier90_linear10_two_phase_200k_seed91_13771414__checkpoint_300000,question_D_hier90_linear10_two_phase_200k_seed91_13771414,300000,0.9206986427307129,2,0,quest,matrix_aux_detector_raw,406,0.0,5.229451232967091e-07
question_D_hier90_linear10_two_phase_200k_seed91_13771414__checkpoint_300000,question_D_hier90_linear10_two_phase_200k_seed91_13771414,300000,0.9206986427307129,2,1,quest,matrix_aux_detector_raw,406,0.0,1.0968066085210494e-10
question_D_hier90_linear10_two_phase_200k_seed91_13771414__checkpoint_300000,question_D_hier90_linear10_two_phase_200k_seed91_13771414,300000,0.9206986427307129,2,2,quest,matrix_aux_detector_raw,406,0.0,4.6496932611850684e-10
question_D_hier90_linear10_two_phase_200k_seed91_13771414__checkpoint_300000,question_D_hier90_linear10_two_phase_200k_seed91_13771414,300000,0.9206986427307129,2,3,quest,matrix_aux_detector_raw,406,0.029556650246305417,0.01773918098374325
question_D_hier90_linear10_two_phase_200k_seed91_13771414__checkpoint_300000,question_D_hier90_linear10_two_phase_200k_seed91_13771414,300000,0.9206986427307129,2,4,quest,matrix_aux_detector_raw,406,0.0,4.468872442144351e-08
question_D_hier90_linear10_two_phase_200k_seed91_13771414__checkpoint_300000,question_D_hier90_linear10_two_phase_200k_seed91_13771414,300000,0.9206986427307129,2,5,quest,matrix_aux_detector_raw,406,0.0024630541871921183,0.02437598646480228
question_D_hier90_linear10_two_phase_200k_seed91_13771414__checkpoint_300000,question_D_hier90_linear10_two_phase_200k_seed91_13771414,300000,0.9206986427307129,2,6,quest,matrix_aux_detector_raw,406,0.916256157635468,0.8839726952255409
question_D_hier90_linear10_two_phase_200k_seed91_13771414__checkpoint_300000,question_D_hier90_linear10_two_phase_200k_seed91_13771414,300000,0.9206986427307129,2,7,quest,matrix_aux_detector_raw,406,0.0,7.403160144103476e-08
question_D_hier90_linear10_two_phase_200k_seed91_13771414__checkpoint_300000,question_D_hier90_linear10_two_phase_200k_seed91_13771414,300000,0.9206986427307129,3,0,quest,matrix_aux_detector_raw,406,0.9753694581280788,0.9545967440889905
question_D_hier90_linear10_two_phase_200k_seed91_13771414__checkpoint_300000,question_D_hier90_linear10_two_phase_200k_seed91_13771414,300000,0.9206986427307129,3,1,quest,matrix_aux_detector_raw,406,0.0,3.646226451277222e-05
question_D_hier90_linear10_two_phase_200k_seed91_13771414__checkpoint_300000,question_D_hier90_linear10_two_phase_200k_seed91_13771414,300000,0.9206986427307129,3,2,quest,matrix_aux_detector_raw,406,0.0,4.796741368843174e-06
question_D_hier90_linear10_two_phase_200k_seed91_13771414__checkpoint_300000,question_D_hier90_linear10_two_phase_200k_seed91_13771414,300000,0.9206986427307129,3,3,quest,matrix_aux_detector_raw,406,0.0,1.3069570375420832e-08
question_D_hier90_linear10_two_phase_200k_seed91_13771414__checkpoint_300000,question_D_hier90_linear10_two_phase_200k_seed91_13771414,300000,0.9206986427307129,3,4,quest,matrix_aux_detector_raw,406,0.0,7.322763446485402e-08
question_D_hier90_linear10_two_phase_200k_seed91_13771414__checkpoint_300000,question_D_hier90_linear10_two_phase_200k_seed91_13771414,300000,0.9206986427307129,3,5,quest,matrix_aux_detector_raw,406,0.35467980295566504,0.35439283769480306
question_D_hier90_linear10_two_phase_200k_seed91_13771414__checkpoint_300000,question_D_hier90_linear10_two_phase_200k_seed91_13771414,300000,0.9206986427307129,3,6,quest,matrix_aux_detector_raw,406,0.0049261083743842365,0.004245753143312771
question_D_hier90_linear10_two_phase_200k_seed91_13771414__checkpoint_300000,question_D_hier90_linear10_two_phase_200k_seed91_13771414,300000,0.9206986427307129,3,7,quest,matrix_aux_detector_raw,406,0.0,7.241303447390955e-12
question_D_hier90_linear10_two_phase_200k_seed91_13771414__checkpoint_300000,question_D_hier90_linear10_two_phase_200k_seed91_13771414,300000,0.9206986427307129,4,0,quest,matrix_aux_detector_raw,406,0.0,1.7507129704335272e-12
question_D_hier90_linear10_two_phase_200k_seed91_13771414__checkpoint_300000,question_D_hier90_linear10_two_phase_200k_seed91_13771414,300000,0.9206986427307129,4,1,quest,matrix_aux_detector_raw,406,1.0,0.9997527712378008
question_D_hier90_linear10_two_phase_200k_seed91_13771414__checkpoint_300000,question_D_hier90_linear10_two_phase_200k_seed91_13771414,300000,0.9206986427307129,4,2,quest,matrix_aux_detector_raw,406,0.0,1.1692129809933028e-11
question_D_hier90_linear10_two_phase_200k_seed91_13771414__checkpoint_300000,question_D_hier90_linear10_two_phase_200k_seed91_13771414,300000,0.9206986427307129,4,3,quest,matrix_aux_detector_raw,406,0.9901477832512315,0.9893463337036601
question_D_hier90_linear10_two_phase_200k_seed91_13771414__checkpoint_300000,question_D_hier90_linear10_two_phase_200k_seed91_13771414,300000,0.9206986427307129,4,4,quest,matrix_aux_detector_raw,406,1.0,0.9999999973574295
question_D_hier90_linear10_two_phase_200k_seed91_13771414__checkpoint_300000,question_D_hier90_linear10_two_phase_200k_seed91_13771414,300000,0.9206986427307129,4,5,quest,matrix_aux_detector_raw,406,0.0,5.316965561548639e-09
question_D_hier90_linear10_two_phase_200k_seed91_13771414__checkpoint_300000,question_D_hier90_linear10_two_phase_200k_seed91_13771414,300000,0.9206986427307129,4,6,quest,matrix_aux_detector_raw,406,0.0,0.001525337571511336
question_D_hier90_linear10_two_phase_200k_seed91_13771414__checkpoint_300000,question_D_hier90_linear10_two_phase_200k_seed91_13771414,300000,0.9206986427307129,4,7,quest,matrix_aux_detector_raw,406,0.0,2.399640840266844e-10
question_D_hier90_linear10_two_phase_200k_seed91_13771414__checkpoint_300000,question_D_hier90_linear10_two_phase_200k_seed91_13771414,300000,0.9206986427307129,5,0,quest,matrix_aux_detector_raw,406,0.0,7.639085739118169e-05
question_D_hier90_linear10_two_phase_200k_seed91_13771414__checkpoint_300000,question_D_hier90_linear10_two_phase_200k_seed91_13771414,300000,0.9206986427307129,5,1,quest,matrix_aux_detector_raw,406,0.23891625615763548,0.2391747944605983
question_D_hier90_linear10_two_phase_200k_seed91_13771414__checkpoint_300000,question_D_hier90_linear10_two_phase_200k_seed91_13771414,300000,0.9206986427307129,5,2,quest,matrix_aux_detector_raw,406,0.0,1.0677617104020863e-05
question_D_hier90_linear10_two_phase_200k_seed91_13771414__checkpoint_300000,question_D_hier90_linear10_two_phase_200k_seed91_13771414,300000,0.9206986427307129,5,3,quest,matrix_aux_detector_raw,406,0.014778325123152709,0.012590199775101688
question_D_hier90_linear10_two_phase_200k_seed91_13771414__checkpoint_300000,question_D_hier90_linear10_two_phase_200k_seed91_13771414,300000,0.9206986427307129,5,4,quest,matrix_aux_detector_raw,406,0.0,6.436312477446975e-09
question_D_hier90_linear10_two_phase_200k_seed91_13771414__checkpoint_300000,question_D_hier90_linear10_two_phase_200k_seed91_13771414,300000,0.9206986427307129,5,5,quest,matrix_aux_detector_raw,406,0.0,0.00019919167797438986
question_D_hier90_linear10_two_phase_200k_seed91_13771414__checkpoint_300000,question_D_hier90_linear10_two_phase_200k_seed91_13771414,300000,0.9206986427307129,5,6,quest,matrix_aux_detector_raw,406,0.0,2.8170157743714194e-10
question_D_hier90_linear10_two_phase_200k_seed91_13771414__checkpoint_300000,question_D_hier90_linear10_two_phase_200k_seed91_13771414,300000,0.9206986427307129,5,7,quest,matrix_aux_detector_raw,406,1.0,0.9991157162072036
question_D_hier90_linear10_two_phase_200k_seed92_13772014__checkpoint_300000,question_D_hier90_linear10_two_phase_200k_seed92_13772014,300000,0.8982566595077515,0,0,quest,matrix_aux_detector_raw,406,0.0,2.8300942385567667e-31
question_D_hier90_linear10_two_phase_200k_seed92_13772014__checkpoint_300000,question_D_hier90_linear10_two_phase_200k_seed92_13772014,300000,0.8982566595077515,0,1,quest,matrix_aux_detector_raw,406,0.0,2.0482446206888142e-12
question_D_hier90_linear10_two_phase_200k_seed92_13772014__checkpoint_300000,question_D_hier90_linear10_two_phase_200k_seed92_13772014,300000,0.8982566595077515,0,2,quest,matrix_aux_detector_raw,406,0.3497536945812808,0.3337393253368369
question_D_hier90_linear10_two_phase_200k_seed92_13772014__checkpoint_300000,question_D_hier90_linear10_two_phase_200k_seed92_13772014,300000,0.8982566595077515,0,3,quest,matrix_aux_detector_raw,406,0.0024630541871921183,0.002109901102595199
question_D_hier90_linear10_two_phase_200k_seed92_13772014__checkpoint_300000,question_D_hier90_linear10_two_phase_200k_seed92_13772014,300000,0.8982566595077515,0,4,quest,matrix_aux_detector_raw,406,0.1625615763546798,0.16227415177294294
question_D_hier90_linear10_two_phase_200k_seed92_13772014__checkpoint_300000,question_D_hier90_linear10_two_phase_200k_seed92_13772014,300000,0.8982566595077515,0,5,quest,matrix_aux_detector_raw,406,0.0,5.864441136162907e-13
question_D_hier90_linear10_two_phase_200k_seed92_13772014__checkpoint_300000,question_D_hier90_linear10_two_phase_200k_seed92_13772014,300000,0.8982566595077515,0,6,quest,matrix_aux_detector_raw,406,0.0,2.4443166063755494e-13
question_D_hier90_linear10_two_phase_200k_seed92_13772014__checkpoint_300000,question_D_hier90_linear10_two_phase_200k_seed92_13772014,300000,0.8982566595077515,0,7,quest,matrix_aux_detector_raw,406,0.0,2.667418033858215e-12
question_D_hier90_linear10_two_phase_200k_seed92_13772014__checkpoint_300000,question_D_hier90_linear10_two_phase_200k_seed92_13772014,300000,0.8982566595077515,1,0,quest,matrix_aux_detector_raw,406,0.017241379310344827,0.022225283856273478
question_D_hier90_linear10_two_phase_200k_seed92_13772014__checkpoint_300000,question_D_hier90_linear10_two_phase_200k_seed92_13772014,300000,0.8982566595077515,1,1,quest,matrix_aux_detector_raw,406,0.0,0.00044167809276593126
question_D_hier90_linear10_two_phase_200k_seed92_13772014__checkpoint_300000,question_D_hier90_linear10_two_phase_200k_seed92_13772014,300000,0.8982566595077515,1,2,quest,matrix_aux_detector_raw,406,0.23399014778325122,0.15679813380737345
question_D_hier90_linear10_two_phase_200k_seed92_13772014__checkpoint_300000,question_D_hier90_linear10_two_phase_200k_seed92_13772014,300000,0.8982566595077515,1,3,quest,matrix_aux_detector_raw,406,0.0,3.6081610205372018e-09
question_D_hier90_linear10_two_phase_200k_seed92_13772014__checkpoint_300000,question_D_hier90_linear10_two_phase_200k_seed92_13772014,300000,0.8982566595077515,1,4,quest,matrix_aux_detector_raw,406,0.0,3.7231827637091764e-05
question_D_hier90_linear10_two_phase_200k_seed92_13772014__checkpoint_300000,question_D_hier90_linear10_two_phase_200k_seed92_13772014,300000,0.8982566595077515,1,5,quest,matrix_aux_detector_raw,406,0.0,0.0003250753266834231
question_D_hier90_linear10_two_phase_200k_seed92_13772014__checkpoint_300000,question_D_hier90_linear10_two_phase_200k_seed92_13772014,300000,0.8982566595077515,1,6,quest,matrix_aux_detector_raw,406,0.0,2.9061117373776066e-16
question_D_hier90_linear10_two_phase_200k_seed92_13772014__checkpoint_300000,question_D_hier90_linear10_two_phase_200k_seed92_13772014,300000,0.8982566595077515,1,7,quest,matrix_aux_detector_raw,406,0.0,0.0013542458554328112
question_D_hier90_linear10_two_phase_200k_seed92_13772014__checkpoint_300000,question_D_hier90_linear10_two_phase_200k_seed92_13772014,300000,0.8982566595077515,2,0,quest,matrix_aux_detector_raw,406,1.0,0.9880047292251305
question_D_hier90_linear10_two_phase_200k_seed92_13772014__checkpoint_300000,question_D_hier90_linear10_two_phase_200k_seed92_13772014,300000,0.8982566595077515,2,1,quest,matrix_aux_detector_raw,406,0.0,1.430659181030002e-06
question_D_hier90_linear10_two_phase_200k_seed92_13772014__checkpoint_300000,question_D_hier90_linear10_two_phase_200k_seed92_13772014,300000,0.8982566595077515,2,2,quest,matrix_aux_detector_raw,406,0.0049261083743842365,0.0036304387357296254
question_D_hier90_linear10_two_phase_200k_seed92_13772014__checkpoint_300000,question_D_hier90_linear10_two_phase_200k_seed92_13772014,300000,0.8982566595077515,2,3,quest,matrix_aux_detector_raw,406,0.0,8.533649066361633e-05
question_D_hier90_linear10_two_phase_200k_seed92_13772014__checkpoint_300000,question_D_hier90_linear10_two_phase_200k_seed92_13772014,300000,0.8982566595077515,2,4,quest,matrix_aux_detector_raw,406,0.0,0.0008277033152307568
question_D_hier90_linear10_two_phase_200k_seed92_13772014__checkpoint_300000,question_D_hier90_linear10_two_phase_200k_seed92_13772014,300000,0.8982566595077515,2,5,quest,matrix_aux_detector_raw,406,0.0,0.0012213924167254306
question_D_hier90_linear10_two_phase_200k_seed92_13772014__checkpoint_300000,question_D_hier90_linear10_two_phase_200k_seed92_13772014,300000,0.8982566595077515,2,6,quest,matrix_aux_detector_raw,406,0.012315270935960592,0.010853856185497026
question_D_hier90_linear10_two_phase_200k_seed92_13772014__checkpoint_300000,question_D_hier90_linear10_two_phase_200k_seed92_13772014,300000,0.8982566595077515,2,7,quest,matrix_aux_detector_raw,406,0.0,5.953127419858519e-14
question_D_hier90_linear10_two_phase_200k_seed92_13772014__checkpoint_300000,question_D_hier90_linear10_two_phase_200k_seed92_13772014,300000,0.8982566595077515,3,0,quest,matrix_aux_detector_raw,406,0.0,4.725304334768187e-10
question_D_hier90_linear10_two_phase_200k_seed92_13772014__checkpoint_300000,question_D_hier90_linear10_two_phase_200k_seed92_13772014,300000,0.8982566595077515,3,1,quest,matrix_aux_detector_raw,406,0.0,9.301153481633953e-08
question_D_hier90_linear10_two_phase_200k_seed92_13772014__checkpoint_300000,question_D_hier90_linear10_two_phase_200k_seed92_13772014,300000,0.8982566595077515,3,2,quest,matrix_aux_detector_raw,406,1.0,0.9997055906380339
question_D_hier90_linear10_two_phase_200k_seed92_13772014__checkpoint_300000,question_D_hier90_linear10_two_phase_200k_seed92_13772014,300000,0.8982566595077515,3,3,quest,matrix_aux_detector_raw,406,0.5270935960591133,0.48589332701206095
question_D_hier90_linear10_two_phase_200k_seed92_13772014__checkpoint_300000,question_D_hier90_linear10_two_phase_200k_seed92_13772014,300000,0.8982566595077515,3,4,quest,matrix_aux_detector_raw,406,0.0,5.760046536707199e-07
question_D_hier90_linear10_two_phase_200k_seed92_13772014__checkpoint_300000,question_D_hier90_linear10_two_phase_200k_seed92_13772014,300000,0.8982566595077515,3,5,quest,matrix_aux_detector_raw,406,0.8201970443349754,0.7527542083028229
question_D_hier90_linear10_two_phase_200k_seed92_13772014__checkpoint_300000,question_D_hier90_linear10_two_phase_200k_seed92_13772014,300000,0.8982566595077515,3,6,quest,matrix_aux_detector_raw,406,0.0,4.1970451709614865e-13
question_D_hier90_linear10_two_phase_200k_seed92_13772014__checkpoint_300000,question_D_hier90_linear10_two_phase_200k_seed92_13772014,300000,0.8982566595077515,3,7,quest,matrix_aux_detector_raw,406,0.0,6.49829703364122e-13
question_D_hier90_linear10_two_phase_200k_seed92_13772014__checkpoint_300000,question_D_hier90_linear10_two_phase_200k_seed92_13772014,300000,0.8982566595077515,4,0,quest,matrix_aux_detector_raw,406,1.0,0.9998964706958808
question_D_hier90_linear10_two_phase_200k_seed92_13772014__checkpoint_300000,question_D_hier90_linear10_two_phase_200k_seed92_13772014,300000,0.8982566595077515,4,1,quest,matrix_aux_detector_raw,406,0.0,2.215929509136627e-16
question_D_hier90_linear10_two_phase_200k_seed92_13772014__checkpoint_300000,question_D_hier90_linear10_two_phase_200k_seed92_13772014,300000,0.8982566595077515,4,2,quest,matrix_aux_detector_raw,406,1.0,0.9999999788594364
question_D_hier90_linear10_two_phase_200k_seed92_13772014__checkpoint_300000,question_D_hier90_linear10_two_phase_200k_seed92_13772014,300000,0.8982566595077515,4,3,quest,matrix_aux_detector_raw,406,0.0,2.03279822790149e-07
question_D_hier90_linear10_two_phase_200k_seed92_13772014__checkpoint_300000,question_D_hier90_linear10_two_phase_200k_seed92_13772014,300000,0.8982566595077515,4,4,quest,matrix_aux_detector_raw,406,0.0,2.2828953522710232e-10
question_D_hier90_linear10_two_phase_200k_seed92_13772014__checkpoint_300000,question_D_hier90_linear10_two_phase_200k_seed92_13772014,300000,0.8982566595077515,4,5,quest,matrix_aux_detector_raw,406,0.0024630541871921183,0.004488816568162067
question_D_hier90_linear10_two_phase_200k_seed92_13772014__checkpoint_300000,question_D_hier90_linear10_two_phase_200k_seed92_13772014,300000,0.8982566595077515,4,6,quest,matrix_aux_detector_raw,406,0.21674876847290642,0.15006838632665265
question_D_hier90_linear10_two_phase_200k_seed92_13772014__checkpoint_300000,question_D_hier90_linear10_two_phase_200k_seed92_13772014,300000,0.8982566595077515,4,7,quest,matrix_aux_detector_raw,406,0.0,1.2161319075673627e-08
question_D_hier90_linear10_two_phase_200k_seed92_13772014__checkpoint_300000,question_D_hier90_linear10_two_phase_200k_seed92_13772014,300000,0.8982566595077515,5,0,quest,matrix_aux_detector_raw,406,0.0,9.482509050942002e-06
question_D_hier90_linear10_two_phase_200k_seed92_13772014__checkpoint_300000,question_D_hier90_linear10_two_phase_200k_seed92_13772014,300000,0.8982566595077515,5,1,quest,matrix_aux_detector_raw,406,0.0,0.0010415010035586868
question_D_hier90_linear10_two_phase_200k_seed92_13772014__checkpoint_300000,question_D_hier90_linear10_two_phase_200k_seed92_13772014,300000,0.8982566595077515,5,2,quest,matrix_aux_detector_raw,406,0.0,6.380033292014225e-05
question_D_hier90_linear10_two_phase_200k_seed92_13772014__checkpoint_300000,question_D_hier90_linear10_two_phase_200k_seed92_13772014,300000,0.8982566595077515,5,3,quest,matrix_aux_detector_raw,406,0.0,7.263643732004759e-06
question_D_hier90_linear10_two_phase_200k_seed92_13772014__checkpoint_300000,question_D_hier90_linear10_two_phase_200k_seed92_13772014,300000,0.8982566595077515,5,4,quest,matrix_aux_detector_raw,406,0.0,0.00014140804133317534
question_D_hier90_linear10_two_phase_200k_seed92_13772014__checkpoint_300000,question_D_hier90_linear10_two_phase_200k_seed92_13772014,300000,0.8982566595077515,5,5,quest,matrix_aux_detector_raw,406,0.0,1.1263513811595902e-06
question_D_hier90_linear10_two_phase_200k_seed92_13772014__checkpoint_300000,question_D_hier90_linear10_two_phase_200k_seed92_13772014,300000,0.8982566595077515,5,6,quest,matrix_aux_detector_raw,406,0.0,0.0001510248235444682
question_D_hier90_linear10_two_phase_200k_seed92_13772014__checkpoint_300000,question_D_hier90_linear10_two_phase_200k_seed92_13772014,300000,0.8982566595077515,5,7,quest,matrix_aux_detector_raw,406,0.0,1.8862701655954694e-06
question_D_hier90_linear10_two_phase_200k_seed93_13772029__checkpoint_300000,question_D_hier90_linear10_two_phase_200k_seed93_13772029,300000,0.9999815225601196,0,0,quest,matrix_aux_detector_raw,406,0.0,8.087390015521351e-12
question_D_hier90_linear10_two_phase_200k_seed93_13772029__checkpoint_300000,question_D_hier90_linear10_two_phase_200k_seed93_13772029,300000,0.9999815225601196,0,1,quest,matrix_aux_detector_raw,406,0.0,1.6065293804952897e-15
question_D_hier90_linear10_two_phase_200k_seed93_13772029__checkpoint_300000,question_D_hier90_linear10_two_phase_200k_seed93_13772029,300000,0.9999815225601196,0,2,quest,matrix_aux_detector_raw,406,0.0,2.178556251758146e-07
question_D_hier90_linear10_two_phase_200k_seed93_13772029__checkpoint_300000,question_D_hier90_linear10_two_phase_200k_seed93_13772029,300000,0.9999815225601196,0,3,quest,matrix_aux_detector_raw,406,0.45566502463054187,0.3962701523381716
question_D_hier90_linear10_two_phase_200k_seed93_13772029__checkpoint_300000,question_D_hier90_linear10_two_phase_200k_seed93_13772029,300000,0.9999815225601196,0,4,quest,matrix_aux_detector_raw,406,0.7586206896551724,0.7214249028294357
question_D_hier90_linear10_two_phase_200k_seed93_13772029__checkpoint_300000,question_D_hier90_linear10_two_phase_200k_seed93_13772029,300000,0.9999815225601196,0,5,quest,matrix_aux_detector_raw,406,0.0,3.119704345862249e-37
question_D_hier90_linear10_two_phase_200k_seed93_13772029__checkpoint_300000,question_D_hier90_linear10_two_phase_200k_seed93_13772029,300000,0.9999815225601196,0,6,quest,matrix_aux_detector_raw,406,0.0,4.4805762972038864e-07
question_D_hier90_linear10_two_phase_200k_seed93_13772029__checkpoint_300000,question_D_hier90_linear10_two_phase_200k_seed93_13772029,300000,0.9999815225601196,0,7,quest,matrix_aux_detector_raw,406,0.0,8.1191814533184e-30
question_D_hier90_linear10_two_phase_200k_seed93_13772029__checkpoint_300000,question_D_hier90_linear10_two_phase_200k_seed93_13772029,300000,0.9999815225601196,1,0,quest,matrix_aux_detector_raw,406,0.0,4.2714107554191937e-13
question_D_hier90_linear10_two_phase_200k_seed93_13772029__checkpoint_300000,question_D_hier90_linear10_two_phase_200k_seed93_13772029,300000,0.9999815225601196,1,1,quest,matrix_aux_detector_raw,406,0.6699507389162561,0.5740179684264749
question_D_hier90_linear10_two_phase_200k_seed93_13772029__checkpoint_300000,question_D_hier90_linear10_two_phase_200k_seed93_13772029,300000,0.9999815225601196,1,2,quest,matrix_aux_detector_raw,406,0.0,9.527595127231648e-06
question_D_hier90_linear10_two_phase_200k_seed93_13772029__checkpoint_300000,question_D_hier90_linear10_two_phase_200k_seed93_13772029,300000,0.9999815225601196,1,3,quest,matrix_aux_detector_raw,406,0.0,0.004338834572184546
question_D_hier90_linear10_two_phase_200k_seed93_13772029__checkpoint_300000,question_D_hier90_linear10_two_phase_200k_seed93_13772029,300000,0.9999815225601196,1,4,quest,matrix_aux_detector_raw,406,0.0,8.391656102037322e-05
question_D_hier90_linear10_two_phase_200k_seed93_13772029__checkpoint_300000,question_D_hier90_linear10_two_phase_200k_seed93_13772029,300000,0.9999815225601196,1,5,quest,matrix_aux_detector_raw,406,0.5492610837438424,0.4749941457445633
question_D_hier90_linear10_two_phase_200k_seed93_13772029__checkpoint_300000,question_D_hier90_linear10_two_phase_200k_seed93_13772029,300000,0.9999815225601196,1,6,quest,matrix_aux_detector_raw,406,0.31527093596059114,0.28920227405187277
question_D_hier90_linear10_two_phase_200k_seed93_13772029__checkpoint_300000,question_D_hier90_linear10_two_phase_200k_seed93_13772029,300000,0.9999815225601196,1,7,quest,matrix_aux_detector_raw,406,0.022167487684729065,0.021404459662738965
question_D_hier90_linear10_two_phase_200k_seed93_13772029__checkpoint_300000,question_D_hier90_linear10_two_phase_200k_seed93_13772029,300000,0.9999815225601196,2,0,quest,matrix_aux_detector_raw,406,0.0,3.1746552393424074e-06
question_D_hier90_linear10_two_phase_200k_seed93_13772029__checkpoint_300000,question_D_hier90_linear10_two_phase_200k_seed93_13772029,300000,0.9999815225601196,2,1,quest,matrix_aux_detector_raw,406,0.009852216748768473,0.007531575941950045
question_D_hier90_linear10_two_phase_200k_seed93_13772029__checkpoint_300000,question_D_hier90_linear10_two_phase_200k_seed93_13772029,300000,0.9999815225601196,2,2,quest,matrix_aux_detector_raw,406,0.0,3.6834105206642274e-06
question_D_hier90_linear10_two_phase_200k_seed93_13772029__checkpoint_300000,question_D_hier90_linear10_two_phase_200k_seed93_13772029,300000,0.9999815225601196,2,3,quest,matrix_aux_detector_raw,406,0.07881773399014778,0.059242263072399444
question_D_hier90_linear10_two_phase_200k_seed93_13772029__checkpoint_300000,question_D_hier90_linear10_two_phase_200k_seed93_13772029,300000,0.9999815225601196,2,4,quest,matrix_aux_detector_raw,406,0.0,5.517771376615331e-08
question_D_hier90_linear10_two_phase_200k_seed93_13772029__checkpoint_300000,question_D_hier90_linear10_two_phase_200k_seed93_13772029,300000,0.9999815225601196,2,5,quest,matrix_aux_detector_raw,406,0.0,2.515504273746876e-07
question_D_hier90_linear10_two_phase_200k_seed93_13772029__checkpoint_300000,question_D_hier90_linear10_two_phase_200k_seed93_13772029,300000,0.9999815225601196,2,6,quest,matrix_aux_detector_raw,406,1.0,0.9933428611661413
question_D_hier90_linear10_two_phase_200k_seed93_13772029__checkpoint_300000,question_D_hier90_linear10_two_phase_200k_seed93_13772029,300000,0.9999815225601196,2,7,quest,matrix_aux_detector_raw,406,0.0,0.0015756921127775198
question_D_hier90_linear10_two_phase_200k_seed93_13772029__checkpoint_300000,question_D_hier90_linear10_two_phase_200k_seed93_13772029,300000,0.9999815225601196,3,0,quest,matrix_aux_detector_raw,406,0.41133004926108374,0.36352092292933735
question_D_hier90_linear10_two_phase_200k_seed93_13772029__checkpoint_300000,question_D_hier90_linear10_two_phase_200k_seed93_13772029,300000,0.9999815225601196,3,1,quest,matrix_aux_detector_raw,406,0.0,8.603199031112498e-10
question_D_hier90_linear10_two_phase_200k_seed93_13772029__checkpoint_300000,question_D_hier90_linear10_two_phase_200k_seed93_13772029,300000,0.9999815225601196,3,2,quest,matrix_aux_detector_raw,406,0.0,6.499408704604543e-10
question_D_hier90_linear10_two_phase_200k_seed93_13772029__checkpoint_300000,question_D_hier90_linear10_two_phase_200k_seed93_13772029,300000,0.9999815225601196,3,3,quest,matrix_aux_detector_raw,406,0.9926108374384236,0.9895182126224629
question_D_hier90_linear10_two_phase_200k_seed93_13772029__checkpoint_300000,question_D_hier90_linear10_two_phase_200k_seed93_13772029,300000,0.9999815225601196,3,4,quest,matrix_aux_detector_raw,406,0.0,0.0008416759650691591
question_D_hier90_linear10_two_phase_200k_seed93_13772029__checkpoint_300000,question_D_hier90_linear10_two_phase_200k_seed93_13772029,300000,0.9999815225601196,3,5,quest,matrix_aux_detector_raw,406,0.0,4.420562273665925e-06
question_D_hier90_linear10_two_phase_200k_seed93_13772029__checkpoint_300000,question_D_hier90_linear10_two_phase_200k_seed93_13772029,300000,0.9999815225601196,3,6,quest,matrix_aux_detector_raw,406,0.0,6.811787273248512e-06
question_D_hier90_linear10_two_phase_200k_seed93_13772029__checkpoint_300000,question_D_hier90_linear10_two_phase_200k_seed93_13772029,300000,0.9999815225601196,3,7,quest,matrix_aux_detector_raw,406,0.0,3.226929194956352e-05
question_D_hier90_linear10_two_phase_200k_seed93_13772029__checkpoint_300000,question_D_hier90_linear10_two_phase_200k_seed93_13772029,300000,0.9999815225601196,4,0,quest,matrix_aux_detector_raw,406,0.012315270935960592,0.010099440390365933
question_D_hier90_linear10_two_phase_200k_seed93_13772029__checkpoint_300000,question_D_hier90_linear10_two_phase_200k_seed93_13772029,300000,0.9999815225601196,4,1,quest,matrix_aux_detector_raw,406,0.0,5.497393086903873e-09
question_D_hier90_linear10_two_phase_200k_seed93_13772029__checkpoint_300000,question_D_hier90_linear10_two_phase_200k_seed93_13772029,300000,0.9999815225601196,4,2,quest,matrix_aux_detector_raw,406,0.0049261083743842365,0.004690079075445841
question_D_hier90_linear10_two_phase_200k_seed93_13772029__checkpoint_300000,question_D_hier90_linear10_two_phase_200k_seed93_13772029,300000,0.9999815225601196,4,3,quest,matrix_aux_detector_raw,406,0.0,1.9242444184105327e-17
question_D_hier90_linear10_two_phase_200k_seed93_13772029__checkpoint_300000,question_D_hier90_linear10_two_phase_200k_seed93_13772029,300000,0.9999815225601196,4,4,quest,matrix_aux_detector_raw,406,0.0,8.52638955971732e-19
question_D_hier90_linear10_two_phase_200k_seed93_13772029__checkpoint_300000,question_D_hier90_linear10_two_phase_200k_seed93_13772029,300000,0.9999815225601196,4,5,quest,matrix_aux_detector_raw,406,1.0,0.9974189198075845
question_D_hier90_linear10_two_phase_200k_seed93_13772029__checkpoint_300000,question_D_hier90_linear10_two_phase_200k_seed93_13772029,300000,0.9999815225601196,4,6,quest,matrix_aux_detector_raw,406,1.0,0.9999999022248931
question_D_hier90_linear10_two_phase_200k_seed93_13772029__checkpoint_300000,question_D_hier90_linear10_two_phase_200k_seed93_13772029,300000,0.9999815225601196,4,7,quest,matrix_aux_detector_raw,406,1.0,0.9999998669906203
question_D_hier90_linear10_two_phase_200k_seed93_13772029__checkpoint_300000,question_D_hier90_linear10_two_phase_200k_seed93_13772029,300000,0.9999815225601196,5,0,quest,matrix_aux_detector_raw,406,0.0,4.164980982437855e-07
question_D_hier90_linear10_two_phase_200k_seed93_13772029__checkpoint_300000,question_D_hier90_linear10_two_phase_200k_seed93_13772029,300000,0.9999815225601196,5,1,quest,matrix_aux_detector_raw,406,0.0,8.433922428523698e-05
question_D_hier90_linear10_two_phase_200k_seed93_13772029__checkpoint_300000,question_D_hier90_linear10_two_phase_200k_seed93_13772029,300000,0.9999815225601196,5,2,quest,matrix_aux_detector_raw,406,0.0,7.018170089624277e-07
question_D_hier90_linear10_two_phase_200k_seed93_13772029__checkpoint_300000,question_D_hier90_linear10_two_phase_200k_seed93_13772029,300000,0.9999815225601196,5,3,quest,matrix_aux_detector_raw,406,0.0,1.0193969365208405e-07
question_D_hier90_linear10_two_phase_200k_seed93_13772029__checkpoint_300000,question_D_hier90_linear10_two_phase_200k_seed93_13772029,300000,0.9999815225601196,5,4,quest,matrix_aux_detector_raw,406,0.0,1.4112377902194587e-05
question_D_hier90_linear10_two_phase_200k_seed93_13772029__checkpoint_300000,question_D_hier90_linear10_two_phase_200k_seed93_13772029,300000,0.9999815225601196,5,5,quest,matrix_aux_detector_raw,406,0.0,1.0315556032247545e-07
question_D_hier90_linear10_two_phase_200k_seed93_13772029__checkpoint_300000,question_D_hier90_linear10_two_phase_200k_seed93_13772029,300000,0.9999815225601196,5,6,quest,matrix_aux_detector_raw,406,0.0,1.6251549302062323e-05
question_D_hier90_linear10_two_phase_200k_seed93_13772029__checkpoint_300000,question_D_hier90_linear10_two_phase_200k_seed93_13772029,300000,0.9999815225601196,5,7,quest,matrix_aux_detector_raw,406,0.06896551724137931,0.04311865488416458
question_D_hier90_linear10_two_phase_200k_seed94_13772162__checkpoint_300000,question_D_hier90_linear10_two_phase_200k_seed94_13772162,300000,0.9768722653388977,0,0,quest,matrix_aux_detector_raw,406,0.0,2.4058293653021515e-13
question_D_hier90_linear10_two_phase_200k_seed94_13772162__checkpoint_300000,question_D_hier90_linear10_two_phase_200k_seed94_13772162,300000,0.9768722653388977,0,1,quest,matrix_aux_detector_raw,406,0.39408866995073893,0.37197235265932005
question_D_hier90_linear10_two_phase_200k_seed94_13772162__checkpoint_300000,question_D_hier90_linear10_two_phase_200k_seed94_13772162,300000,0.9768722653388977,0,2,quest,matrix_aux_detector_raw,406,0.0,1.5255515301270175e-44
question_D_hier90_linear10_two_phase_200k_seed94_13772162__checkpoint_300000,question_D_hier90_linear10_two_phase_200k_seed94_13772162,300000,0.9768722653388977,0,3,quest,matrix_aux_detector_raw,406,0.0,2.0708844300366754e-47
question_D_hier90_linear10_two_phase_200k_seed94_13772162__checkpoint_300000,question_D_hier90_linear10_two_phase_200k_seed94_13772162,300000,0.9768722653388977,0,4,quest,matrix_aux_detector_raw,406,0.0,5.317967537108444e-15
question_D_hier90_linear10_two_phase_200k_seed94_13772162__checkpoint_300000,question_D_hier90_linear10_two_phase_200k_seed94_13772162,300000,0.9768722653388977,0,5,quest,matrix_aux_detector_raw,406,0.0,1.8809557815193107e-27
question_D_hier90_linear10_two_phase_200k_seed94_13772162__checkpoint_300000,question_D_hier90_linear10_two_phase_200k_seed94_13772162,300000,0.9768722653388977,0,6,quest,matrix_aux_detector_raw,406,0.0049261083743842365,0.0034016792545177163
question_D_hier90_linear10_two_phase_200k_seed94_13772162__checkpoint_300000,question_D_hier90_linear10_two_phase_200k_seed94_13772162,300000,0.9768722653388977,0,7,quest,matrix_aux_detector_raw,406,0.2044334975369458,0.20342566951903998
question_D_hier90_linear10_two_phase_200k_seed94_13772162__checkpoint_300000,question_D_hier90_linear10_two_phase_200k_seed94_13772162,300000,0.9768722653388977,1,0,quest,matrix_aux_detector_raw,406,0.0,2.0445077962433434e-10
question_D_hier90_linear10_two_phase_200k_seed94_13772162__checkpoint_300000,question_D_hier90_linear10_two_phase_200k_seed94_13772162,300000,0.9768722653388977,1,1,quest,matrix_aux_detector_raw,406,0.0,4.397365284594223e-10
question_D_hier90_linear10_two_phase_200k_seed94_13772162__checkpoint_300000,question_D_hier90_linear10_two_phase_200k_seed94_13772162,300000,0.9768722653388977,1,2,quest,matrix_aux_detector_raw,406,0.0,1.1505386762872713e-09
question_D_hier90_linear10_two_phase_200k_seed94_13772162__checkpoint_300000,question_D_hier90_linear10_two_phase_200k_seed94_13772162,300000,0.9768722653388977,1,3,quest,matrix_aux_detector_raw,406,0.0,2.9249102892530844e-07
question_D_hier90_linear10_two_phase_200k_seed94_13772162__checkpoint_300000,question_D_hier90_linear10_two_phase_200k_seed94_13772162,300000,0.9768722653388977,1,4,quest,matrix_aux_detector_raw,406,0.06896551724137931,0.045725665145871654
question_D_hier90_linear10_two_phase_200k_seed94_13772162__checkpoint_300000,question_D_hier90_linear10_two_phase_200k_seed94_13772162,300000,0.9768722653388977,1,5,quest,matrix_aux_detector_raw,406,0.0,0.0004704858770525753
question_D_hier90_linear10_two_phase_200k_seed94_13772162__checkpoint_300000,question_D_hier90_linear10_two_phase_200k_seed94_13772162,300000,0.9768722653388977,1,6,quest,matrix_aux_detector_raw,406,0.0,1.1547386424050683e-05
question_D_hier90_linear10_two_phase_200k_seed94_13772162__checkpoint_300000,question_D_hier90_linear10_two_phase_200k_seed94_13772162,300000,0.9768722653388977,1,7,quest,matrix_aux_detector_raw,406,0.5197044334975369,0.4728842470128416
question_D_hier90_linear10_two_phase_200k_seed94_13772162__checkpoint_300000,question_D_hier90_linear10_two_phase_200k_seed94_13772162,300000,0.9768722653388977,2,0,quest,matrix_aux_detector_raw,406,0.9211822660098522,0.8387638877984366
question_D_hier90_linear10_two_phase_200k_seed94_13772162__checkpoint_300000,question_D_hier90_linear10_two_phase_200k_seed94_13772162,300000,0.9768722653388977,2,1,quest,matrix_aux_detector_raw,406,0.0,1.3657993551316791e-10
question_D_hier90_linear10_two_phase_200k_seed94_13772162__checkpoint_300000,question_D_hier90_linear10_two_phase_200k_seed94_13772162,300000,0.9768722653388977,2,2,quest,matrix_aux_detector_raw,406,0.0,1.7200787542284196e-10
question_D_hier90_linear10_two_phase_200k_seed94_13772162__checkpoint_300000,question_D_hier90_linear10_two_phase_200k_seed94_13772162,300000,0.9768722653388977,2,3,quest,matrix_aux_detector_raw,406,0.0024630541871921183,0.0011587263357182255
question_D_hier90_linear10_two_phase_200k_seed94_13772162__checkpoint_300000,question_D_hier90_linear10_two_phase_200k_seed94_13772162,300000,0.9768722653388977,2,4,quest,matrix_aux_detector_raw,406,0.9137931034482759,0.8694370366460036
question_D_hier90_linear10_two_phase_200k_seed94_13772162__checkpoint_300000,question_D_hier90_linear10_two_phase_200k_seed94_13772162,300000,0.9768722653388977,2,5,quest,matrix_aux_detector_raw,406,0.0,1.5112725488004897e-06
question_D_hier90_linear10_two_phase_200k_seed94_13772162__checkpoint_300000,question_D_hier90_linear10_two_phase_200k_seed94_13772162,300000,0.9768722653388977,2,6,quest,matrix_aux_detector_raw,406,0.019704433497536946,0.01162630386971946
question_D_hier90_linear10_two_phase_200k_seed94_13772162__checkpoint_300000,question_D_hier90_linear10_two_phase_200k_seed94_13772162,300000,0.9768722653388977,2,7,quest,matrix_aux_detector_raw,406,0.0,1.867161538966016e-05
question_D_hier90_linear10_two_phase_200k_seed94_13772162__checkpoint_300000,question_D_hier90_linear10_two_phase_200k_seed94_13772162,300000,0.9768722653388977,3,0,quest,matrix_aux_detector_raw,406,0.0,3.879850024805487e-15
question_D_hier90_linear10_two_phase_200k_seed94_13772162__checkpoint_300000,question_D_hier90_linear10_two_phase_200k_seed94_13772162,300000,0.9768722653388977,3,1,quest,matrix_aux_detector_raw,406,0.0,8.031090165749065e-08
question_D_hier90_linear10_two_phase_200k_seed94_13772162__checkpoint_300000,question_D_hier90_linear10_two_phase_200k_seed94_13772162,300000,0.9768722653388977,3,2,quest,matrix_aux_detector_raw,406,0.0,4.177973693928893e-10
question_D_hier90_linear10_two_phase_200k_seed94_13772162__checkpoint_300000,question_D_hier90_linear10_two_phase_200k_seed94_13772162,300000,0.9768722653388977,3,3,quest,matrix_aux_detector_raw,406,0.0,1.101773413374585e-09
question_D_hier90_linear10_two_phase_200k_seed94_13772162__checkpoint_300000,question_D_hier90_linear10_two_phase_200k_seed94_13772162,300000,0.9768722653388977,3,4,quest,matrix_aux_detector_raw,406,0.0,0.002368932495607843
question_D_hier90_linear10_two_phase_200k_seed94_13772162__checkpoint_300000,question_D_hier90_linear10_two_phase_200k_seed94_13772162,300000,0.9768722653388977,3,5,quest,matrix_aux_detector_raw,406,0.6945812807881774,0.6494253963665859
question_D_hier90_linear10_two_phase_200k_seed94_13772162__checkpoint_300000,question_D_hier90_linear10_two_phase_200k_seed94_13772162,300000,0.9768722653388977,3,6,quest,matrix_aux_detector_raw,406,0.012315270935960592,0.007088763925590182
question_D_hier90_linear10_two_phase_200k_seed94_13772162__checkpoint_300000,question_D_hier90_linear10_two_phase_200k_seed94_13772162,300000,0.9768722653388977,3,7,quest,matrix_aux_detector_raw,406,0.019704433497536946,0.012605713555693019
question_D_hier90_linear10_two_phase_200k_seed94_13772162__checkpoint_300000,question_D_hier90_linear10_two_phase_200k_seed94_13772162,300000,0.9768722653388977,4,0,quest,matrix_aux_detector_raw,406,0.0,2.4687812899662273e-11
question_D_hier90_linear10_two_phase_200k_seed94_13772162__checkpoint_300000,question_D_hier90_linear10_two_phase_200k_seed94_13772162,300000,0.9768722653388977,4,1,quest,matrix_aux_detector_raw,406,1.0,0.9999999985319054
question_D_hier90_linear10_two_phase_200k_seed94_13772162__checkpoint_300000,question_D_hier90_linear10_two_phase_200k_seed94_13772162,300000,0.9768722653388977,4,2,quest,matrix_aux_detector_raw,406,0.0,1.3504407895319909e-17
question_D_hier90_linear10_two_phase_200k_seed94_13772162__checkpoint_300000,question_D_hier90_linear10_two_phase_200k_seed94_13772162,300000,0.9768722653388977,4,3,quest,matrix_aux_detector_raw,406,0.0,1.941262674457737e-12
question_D_hier90_linear10_two_phase_200k_seed94_13772162__checkpoint_300000,question_D_hier90_linear10_two_phase_200k_seed94_13772162,300000,0.9768722653388977,4,4,quest,matrix_aux_detector_raw,406,1.0,0.99999873714494
question_D_hier90_linear10_two_phase_200k_seed94_13772162__checkpoint_300000,question_D_hier90_linear10_two_phase_200k_seed94_13772162,300000,0.9768722653388977,4,5,quest,matrix_aux_detector_raw,406,0.0,4.266466482325004e-11
question_D_hier90_linear10_two_phase_200k_seed94_13772162__checkpoint_300000,question_D_hier90_linear10_two_phase_200k_seed94_13772162,300000,0.9768722653388977,4,6,quest,matrix_aux_detector_raw,406,0.687192118226601,0.678681929844154
question_D_hier90_linear10_two_phase_200k_seed94_13772162__checkpoint_300000,question_D_hier90_linear10_two_phase_200k_seed94_13772162,300000,0.9768722653388977,4,7,quest,matrix_aux_detector_raw,406,1.0,0.9996971349998061
question_D_hier90_linear10_two_phase_200k_seed94_13772162__checkpoint_300000,question_D_hier90_linear10_two_phase_200k_seed94_13772162,300000,0.9768722653388977,5,0,quest,matrix_aux_detector_raw,406,0.0,1.1415206714850927e-09
question_D_hier90_linear10_two_phase_200k_seed94_13772162__checkpoint_300000,question_D_hier90_linear10_two_phase_200k_seed94_13772162,300000,0.9768722653388977,5,1,quest,matrix_aux_detector_raw,406,0.0,4.394913836391025e-08
question_D_hier90_linear10_two_phase_200k_seed94_13772162__checkpoint_300000,question_D_hier90_linear10_two_phase_200k_seed94_13772162,300000,0.9768722653388977,5,2,quest,matrix_aux_detector_raw,406,0.0,6.076923884034538e-06
question_D_hier90_linear10_two_phase_200k_seed94_13772162__checkpoint_300000,question_D_hier90_linear10_two_phase_200k_seed94_13772162,300000,0.9768722653388977,5,3,quest,matrix_aux_detector_raw,406,0.0,0.0003619371506204763
question_D_hier90_linear10_two_phase_200k_seed94_13772162__checkpoint_300000,question_D_hier90_linear10_two_phase_200k_seed94_13772162,300000,0.9768722653388977,5,4,quest,matrix_aux_detector_raw,406,0.0,0.0005112384427178217
question_D_hier90_linear10_two_phase_200k_seed94_13772162__checkpoint_300000,question_D_hier90_linear10_two_phase_200k_seed94_13772162,300000,0.9768722653388977,5,5,quest,matrix_aux_detector_raw,406,0.0,1.367611009262547e-08
question_D_hier90_linear10_two_phase_200k_seed94_13772162__checkpoint_300000,question_D_hier90_linear10_two_phase_200k_seed94_13772162,300000,0.9768722653388977,5,6,quest,matrix_aux_detector_raw,406,0.0,1.257647622814362e-07
question_D_hier90_linear10_two_phase_200k_seed94_13772162__checkpoint_300000,question_D_hier90_linear10_two_phase_200k_seed94_13772162,300000,0.9768722653388977,5,7,quest,matrix_aux_detector_raw,406,0.0,1.2553772305311785e-09
question_D_hier90_linear10_two_phase_200k_seed95_13772359__checkpoint_300000,question_D_hier90_linear10_two_phase_200k_seed95_13772359,300000,0.533426821231842,0,0,quest,matrix_aux_detector_raw,406,0.0,4.4385300012265215e-08
question_D_hier90_linear10_two_phase_200k_seed95_13772359__checkpoint_300000,question_D_hier90_linear10_two_phase_200k_seed95_13772359,300000,0.533426821231842,0,1,quest,matrix_aux_detector_raw,406,0.7586206896551724,0.7429918909728428
question_D_hier90_linear10_two_phase_200k_seed95_13772359__checkpoint_300000,question_D_hier90_linear10_two_phase_200k_seed95_13772359,300000,0.533426821231842,0,2,quest,matrix_aux_detector_raw,406,0.0,1.8634901501606006e-13
question_D_hier90_linear10_two_phase_200k_seed95_13772359__checkpoint_300000,question_D_hier90_linear10_two_phase_200k_seed95_13772359,300000,0.533426821231842,0,3,quest,matrix_aux_detector_raw,406,1.0,0.9995248285420423
question_D_hier90_linear10_two_phase_200k_seed95_13772359__checkpoint_300000,question_D_hier90_linear10_two_phase_200k_seed95_13772359,300000,0.533426821231842,0,4,quest,matrix_aux_detector_raw,406,0.0,4.345574708166772e-15
question_D_hier90_linear10_two_phase_200k_seed95_13772359__checkpoint_300000,question_D_hier90_linear10_two_phase_200k_seed95_13772359,300000,0.533426821231842,0,5,quest,matrix_aux_detector_raw,406,0.0,2.346533408030722e-15
question_D_hier90_linear10_two_phase_200k_seed95_13772359__checkpoint_300000,question_D_hier90_linear10_two_phase_200k_seed95_13772359,300000,0.533426821231842,0,6,quest,matrix_aux_detector_raw,406,0.0,3.5627855696283296e-24
question_D_hier90_linear10_two_phase_200k_seed95_13772359__checkpoint_300000,question_D_hier90_linear10_two_phase_200k_seed95_13772359,300000,0.533426821231842,0,7,quest,matrix_aux_detector_raw,406,0.0,1.4588310411382435e-15
question_D_hier90_linear10_two_phase_200k_seed95_13772359__checkpoint_300000,question_D_hier90_linear10_two_phase_200k_seed95_13772359,300000,0.533426821231842,1,0,quest,matrix_aux_detector_raw,406,0.0,9.90332564028633e-06
question_D_hier90_linear10_two_phase_200k_seed95_13772359__checkpoint_300000,question_D_hier90_linear10_two_phase_200k_seed95_13772359,300000,0.533426821231842,1,1,quest,matrix_aux_detector_raw,406,0.0049261083743842365,0.013713136125624033
question_D_hier90_linear10_two_phase_200k_seed95_13772359__checkpoint_300000,question_D_hier90_linear10_two_phase_200k_seed95_13772359,300000,0.533426821231842,1,2,quest,matrix_aux_detector_raw,406,0.0,1.3246843873726408e-14
question_D_hier90_linear10_two_phase_200k_seed95_13772359__checkpoint_300000,question_D_hier90_linear10_two_phase_200k_seed95_13772359,300000,0.533426821231842,1,3,quest,matrix_aux_detector_raw,406,0.3497536945812808,0.24376499957809575
question_D_hier90_linear10_two_phase_200k_seed95_13772359__checkpoint_300000,question_D_hier90_linear10_two_phase_200k_seed95_13772359,300000,0.533426821231842,1,4,quest,matrix_aux_detector_raw,406,0.0,3.317547057936279e-10
question_D_hier90_linear10_two_phase_200k_seed95_13772359__checkpoint_300000,question_D_hier90_linear10_two_phase_200k_seed95_13772359,300000,0.533426821231842,1,5,quest,matrix_aux_detector_raw,406,0.0,0.00029490479605620237
question_D_hier90_linear10_two_phase_200k_seed95_13772359__checkpoint_300000,question_D_hier90_linear10_two_phase_200k_seed95_13772359,300000,0.533426821231842,1,6,quest,matrix_aux_detector_raw,406,0.009852216748768473,0.005747104860586765
question_D_hier90_linear10_two_phase_200k_seed95_13772359__checkpoint_300000,question_D_hier90_linear10_two_phase_200k_seed95_13772359,300000,0.533426821231842,1,7,quest,matrix_aux_detector_raw,406,0.0,3.638944708698249e-05
question_D_hier90_linear10_two_phase_200k_seed95_13772359__checkpoint_300000,question_D_hier90_linear10_two_phase_200k_seed95_13772359,300000,0.533426821231842,2,0,quest,matrix_aux_detector_raw,406,0.5197044334975369,0.46707676568617534
question_D_hier90_linear10_two_phase_200k_seed95_13772359__checkpoint_300000,question_D_hier90_linear10_two_phase_200k_seed95_13772359,300000,0.533426821231842,2,1,quest,matrix_aux_detector_raw,406,0.33004926108374383,0.24771772215962717
question_D_hier90_linear10_two_phase_200k_seed95_13772359__checkpoint_300000,question_D_hier90_linear10_two_phase_200k_seed95_13772359,300000,0.533426821231842,2,2,quest,matrix_aux_detector_raw,406,0.0,6.989070107307985e-08
question_D_hier90_linear10_two_phase_200k_seed95_13772359__checkpoint_300000,question_D_hier90_linear10_two_phase_200k_seed95_13772359,300000,0.533426821231842,2,3,quest,matrix_aux_detector_raw,406,0.0,8.81817573150599e-07
question_D_hier90_linear10_two_phase_200k_seed95_13772359__checkpoint_300000,question_D_hier90_linear10_two_phase_200k_seed95_13772359,300000,0.533426821231842,2,4,quest,matrix_aux_detector_raw,406,0.0,1.7390896200244738e-06
question_D_hier90_linear10_two_phase_200k_seed95_13772359__checkpoint_300000,question_D_hier90_linear10_two_phase_200k_seed95_13772359,300000,0.533426821231842,2,5,quest,matrix_aux_detector_raw,406,1.0,0.9998402224092061
question_D_hier90_linear10_two_phase_200k_seed95_13772359__checkpoint_300000,question_D_hier90_linear10_two_phase_200k_seed95_13772359,300000,0.533426821231842,2,6,quest,matrix_aux_detector_raw,406,0.0,8.924609765266711e-09
question_D_hier90_linear10_two_phase_200k_seed95_13772359__checkpoint_300000,question_D_hier90_linear10_two_phase_200k_seed95_13772359,300000,0.533426821231842,2,7,quest,matrix_aux_detector_raw,406,0.43103448275862066,0.3820541505873139
question_D_hier90_linear10_two_phase_200k_seed95_13772359__checkpoint_300000,question_D_hier90_linear10_two_phase_200k_seed95_13772359,300000,0.533426821231842,3,0,quest,matrix_aux_detector_raw,406,0.18472906403940886,0.12127834265366652
question_D_hier90_linear10_two_phase_200k_seed95_13772359__checkpoint_300000,question_D_hier90_linear10_two_phase_200k_seed95_13772359,300000,0.533426821231842,3,1,quest,matrix_aux_detector_raw,406,0.0,0.0016451143468164155
question_D_hier90_linear10_two_phase_200k_seed95_13772359__checkpoint_300000,question_D_hier90_linear10_two_phase_200k_seed95_13772359,300000,0.533426821231842,3,2,quest,matrix_aux_detector_raw,406,0.0,4.517331370809269e-09
question_D_hier90_linear10_two_phase_200k_seed95_13772359__checkpoint_300000,question_D_hier90_linear10_two_phase_200k_seed95_13772359,300000,0.533426821231842,3,3,quest,matrix_aux_detector_raw,406,0.9802955665024631,0.9664338103849945
question_D_hier90_linear10_two_phase_200k_seed95_13772359__checkpoint_300000,question_D_hier90_linear10_two_phase_200k_seed95_13772359,300000,0.533426821231842,3,4,quest,matrix_aux_detector_raw,406,1.0,0.9974111320056351
question_D_hier90_linear10_two_phase_200k_seed95_13772359__checkpoint_300000,question_D_hier90_linear10_two_phase_200k_seed95_13772359,300000,0.533426821231842,3,5,quest,matrix_aux_detector_raw,406,0.0,2.133481858007467e-06
question_D_hier90_linear10_two_phase_200k_seed95_13772359__checkpoint_300000,question_D_hier90_linear10_two_phase_200k_seed95_13772359,300000,0.533426821231842,3,6,quest,matrix_aux_detector_raw,406,1.0,0.9999999653529651
question_D_hier90_linear10_two_phase_200k_seed95_13772359__checkpoint_300000,question_D_hier90_linear10_two_phase_200k_seed95_13772359,300000,0.533426821231842,3,7,quest,matrix_aux_detector_raw,406,0.0,7.434393597327677e-12
question_D_hier90_linear10_two_phase_200k_seed95_13772359__checkpoint_300000,question_D_hier90_linear10_two_phase_200k_seed95_13772359,300000,0.533426821231842,4,0,quest,matrix_aux_detector_raw,406,0.0,1.2894267538045419e-05
question_D_hier90_linear10_two_phase_200k_seed95_13772359__checkpoint_300000,question_D_hier90_linear10_two_phase_200k_seed95_13772359,300000,0.533426821231842,4,1,quest,matrix_aux_detector_raw,406,0.0024630541871921183,0.003851655931925227
question_D_hier90_linear10_two_phase_200k_seed95_13772359__checkpoint_300000,question_D_hier90_linear10_two_phase_200k_seed95_13772359,300000,0.533426821231842,4,2,quest,matrix_aux_detector_raw,406,0.0,1.1380589443065656e-05
question_D_hier90_linear10_two_phase_200k_seed95_13772359__checkpoint_300000,question_D_hier90_linear10_two_phase_200k_seed95_13772359,300000,0.533426821231842,4,3,quest,matrix_aux_detector_raw,406,0.0,5.3751729412394395e-08
question_D_hier90_linear10_two_phase_200k_seed95_13772359__checkpoint_300000,question_D_hier90_linear10_two_phase_200k_seed95_13772359,300000,0.533426821231842,4,4,quest,matrix_aux_detector_raw,406,0.16995073891625614,0.1281019834591513
question_D_hier90_linear10_two_phase_200k_seed95_13772359__checkpoint_300000,question_D_hier90_linear10_two_phase_200k_seed95_13772359,300000,0.533426821231842,4,5,quest,matrix_aux_detector_raw,406,0.0,2.4920932878223724e-05
question_D_hier90_linear10_two_phase_200k_seed95_13772359__checkpoint_300000,question_D_hier90_linear10_two_phase_200k_seed95_13772359,300000,0.533426821231842,4,6,quest,matrix_aux_detector_raw,406,0.0,9.695860857042957e-05
question_D_hier90_linear10_two_phase_200k_seed95_13772359__checkpoint_300000,question_D_hier90_linear10_two_phase_200k_seed95_13772359,300000,0.533426821231842,4,7,quest,matrix_aux_detector_raw,406,0.0,3.257387033289556e-06
question_D_hier90_linear10_two_phase_200k_seed95_13772359__checkpoint_300000,question_D_hier90_linear10_two_phase_200k_seed95_13772359,300000,0.533426821231842,5,0,quest,matrix_aux_detector_raw,406,0.1477832512315271,0.07067505942491284
question_D_hier90_linear10_two_phase_200k_seed95_13772359__checkpoint_300000,question_D_hier90_linear10_two_phase_200k_seed95_13772359,300000,0.533426821231842,5,1,quest,matrix_aux_detector_raw,406,0.0,2.153507522167286e-06
question_D_hier90_linear10_two_phase_200k_seed95_13772359__checkpoint_300000,question_D_hier90_linear10_two_phase_200k_seed95_13772359,300000,0.533426821231842,5,2,quest,matrix_aux_detector_raw,406,0.0,0.0028176317013452277
question_D_hier90_linear10_two_phase_200k_seed95_13772359__checkpoint_300000,question_D_hier90_linear10_two_phase_200k_seed95_13772359,300000,0.533426821231842,5,3,quest,matrix_aux_detector_raw,406,0.0,0.0002096046136512543
question_D_hier90_linear10_two_phase_200k_seed95_13772359__checkpoint_300000,question_D_hier90_linear10_two_phase_200k_seed95_13772359,300000,0.533426821231842,5,4,quest,matrix_aux_detector_raw,406,0.0,3.2335571554697244e-09
question_D_hier90_linear10_two_phase_200k_seed95_13772359__checkpoint_300000,question_D_hier90_linear10_two_phase_200k_seed95_13772359,300000,0.533426821231842,5,5,quest,matrix_aux_detector_raw,406,0.0,5.468054683372172e-07
question_D_hier90_linear10_two_phase_200k_seed95_13772359__checkpoint_300000,question_D_hier90_linear10_two_phase_200k_seed95_13772359,300000,0.533426821231842,5,6,quest,matrix_aux_detector_raw,406,0.0,2.150288732819905e-06
question_D_hier90_linear10_two_phase_200k_seed95_13772359__checkpoint_300000,question_D_hier90_linear10_two_phase_200k_seed95_13772359,300000,0.533426821231842,5,7,quest,matrix_aux_detector_raw,406,0.0,2.430389341430138e-10
question_D_hier90_linear10_two_phase_200k_seed96_13777368__checkpoint_300000,question_D_hier90_linear10_two_phase_200k_seed96_13777368,300000,0.9948726296424866,0,0,quest,matrix_aux_detector_raw,406,0.0,7.4903692003642e-09
question_D_hier90_linear10_two_phase_200k_seed96_13777368__checkpoint_300000,question_D_hier90_linear10_two_phase_200k_seed96_13777368,300000,0.9948726296424866,0,1,quest,matrix_aux_detector_raw,406,0.0,1.4454150355922205e-26
question_D_hier90_linear10_two_phase_200k_seed96_13777368__checkpoint_300000,question_D_hier90_linear10_two_phase_200k_seed96_13777368,300000,0.9948726296424866,0,2,quest,matrix_aux_detector_raw,406,0.0,6.1957939223893845e-15
question_D_hier90_linear10_two_phase_200k_seed96_13777368__checkpoint_300000,question_D_hier90_linear10_two_phase_200k_seed96_13777368,300000,0.9948726296424866,0,3,quest,matrix_aux_detector_raw,406,0.15763546798029557,0.15443758487174605
question_D_hier90_linear10_two_phase_200k_seed96_13777368__checkpoint_300000,question_D_hier90_linear10_two_phase_200k_seed96_13777368,300000,0.9948726296424866,0,4,quest,matrix_aux_detector_raw,406,0.0,5.322181505196311e-21
question_D_hier90_linear10_two_phase_200k_seed96_13777368__checkpoint_300000,question_D_hier90_linear10_two_phase_200k_seed96_13777368,300000,0.9948726296424866,0,5,quest,matrix_aux_detector_raw,406,0.0,2.437835021762037e-18
question_D_hier90_linear10_two_phase_200k_seed96_13777368__checkpoint_300000,question_D_hier90_linear10_two_phase_200k_seed96_13777368,300000,0.9948726296424866,0,6,quest,matrix_aux_detector_raw,406,0.0,1.3755934507546295e-11
question_D_hier90_linear10_two_phase_200k_seed96_13777368__checkpoint_300000,question_D_hier90_linear10_two_phase_200k_seed96_13777368,300000,0.9948726296424866,0,7,quest,matrix_aux_detector_raw,406,0.10098522167487685,0.07258968629558575
question_D_hier90_linear10_two_phase_200k_seed96_13777368__checkpoint_300000,question_D_hier90_linear10_two_phase_200k_seed96_13777368,300000,0.9948726296424866,1,0,quest,matrix_aux_detector_raw,406,0.029556650246305417,0.023892320568891456
question_D_hier90_linear10_two_phase_200k_seed96_13777368__checkpoint_300000,question_D_hier90_linear10_two_phase_200k_seed96_13777368,300000,0.9948726296424866,1,1,quest,matrix_aux_detector_raw,406,0.270935960591133,0.23565956656533177
question_D_hier90_linear10_two_phase_200k_seed96_13777368__checkpoint_300000,question_D_hier90_linear10_two_phase_200k_seed96_13777368,300000,0.9948726296424866,1,2,quest,matrix_aux_detector_raw,406,0.13054187192118227,0.07514814028514442
question_D_hier90_linear10_two_phase_200k_seed96_13777368__checkpoint_300000,question_D_hier90_linear10_two_phase_200k_seed96_13777368,300000,0.9948726296424866,1,3,quest,matrix_aux_detector_raw,406,0.0,0.0038760981728390266
question_D_hier90_linear10_two_phase_200k_seed96_13777368__checkpoint_300000,question_D_hier90_linear10_two_phase_200k_seed96_13777368,300000,0.9948726296424866,1,4,quest,matrix_aux_detector_raw,406,0.0,1.6465647178368288e-07
question_D_hier90_linear10_two_phase_200k_seed96_13777368__checkpoint_300000,question_D_hier90_linear10_two_phase_200k_seed96_13777368,300000,0.9948726296424866,1,5,quest,matrix_aux_detector_raw,406,0.458128078817734,0.315719343919204
question_D_hier90_linear10_two_phase_200k_seed96_13777368__checkpoint_300000,question_D_hier90_linear10_two_phase_200k_seed96_13777368,300000,0.9948726296424866,1,6,quest,matrix_aux_detector_raw,406,0.0,2.8739880674273146e-11
question_D_hier90_linear10_two_phase_200k_seed96_13777368__checkpoint_300000,question_D_hier90_linear10_two_phase_200k_seed96_13777368,300000,0.9948726296424866,1,7,quest,matrix_aux_detector_raw,406,0.0,1.1658057648690734e-09
question_D_hier90_linear10_two_phase_200k_seed96_13777368__checkpoint_300000,question_D_hier90_linear10_two_phase_200k_seed96_13777368,300000,0.9948726296424866,2,0,quest,matrix_aux_detector_raw,406,0.0,3.709786190704664e-15
question_D_hier90_linear10_two_phase_200k_seed96_13777368__checkpoint_300000,question_D_hier90_linear10_two_phase_200k_seed96_13777368,300000,0.9948726296424866,2,1,quest,matrix_aux_detector_raw,406,0.03940886699507389,0.03518264564414111
question_D_hier90_linear10_two_phase_200k_seed96_13777368__checkpoint_300000,question_D_hier90_linear10_two_phase_200k_seed96_13777368,300000,0.9948726296424866,2,2,quest,matrix_aux_detector_raw,406,0.0024630541871921183,0.002142456631084375
question_D_hier90_linear10_two_phase_200k_seed96_13777368__checkpoint_300000,question_D_hier90_linear10_two_phase_200k_seed96_13777368,300000,0.9948726296424866,2,3,quest,matrix_aux_detector_raw,406,0.8103448275862069,0.6951763127467955
question_D_hier90_linear10_two_phase_200k_seed96_13777368__checkpoint_300000,question_D_hier90_linear10_two_phase_200k_seed96_13777368,300000,0.9948726296424866,2,4,quest,matrix_aux_detector_raw,406,0.0,0.0033855209856425788
question_D_hier90_linear10_two_phase_200k_seed96_13777368__checkpoint_300000,question_D_hier90_linear10_two_phase_200k_seed96_13777368,300000,0.9948726296424866,2,5,quest,matrix_aux_detector_raw,406,0.9975369458128078,0.9825645536734846
question_D_hier90_linear10_two_phase_200k_seed96_13777368__checkpoint_300000,question_D_hier90_linear10_two_phase_200k_seed96_13777368,300000,0.9948726296424866,2,6,quest,matrix_aux_detector_raw,406,0.9261083743842364,0.8912573838619334
question_D_hier90_linear10_two_phase_200k_seed96_13777368__checkpoint_300000,question_D_hier90_linear10_two_phase_200k_seed96_13777368,300000,0.9948726296424866,2,7,quest,matrix_aux_detector_raw,406,0.8916256157635468,0.8542985290399051
question_D_hier90_linear10_two_phase_200k_seed96_13777368__checkpoint_300000,question_D_hier90_linear10_two_phase_200k_seed96_13777368,300000,0.9948726296424866,3,0,quest,matrix_aux_detector_raw,406,0.0,4.622342806154313e-11
question_D_hier90_linear10_two_phase_200k_seed96_13777368__checkpoint_300000,question_D_hier90_linear10_two_phase_200k_seed96_13777368,300000,0.9948726296424866,3,1,quest,matrix_aux_detector_raw,406,1.0,0.9999638453786597
question_D_hier90_linear10_two_phase_200k_seed96_13777368__checkpoint_300000,question_D_hier90_linear10_two_phase_200k_seed96_13777368,300000,0.9948726296424866,3,2,quest,matrix_aux_detector_raw,406,0.0,0.0001577006392756667
question_D_hier90_linear10_two_phase_200k_seed96_13777368__checkpoint_300000,question_D_hier90_linear10_two_phase_200k_seed96_13777368,300000,0.9948726296424866,3,3,quest,matrix_aux_detector_raw,406,0.9359605911330049,0.8825643389271297
question_D_hier90_linear10_two_phase_200k_seed96_13777368__checkpoint_300000,question_D_hier90_linear10_two_phase_200k_seed96_13777368,300000,0.9948726296424866,3,4,quest,matrix_aux_detector_raw,406,1.0,0.9999984862475559
question_D_hier90_linear10_two_phase_200k_seed96_13777368__checkpoint_300000,question_D_hier90_linear10_two_phase_200k_seed96_13777368,300000,0.9948726296424866,3,5,quest,matrix_aux_detector_raw,406,0.0,1.8360226942286916e-10
question_D_hier90_linear10_two_phase_200k_seed96_13777368__checkpoint_300000,question_D_hier90_linear10_two_phase_200k_seed96_13777368,300000,0.9948726296424866,3,6,quest,matrix_aux_detector_raw,406,0.0,4.53956117102447e-16
question_D_hier90_linear10_two_phase_200k_seed96_13777368__checkpoint_300000,question_D_hier90_linear10_two_phase_200k_seed96_13777368,300000,0.9948726296424866,3,7,quest,matrix_aux_detector_raw,406,0.0,4.650990064792075e-08
question_D_hier90_linear10_two_phase_200k_seed96_13777368__checkpoint_300000,question_D_hier90_linear10_two_phase_200k_seed96_13777368,300000,0.9948726296424866,4,0,quest,matrix_aux_detector_raw,406,0.15763546798029557,0.13044477637457338
question_D_hier90_linear10_two_phase_200k_seed96_13777368__checkpoint_300000,question_D_hier90_linear10_two_phase_200k_seed96_13777368,300000,0.9948726296424866,4,1,quest,matrix_aux_detector_raw,406,0.0,1.603728711408665e-12
question_D_hier90_linear10_two_phase_200k_seed96_13777368__checkpoint_300000,question_D_hier90_linear10_two_phase_200k_seed96_13777368,300000,0.9948726296424866,4,2,quest,matrix_aux_detector_raw,406,0.0,0.0002260024468592931
question_D_hier90_linear10_two_phase_200k_seed96_13777368__checkpoint_300000,question_D_hier90_linear10_two_phase_200k_seed96_13777368,300000,0.9948726296424866,4,3,quest,matrix_aux_detector_raw,406,0.0,5.60506719208371e-12
question_D_hier90_linear10_two_phase_200k_seed96_13777368__checkpoint_300000,question_D_hier90_linear10_two_phase_200k_seed96_13777368,300000,0.9948726296424866,4,4,quest,matrix_aux_detector_raw,406,1.0,0.9999990745131018
question_D_hier90_linear10_two_phase_200k_seed96_13777368__checkpoint_300000,question_D_hier90_linear10_two_phase_200k_seed96_13777368,300000,0.9948726296424866,4,5,quest,matrix_aux_detector_raw,406,0.0,0.0004160322909232362
question_D_hier90_linear10_two_phase_200k_seed96_13777368__checkpoint_300000,question_D_hier90_linear10_two_phase_200k_seed96_13777368,300000,0.9948726296424866,4,6,quest,matrix_aux_detector_raw,406,1.0,0.9999890207069848
question_D_hier90_linear10_two_phase_200k_seed96_13777368__checkpoint_300000,question_D_hier90_linear10_two_phase_200k_seed96_13777368,300000,0.9948726296424866,4,7,quest,matrix_aux_detector_raw,406,0.0,7.438700114952511e-06
question_D_hier90_linear10_two_phase_200k_seed96_13777368__checkpoint_300000,question_D_hier90_linear10_two_phase_200k_seed96_13777368,300000,0.9948726296424866,5,0,quest,matrix_aux_detector_raw,406,1.0,0.9910842611137869
question_D_hier90_linear10_two_phase_200k_seed96_13777368__checkpoint_300000,question_D_hier90_linear10_two_phase_200k_seed96_13777368,300000,0.9948726296424866,5,1,quest,matrix_aux_detector_raw,406,0.012315270935960592,0.006341301617616151
question_D_hier90_linear10_two_phase_200k_seed96_13777368__checkpoint_300000,question_D_hier90_linear10_two_phase_200k_seed96_13777368,300000,0.9948726296424866,5,2,quest,matrix_aux_detector_raw,406,0.9975369458128078,0.9963342101024143
question_D_hier90_linear10_two_phase_200k_seed96_13777368__checkpoint_300000,question_D_hier90_linear10_two_phase_200k_seed96_13777368,300000,0.9948726296424866,5,3,quest,matrix_aux_detector_raw,406,0.0,1.0813771869561003e-06
question_D_hier90_linear10_two_phase_200k_seed96_13777368__checkpoint_300000,question_D_hier90_linear10_two_phase_200k_seed96_13777368,300000,0.9948726296424866,5,4,quest,matrix_aux_detector_raw,406,0.0,0.0008698845227361177
question_D_hier90_linear10_two_phase_200k_seed96_13777368__checkpoint_300000,question_D_hier90_linear10_two_phase_200k_seed96_13777368,300000,0.9948726296424866,5,5,quest,matrix_aux_detector_raw,406,0.0,2.309701610015868e-06
question_D_hier90_linear10_two_phase_200k_seed96_13777368__checkpoint_300000,question_D_hier90_linear10_two_phase_200k_seed96_13777368,300000,0.9948726296424866,5,6,quest,matrix_aux_detector_raw,406,0.0024630541871921183,0.003320154714284606
question_D_hier90_linear10_two_phase_200k_seed96_13777368__checkpoint_300000,question_D_hier90_linear10_two_phase_200k_seed96_13777368,300000,0.9948726296424866,5,7,quest,matrix_aux_detector_raw,406,0.9310344827586207,0.8956775979156545
question_D_hier90_linear10_two_phase_200k_seed97_14895579__checkpoint_300000,question_D_hier90_linear10_two_phase_200k_seed97_14895579,300000,0.00010565980483079329,0,0,quest,matrix_aux_detector_raw,406,0.0,7.017191891179275e-43
question_D_hier90_linear10_two_phase_200k_seed97_14895579__checkpoint_300000,question_D_hier90_linear10_two_phase_200k_seed97_14895579,300000,0.00010565980483079329,0,1,quest,matrix_aux_detector_raw,406,0.0,7.153382158291154e-07
question_D_hier90_linear10_two_phase_200k_seed97_14895579__checkpoint_300000,question_D_hier90_linear10_two_phase_200k_seed97_14895579,300000,0.00010565980483079329,0,2,quest,matrix_aux_detector_raw,406,0.0,4.91153232475934e-13
question_D_hier90_linear10_two_phase_200k_seed97_14895579__checkpoint_300000,question_D_hier90_linear10_two_phase_200k_seed97_14895579,300000,0.00010565980483079329,0,3,quest,matrix_aux_detector_raw,406,0.0,5.7841905367270745e-21
question_D_hier90_linear10_two_phase_200k_seed97_14895579__checkpoint_300000,question_D_hier90_linear10_two_phase_200k_seed97_14895579,300000,0.00010565980483079329,0,4,quest,matrix_aux_detector_raw,406,0.14532019704433496,0.12619408851566533
question_D_hier90_linear10_two_phase_200k_seed97_14895579__checkpoint_300000,question_D_hier90_linear10_two_phase_200k_seed97_14895579,300000,0.00010565980483079329,0,5,quest,matrix_aux_detector_raw,406,0.0,8.289699977283361e-26
question_D_hier90_linear10_two_phase_200k_seed97_14895579__checkpoint_300000,question_D_hier90_linear10_two_phase_200k_seed97_14895579,300000,0.00010565980483079329,0,6,quest,matrix_aux_detector_raw,406,0.0,4.28934605926243e-27
question_D_hier90_linear10_two_phase_200k_seed97_14895579__checkpoint_300000,question_D_hier90_linear10_two_phase_200k_seed97_14895579,300000,0.00010565980483079329,0,7,quest,matrix_aux_detector_raw,406,0.0,3.562276080691345e-18
question_D_hier90_linear10_two_phase_200k_seed97_14895579__checkpoint_300000,question_D_hier90_linear10_two_phase_200k_seed97_14895579,300000,0.00010565980483079329,1,0,quest,matrix_aux_detector_raw,406,0.04433497536945813,0.02659847926950392
question_D_hier90_linear10_two_phase_200k_seed97_14895579__checkpoint_300000,question_D_hier90_linear10_two_phase_200k_seed97_14895579,300000,0.00010565980483079329,1,1,quest,matrix_aux_detector_raw,406,0.0,0.00020625728335022097
question_D_hier90_linear10_two_phase_200k_seed97_14895579__checkpoint_300000,question_D_hier90_linear10_two_phase_200k_seed97_14895579,300000,0.00010565980483079329,1,2,quest,matrix_aux_detector_raw,406,0.0,5.988995974442382e-18
question_D_hier90_linear10_two_phase_200k_seed97_14895579__checkpoint_300000,question_D_hier90_linear10_two_phase_200k_seed97_14895579,300000,0.00010565980483079329,1,3,quest,matrix_aux_detector_raw,406,0.0,3.4680667048462705e-07
question_D_hier90_linear10_two_phase_200k_seed97_14895579__checkpoint_300000,question_D_hier90_linear10_two_phase_200k_seed97_14895579,300000,0.00010565980483079329,1,4,quest,matrix_aux_detector_raw,406,0.0,1.0586156895369774e-09
question_D_hier90_linear10_two_phase_200k_seed97_14895579__checkpoint_300000,question_D_hier90_linear10_two_phase_200k_seed97_14895579,300000,0.00010565980483079329,1,5,quest,matrix_aux_detector_raw,406,0.770935960591133,0.7432834834535018
question_D_hier90_linear10_two_phase_200k_seed97_14895579__checkpoint_300000,question_D_hier90_linear10_two_phase_200k_seed97_14895579,300000,0.00010565980483079329,1,6,quest,matrix_aux_detector_raw,406,0.0,1.3647993958335778e-09
question_D_hier90_linear10_two_phase_200k_seed97_14895579__checkpoint_300000,question_D_hier90_linear10_two_phase_200k_seed97_14895579,300000,0.00010565980483079329,1,7,quest,matrix_aux_detector_raw,406,0.0,0.00034548992441446017
question_D_hier90_linear10_two_phase_200k_seed97_14895579__checkpoint_300000,question_D_hier90_linear10_two_phase_200k_seed97_14895579,300000,0.00010565980483079329,2,0,quest,matrix_aux_detector_raw,406,0.4802955665024631,0.4106238594671588
question_D_hier90_linear10_two_phase_200k_seed97_14895579__checkpoint_300000,question_D_hier90_linear10_two_phase_200k_seed97_14895579,300000,0.00010565980483079329,2,1,quest,matrix_aux_detector_raw,406,0.0,0.0011080159957570458
question_D_hier90_linear10_two_phase_200k_seed97_14895579__checkpoint_300000,question_D_hier90_linear10_two_phase_200k_seed97_14895579,300000,0.00010565980483079329,2,2,quest,matrix_aux_detector_raw,406,0.8201970443349754,0.7442750916979264
question_D_hier90_linear10_two_phase_200k_seed97_14895579__checkpoint_300000,question_D_hier90_linear10_two_phase_200k_seed97_14895579,300000,0.00010565980483079329,2,3,quest,matrix_aux_detector_raw,406,0.0,1.4565343013468447e-14
question_D_hier90_linear10_two_phase_200k_seed97_14895579__checkpoint_300000,question_D_hier90_linear10_two_phase_200k_seed97_14895579,300000,0.00010565980483079329,2,4,quest,matrix_aux_detector_raw,406,0.0,2.43980789270652e-07
question_D_hier90_linear10_two_phase_200k_seed97_14895579__checkpoint_300000,question_D_hier90_linear10_two_phase_200k_seed97_14895579,300000,0.00010565980483079329,2,5,quest,matrix_aux_detector_raw,406,0.0,9.57843609181072e-12
question_D_hier90_linear10_two_phase_200k_seed97_14895579__checkpoint_300000,question_D_hier90_linear10_two_phase_200k_seed97_14895579,300000,0.00010565980483079329,2,6,quest,matrix_aux_detector_raw,406,0.022167487684729065,0.010973604237806283
question_D_hier90_linear10_two_phase_200k_seed97_14895579__checkpoint_300000,question_D_hier90_linear10_two_phase_200k_seed97_14895579,300000,0.00010565980483079329,2,7,quest,matrix_aux_detector_raw,406,0.0,2.0287326369481445e-07
question_D_hier90_linear10_two_phase_200k_seed97_14895579__checkpoint_300000,question_D_hier90_linear10_two_phase_200k_seed97_14895579,300000,0.00010565980483079329,3,0,quest,matrix_aux_detector_raw,406,0.0,6.238007549306286e-10
question_D_hier90_linear10_two_phase_200k_seed97_14895579__checkpoint_300000,question_D_hier90_linear10_two_phase_200k_seed97_14895579,300000,0.00010565980483079329,3,1,quest,matrix_aux_detector_raw,406,0.014778325123152709,0.013925929974145383
question_D_hier90_linear10_two_phase_200k_seed97_14895579__checkpoint_300000,question_D_hier90_linear10_two_phase_200k_seed97_14895579,300000,0.00010565980483079329,3,2,quest,matrix_aux_detector_raw,406,0.0,8.131610301815268e-05
question_D_hier90_linear10_two_phase_200k_seed97_14895579__checkpoint_300000,question_D_hier90_linear10_two_phase_200k_seed97_14895579,300000,0.00010565980483079329,3,3,quest,matrix_aux_detector_raw,406,0.0,0.00021730284531609157
question_D_hier90_linear10_two_phase_200k_seed97_14895579__checkpoint_300000,question_D_hier90_linear10_two_phase_200k_seed97_14895579,300000,0.00010565980483079329,3,4,quest,matrix_aux_detector_raw,406,0.0,7.203608322469062e-09
question_D_hier90_linear10_two_phase_200k_seed97_14895579__checkpoint_300000,question_D_hier90_linear10_two_phase_200k_seed97_14895579,300000,0.00010565980483079329,3,5,quest,matrix_aux_detector_raw,406,0.0,1.449780178055226e-10
question_D_hier90_linear10_two_phase_200k_seed97_14895579__checkpoint_300000,question_D_hier90_linear10_two_phase_200k_seed97_14895579,300000,0.00010565980483079329,3,6,quest,matrix_aux_detector_raw,406,0.0,1.5383617556201483e-08
question_D_hier90_linear10_two_phase_200k_seed97_14895579__checkpoint_300000,question_D_hier90_linear10_two_phase_200k_seed97_14895579,300000,0.00010565980483079329,3,7,quest,matrix_aux_detector_raw,406,0.0,3.0726685807035446e-08
question_D_hier90_linear10_two_phase_200k_seed97_14895579__checkpoint_300000,question_D_hier90_linear10_two_phase_200k_seed97_14895579,300000,0.00010565980483079329,4,0,quest,matrix_aux_detector_raw,406,0.0,3.879208232770371e-05
question_D_hier90_linear10_two_phase_200k_seed97_14895579__checkpoint_300000,question_D_hier90_linear10_two_phase_200k_seed97_14895579,300000,0.00010565980483079329,4,1,quest,matrix_aux_detector_raw,406,0.0,3.2073868935867267e-07
question_D_hier90_linear10_two_phase_200k_seed97_14895579__checkpoint_300000,question_D_hier90_linear10_two_phase_200k_seed97_14895579,300000,0.00010565980483079329,4,2,quest,matrix_aux_detector_raw,406,1.0,0.999999373270373
question_D_hier90_linear10_two_phase_200k_seed97_14895579__checkpoint_300000,question_D_hier90_linear10_two_phase_200k_seed97_14895579,300000,0.00010565980483079329,4,3,quest,matrix_aux_detector_raw,406,0.0,1.481595198134456e-12
question_D_hier90_linear10_two_phase_200k_seed97_14895579__checkpoint_300000,question_D_hier90_linear10_two_phase_200k_seed97_14895579,300000,0.00010565980483079329,4,4,quest,matrix_aux_detector_raw,406,0.0,1.1757845159722754e-07
question_D_hier90_linear10_two_phase_200k_seed97_14895579__checkpoint_300000,question_D_hier90_linear10_two_phase_200k_seed97_14895579,300000,0.00010565980483079329,4,5,quest,matrix_aux_detector_raw,406,0.0,4.756059375235015e-12
question_D_hier90_linear10_two_phase_200k_seed97_14895579__checkpoint_300000,question_D_hier90_linear10_two_phase_200k_seed97_14895579,300000,0.00010565980483079329,4,6,quest,matrix_aux_detector_raw,406,0.0,2.8606387011140534e-12
question_D_hier90_linear10_two_phase_200k_seed97_14895579__checkpoint_300000,question_D_hier90_linear10_two_phase_200k_seed97_14895579,300000,0.00010565980483079329,4,7,quest,matrix_aux_detector_raw,406,0.0,0.00012536947976007798
question_D_hier90_linear10_two_phase_200k_seed97_14895579__checkpoint_300000,question_D_hier90_linear10_two_phase_200k_seed97_14895579,300000,0.00010565980483079329,5,0,quest,matrix_aux_detector_raw,406,0.0,1.4397027128014906e-11
question_D_hier90_linear10_two_phase_200k_seed97_14895579__checkpoint_300000,question_D_hier90_linear10_two_phase_200k_seed97_14895579,300000,0.00010565980483079329,5,1,quest,matrix_aux_detector_raw,406,0.0,1.1790952800637677e-11
question_D_hier90_linear10_two_phase_200k_seed97_14895579__checkpoint_300000,question_D_hier90_linear10_two_phase_200k_seed97_14895579,300000,0.00010565980483079329,5,2,quest,matrix_aux_detector_raw,406,0.0,0.0013359460384329063
question_D_hier90_linear10_two_phase_200k_seed97_14895579__checkpoint_300000,question_D_hier90_linear10_two_phase_200k_seed97_14895579,300000,0.00010565980483079329,5,3,quest,matrix_aux_detector_raw,406,0.0,9.17977951878225e-11
question_D_hier90_linear10_two_phase_200k_seed97_14895579__checkpoint_300000,question_D_hier90_linear10_two_phase_200k_seed97_14895579,300000,0.00010565980483079329,5,4,quest,matrix_aux_detector_raw,406,0.0,6.618553631960036e-08
question_D_hier90_linear10_two_phase_200k_seed97_14895579__checkpoint_300000,question_D_hier90_linear10_two_phase_200k_seed97_14895579,300000,0.00010565980483079329,5,5,quest,matrix_aux_detector_raw,406,0.0,4.302946513194483e-08
question_D_hier90_linear10_two_phase_200k_seed97_14895579__checkpoint_300000,question_D_hier90_linear10_two_phase_200k_seed97_14895579,300000,0.00010565980483079329,5,6,quest,matrix_aux_detector_raw,406,0.0,1.9077398309134e-12
question_D_hier90_linear10_two_phase_200k_seed97_14895579__checkpoint_300000,question_D_hier90_linear10_two_phase_200k_seed97_14895579,300000,0.00010565980483079329,5,7,quest,matrix_aux_detector_raw,406,0.0,1.709392750746289e-09
question_D_hier90_linear10_two_phase_200k_seed98_13783525__checkpoint_300000,question_D_hier90_linear10_two_phase_200k_seed98_13783525,300000,0.7537150382995605,0,0,quest,matrix_aux_detector_raw,406,0.0,9.45538395432307e-14
question_D_hier90_linear10_two_phase_200k_seed98_13783525__checkpoint_300000,question_D_hier90_linear10_two_phase_200k_seed98_13783525,300000,0.7537150382995605,0,1,quest,matrix_aux_detector_raw,406,0.0,1.8459419743442498e-12
question_D_hier90_linear10_two_phase_200k_seed98_13783525__checkpoint_300000,question_D_hier90_linear10_two_phase_200k_seed98_13783525,300000,0.7537150382995605,0,2,quest,matrix_aux_detector_raw,406,0.0,3.423364570105875e-20
question_D_hier90_linear10_two_phase_200k_seed98_13783525__checkpoint_300000,question_D_hier90_linear10_two_phase_200k_seed98_13783525,300000,0.7537150382995605,0,3,quest,matrix_aux_detector_raw,406,0.0,2.0198942718879183e-10
question_D_hier90_linear10_two_phase_200k_seed98_13783525__checkpoint_300000,question_D_hier90_linear10_two_phase_200k_seed98_13783525,300000,0.7537150382995605,0,4,quest,matrix_aux_detector_raw,406,0.0,7.978699280108877e-05
question_D_hier90_linear10_two_phase_200k_seed98_13783525__checkpoint_300000,question_D_hier90_linear10_two_phase_200k_seed98_13783525,300000,0.7537150382995605,0,5,quest,matrix_aux_detector_raw,406,0.0,6.853064308391385e-17
question_D_hier90_linear10_two_phase_200k_seed98_13783525__checkpoint_300000,question_D_hier90_linear10_two_phase_200k_seed98_13783525,300000,0.7537150382995605,0,6,quest,matrix_aux_detector_raw,406,0.0,1.9638341807405025e-06
question_D_hier90_linear10_two_phase_200k_seed98_13783525__checkpoint_300000,question_D_hier90_linear10_two_phase_200k_seed98_13783525,300000,0.7537150382995605,0,7,quest,matrix_aux_detector_raw,406,0.0,1.9381659042528845e-14
question_D_hier90_linear10_two_phase_200k_seed98_13783525__checkpoint_300000,question_D_hier90_linear10_two_phase_200k_seed98_13783525,300000,0.7537150382995605,1,0,quest,matrix_aux_detector_raw,406,0.0,8.531395472866271e-07
question_D_hier90_linear10_two_phase_200k_seed98_13783525__checkpoint_300000,question_D_hier90_linear10_two_phase_200k_seed98_13783525,300000,0.7537150382995605,1,1,quest,matrix_aux_detector_raw,406,0.7463054187192119,0.7093865605279926
question_D_hier90_linear10_two_phase_200k_seed98_13783525__checkpoint_300000,question_D_hier90_linear10_two_phase_200k_seed98_13783525,300000,0.7537150382995605,1,2,quest,matrix_aux_detector_raw,406,0.27832512315270935,0.19734137030834015
question_D_hier90_linear10_two_phase_200k_seed98_13783525__checkpoint_300000,question_D_hier90_linear10_two_phase_200k_seed98_13783525,300000,0.7537150382995605,1,3,quest,matrix_aux_detector_raw,406,0.024630541871921183,0.03107903708212878
question_D_hier90_linear10_two_phase_200k_seed98_13783525__checkpoint_300000,question_D_hier90_linear10_two_phase_200k_seed98_13783525,300000,0.7537150382995605,1,4,quest,matrix_aux_detector_raw,406,0.09852216748768473,0.0585299154249627
question_D_hier90_linear10_two_phase_200k_seed98_13783525__checkpoint_300000,question_D_hier90_linear10_two_phase_200k_seed98_13783525,300000,0.7537150382995605,1,5,quest,matrix_aux_detector_raw,406,0.0,2.865476653784253e-05
question_D_hier90_linear10_two_phase_200k_seed98_13783525__checkpoint_300000,question_D_hier90_linear10_two_phase_200k_seed98_13783525,300000,0.7537150382995605,1,6,quest,matrix_aux_detector_raw,406,0.0049261083743842365,0.012209867843351737
question_D_hier90_linear10_two_phase_200k_seed98_13783525__checkpoint_300000,question_D_hier90_linear10_two_phase_200k_seed98_13783525,300000,0.7537150382995605,1,7,quest,matrix_aux_detector_raw,406,0.24876847290640394,0.19939761226320712
question_D_hier90_linear10_two_phase_200k_seed98_13783525__checkpoint_300000,question_D_hier90_linear10_two_phase_200k_seed98_13783525,300000,0.7537150382995605,2,0,quest,matrix_aux_detector_raw,406,0.9852216748768473,0.9618094757823228
question_D_hier90_linear10_two_phase_200k_seed98_13783525__checkpoint_300000,question_D_hier90_linear10_two_phase_200k_seed98_13783525,300000,0.7537150382995605,2,1,quest,matrix_aux_detector_raw,406,0.0,1.8851195920274675e-06
question_D_hier90_linear10_two_phase_200k_seed98_13783525__checkpoint_300000,question_D_hier90_linear10_two_phase_200k_seed98_13783525,300000,0.7537150382995605,2,2,quest,matrix_aux_detector_raw,406,0.0,1.214075060261778e-08
question_D_hier90_linear10_two_phase_200k_seed98_13783525__checkpoint_300000,question_D_hier90_linear10_two_phase_200k_seed98_13783525,300000,0.7537150382995605,2,3,quest,matrix_aux_detector_raw,406,0.0,0.0032349137243433885
question_D_hier90_linear10_two_phase_200k_seed98_13783525__checkpoint_300000,question_D_hier90_linear10_two_phase_200k_seed98_13783525,300000,0.7537150382995605,2,4,quest,matrix_aux_detector_raw,406,0.9975369458128078,0.9918887909556845
question_D_hier90_linear10_two_phase_200k_seed98_13783525__checkpoint_300000,question_D_hier90_linear10_two_phase_200k_seed98_13783525,300000,0.7537150382995605,2,5,quest,matrix_aux_detector_raw,406,0.0,1.8910228778581063e-07
question_D_hier90_linear10_two_phase_200k_seed98_13783525__checkpoint_300000,question_D_hier90_linear10_two_phase_200k_seed98_13783525,300000,0.7537150382995605,2,6,quest,matrix_aux_detector_raw,406,0.8226600985221675,0.6753903315736616
question_D_hier90_linear10_two_phase_200k_seed98_13783525__checkpoint_300000,question_D_hier90_linear10_two_phase_200k_seed98_13783525,300000,0.7537150382995605,2,7,quest,matrix_aux_detector_raw,406,0.8152709359605911,0.7372587733705479
question_D_hier90_linear10_two_phase_200k_seed98_13783525__checkpoint_300000,question_D_hier90_linear10_two_phase_200k_seed98_13783525,300000,0.7537150382995605,3,0,quest,matrix_aux_detector_raw,406,1.0,0.9975420167587074
question_D_hier90_linear10_two_phase_200k_seed98_13783525__checkpoint_300000,question_D_hier90_linear10_two_phase_200k_seed98_13783525,300000,0.7537150382995605,3,1,quest,matrix_aux_detector_raw,406,0.0,1.13674150945304e-05
question_D_hier90_linear10_two_phase_200k_seed98_13783525__checkpoint_300000,question_D_hier90_linear10_two_phase_200k_seed98_13783525,300000,0.7537150382995605,3,2,quest,matrix_aux_detector_raw,406,1.0,0.9998225025061903
question_D_hier90_linear10_two_phase_200k_seed98_13783525__checkpoint_300000,question_D_hier90_linear10_two_phase_200k_seed98_13783525,300000,0.7537150382995605,3,3,quest,matrix_aux_detector_raw,406,0.0,0.00010768136507408102
question_D_hier90_linear10_two_phase_200k_seed98_13783525__checkpoint_300000,question_D_hier90_linear10_two_phase_200k_seed98_13783525,300000,0.7537150382995605,3,4,quest,matrix_aux_detector_raw,406,0.0,0.0007687849258229845
question_D_hier90_linear10_two_phase_200k_seed98_13783525__checkpoint_300000,question_D_hier90_linear10_two_phase_200k_seed98_13783525,300000,0.7537150382995605,3,5,quest,matrix_aux_detector_raw,406,0.0,2.068078112884346e-09
question_D_hier90_linear10_two_phase_200k_seed98_13783525__checkpoint_300000,question_D_hier90_linear10_two_phase_200k_seed98_13783525,300000,0.7537150382995605,3,6,quest,matrix_aux_detector_raw,406,0.0,4.078733584549048e-11
question_D_hier90_linear10_two_phase_200k_seed98_13783525__checkpoint_300000,question_D_hier90_linear10_two_phase_200k_seed98_13783525,300000,0.7537150382995605,3,7,quest,matrix_aux_detector_raw,406,1.0,0.9874221200279414
question_D_hier90_linear10_two_phase_200k_seed98_13783525__checkpoint_300000,question_D_hier90_linear10_two_phase_200k_seed98_13783525,300000,0.7537150382995605,4,0,quest,matrix_aux_detector_raw,406,0.0,8.861611141610007e-09
question_D_hier90_linear10_two_phase_200k_seed98_13783525__checkpoint_300000,question_D_hier90_linear10_two_phase_200k_seed98_13783525,300000,0.7537150382995605,4,1,quest,matrix_aux_detector_raw,406,0.0,7.389930442218448e-08
question_D_hier90_linear10_two_phase_200k_seed98_13783525__checkpoint_300000,question_D_hier90_linear10_two_phase_200k_seed98_13783525,300000,0.7537150382995605,4,2,quest,matrix_aux_detector_raw,406,0.0049261083743842365,0.01588547011304454
question_D_hier90_linear10_two_phase_200k_seed98_13783525__checkpoint_300000,question_D_hier90_linear10_two_phase_200k_seed98_13783525,300000,0.7537150382995605,4,3,quest,matrix_aux_detector_raw,406,0.19704433497536947,0.14718323484449564
question_D_hier90_linear10_two_phase_200k_seed98_13783525__checkpoint_300000,question_D_hier90_linear10_two_phase_200k_seed98_13783525,300000,0.7537150382995605,4,4,quest,matrix_aux_detector_raw,406,0.0,3.068027285522299e-05
question_D_hier90_linear10_two_phase_200k_seed98_13783525__checkpoint_300000,question_D_hier90_linear10_two_phase_200k_seed98_13783525,300000,0.7537150382995605,4,5,quest,matrix_aux_detector_raw,406,0.0,1.816531726625823e-10
question_D_hier90_linear10_two_phase_200k_seed98_13783525__checkpoint_300000,question_D_hier90_linear10_two_phase_200k_seed98_13783525,300000,0.7537150382995605,4,6,quest,matrix_aux_detector_raw,406,0.0,1.158958374940428e-05
question_D_hier90_linear10_two_phase_200k_seed98_13783525__checkpoint_300000,question_D_hier90_linear10_two_phase_200k_seed98_13783525,300000,0.7537150382995605,4,7,quest,matrix_aux_detector_raw,406,0.0,1.7451761294287822e-06
question_D_hier90_linear10_two_phase_200k_seed98_13783525__checkpoint_300000,question_D_hier90_linear10_two_phase_200k_seed98_13783525,300000,0.7537150382995605,5,0,quest,matrix_aux_detector_raw,406,0.019704433497536946,0.011399701538827807
question_D_hier90_linear10_two_phase_200k_seed98_13783525__checkpoint_300000,question_D_hier90_linear10_two_phase_200k_seed98_13783525,300000,0.7537150382995605,5,1,quest,matrix_aux_detector_raw,406,0.5763546798029556,0.47131712445163293
question_D_hier90_linear10_two_phase_200k_seed98_13783525__checkpoint_300000,question_D_hier90_linear10_two_phase_200k_seed98_13783525,300000,0.7537150382995605,5,2,quest,matrix_aux_detector_raw,406,1.0,0.9998787130628314
question_D_hier90_linear10_two_phase_200k_seed98_13783525__checkpoint_300000,question_D_hier90_linear10_two_phase_200k_seed98_13783525,300000,0.7537150382995605,5,3,quest,matrix_aux_detector_raw,406,0.0,4.323112703499798e-05
question_D_hier90_linear10_two_phase_200k_seed98_13783525__checkpoint_300000,question_D_hier90_linear10_two_phase_200k_seed98_13783525,300000,0.7537150382995605,5,4,quest,matrix_aux_detector_raw,406,0.9729064039408867,0.9439875858955159
question_D_hier90_linear10_two_phase_200k_seed98_13783525__checkpoint_300000,question_D_hier90_linear10_two_phase_200k_seed98_13783525,300000,0.7537150382995605,5,5,quest,matrix_aux_detector_raw,406,0.0,7.797016031851672e-09
question_D_hier90_linear10_two_phase_200k_seed98_13783525__checkpoint_300000,question_D_hier90_linear10_two_phase_200k_seed98_13783525,300000,0.7537150382995605,5,6,quest,matrix_aux_detector_raw,406,0.0024630541871921183,0.004017068469253587
question_D_hier90_linear10_two_phase_200k_seed98_13783525__checkpoint_300000,question_D_hier90_linear10_two_phase_200k_seed98_13783525,300000,0.7537150382995605,5,7,quest,matrix_aux_detector_raw,406,1.0,0.9999823972509412
question_D_hier90_linear10_two_phase_200k_seed99_13787259__checkpoint_300000,question_D_hier90_linear10_two_phase_200k_seed99_13787259,300000,0.8715826272964478,0,0,quest,matrix_aux_detector_raw,406,0.0,5.950857135140187e-12
question_D_hier90_linear10_two_phase_200k_seed99_13787259__checkpoint_300000,question_D_hier90_linear10_two_phase_200k_seed99_13787259,300000,0.8715826272964478,0,1,quest,matrix_aux_detector_raw,406,0.0,3.794220246995947e-14
question_D_hier90_linear10_two_phase_200k_seed99_13787259__checkpoint_300000,question_D_hier90_linear10_two_phase_200k_seed99_13787259,300000,0.8715826272964478,0,2,quest,matrix_aux_detector_raw,406,0.0,1.74255431912358e-09
question_D_hier90_linear10_two_phase_200k_seed99_13787259__checkpoint_300000,question_D_hier90_linear10_two_phase_200k_seed99_13787259,300000,0.8715826272964478,0,3,quest,matrix_aux_detector_raw,406,0.0049261083743842365,0.006166805596067115
question_D_hier90_linear10_two_phase_200k_seed99_13787259__checkpoint_300000,question_D_hier90_linear10_two_phase_200k_seed99_13787259,300000,0.8715826272964478,0,4,quest,matrix_aux_detector_raw,406,0.0,1.8520934045134593e-14
question_D_hier90_linear10_two_phase_200k_seed99_13787259__checkpoint_300000,question_D_hier90_linear10_two_phase_200k_seed99_13787259,300000,0.8715826272964478,0,5,quest,matrix_aux_detector_raw,406,0.0,7.591725654760659e-36
question_D_hier90_linear10_two_phase_200k_seed99_13787259__checkpoint_300000,question_D_hier90_linear10_two_phase_200k_seed99_13787259,300000,0.8715826272964478,0,6,quest,matrix_aux_detector_raw,406,0.0,2.1760401453786298e-21
question_D_hier90_linear10_two_phase_200k_seed99_13787259__checkpoint_300000,question_D_hier90_linear10_two_phase_200k_seed99_13787259,300000,0.8715826272964478,0,7,quest,matrix_aux_detector_raw,406,0.31773399014778325,0.27525926438309284
question_D_hier90_linear10_two_phase_200k_seed99_13787259__checkpoint_300000,question_D_hier90_linear10_two_phase_200k_seed99_13787259,300000,0.8715826272964478,1,0,quest,matrix_aux_detector_raw,406,0.0,5.0280169542715804e-17
question_D_hier90_linear10_two_phase_200k_seed99_13787259__checkpoint_300000,question_D_hier90_linear10_two_phase_200k_seed99_13787259,300000,0.8715826272964478,1,1,quest,matrix_aux_detector_raw,406,0.0,2.4323042723777198e-06
question_D_hier90_linear10_two_phase_200k_seed99_13787259__checkpoint_300000,question_D_hier90_linear10_two_phase_200k_seed99_13787259,300000,0.8715826272964478,1,2,quest,matrix_aux_detector_raw,406,0.0,4.648073030967715e-12
question_D_hier90_linear10_two_phase_200k_seed99_13787259__checkpoint_300000,question_D_hier90_linear10_two_phase_200k_seed99_13787259,300000,0.8715826272964478,1,3,quest,matrix_aux_detector_raw,406,0.0,7.921073566257598e-15
question_D_hier90_linear10_two_phase_200k_seed99_13787259__checkpoint_300000,question_D_hier90_linear10_two_phase_200k_seed99_13787259,300000,0.8715826272964478,1,4,quest,matrix_aux_detector_raw,406,0.0,1.3197536141571051e-05
question_D_hier90_linear10_two_phase_200k_seed99_13787259__checkpoint_300000,question_D_hier90_linear10_two_phase_200k_seed99_13787259,300000,0.8715826272964478,1,5,quest,matrix_aux_detector_raw,406,0.0,1.175008220107265e-21
question_D_hier90_linear10_two_phase_200k_seed99_13787259__checkpoint_300000,question_D_hier90_linear10_two_phase_200k_seed99_13787259,300000,0.8715826272964478,1,6,quest,matrix_aux_detector_raw,406,0.0,8.824101763396641e-06
question_D_hier90_linear10_two_phase_200k_seed99_13787259__checkpoint_300000,question_D_hier90_linear10_two_phase_200k_seed99_13787259,300000,0.8715826272964478,1,7,quest,matrix_aux_detector_raw,406,0.0,1.2878994962290766e-07
question_D_hier90_linear10_two_phase_200k_seed99_13787259__checkpoint_300000,question_D_hier90_linear10_two_phase_200k_seed99_13787259,300000,0.8715826272964478,2,0,quest,matrix_aux_detector_raw,406,0.9975369458128078,0.9785508676592646
question_D_hier90_linear10_two_phase_200k_seed99_13787259__checkpoint_300000,question_D_hier90_linear10_two_phase_200k_seed99_13787259,300000,0.8715826272964478,2,1,quest,matrix_aux_detector_raw,406,0.0,0.00017853746655935977
question_D_hier90_linear10_two_phase_200k_seed99_13787259__checkpoint_300000,question_D_hier90_linear10_two_phase_200k_seed99_13787259,300000,0.8715826272964478,2,2,quest,matrix_aux_detector_raw,406,0.0,6.027972913448779e-37
question_D_hier90_linear10_two_phase_200k_seed99_13787259__checkpoint_300000,question_D_hier90_linear10_two_phase_200k_seed99_13787259,300000,0.8715826272964478,2,3,quest,matrix_aux_detector_raw,406,0.6995073891625616,0.6722935957501429
question_D_hier90_linear10_two_phase_200k_seed99_13787259__checkpoint_300000,question_D_hier90_linear10_two_phase_200k_seed99_13787259,300000,0.8715826272964478,2,4,quest,matrix_aux_detector_raw,406,0.0,3.514122997658132e-06
question_D_hier90_linear10_two_phase_200k_seed99_13787259__checkpoint_300000,question_D_hier90_linear10_two_phase_200k_seed99_13787259,300000,0.8715826272964478,2,5,quest,matrix_aux_detector_raw,406,0.017241379310344827,0.010367959726129031
question_D_hier90_linear10_two_phase_200k_seed99_13787259__checkpoint_300000,question_D_hier90_linear10_two_phase_200k_seed99_13787259,300000,0.8715826272964478,2,6,quest,matrix_aux_detector_raw,406,0.0,7.559275190000949e-08
question_D_hier90_linear10_two_phase_200k_seed99_13787259__checkpoint_300000,question_D_hier90_linear10_two_phase_200k_seed99_13787259,300000,0.8715826272964478,2,7,quest,matrix_aux_detector_raw,406,0.0,1.6627105764633749e-09
question_D_hier90_linear10_two_phase_200k_seed99_13787259__checkpoint_300000,question_D_hier90_linear10_two_phase_200k_seed99_13787259,300000,0.8715826272964478,3,0,quest,matrix_aux_detector_raw,406,0.0,3.875180243226102e-16
question_D_hier90_linear10_two_phase_200k_seed99_13787259__checkpoint_300000,question_D_hier90_linear10_two_phase_200k_seed99_13787259,300000,0.8715826272964478,3,1,quest,matrix_aux_detector_raw,406,1.0,0.9999694822750655
question_D_hier90_linear10_two_phase_200k_seed99_13787259__checkpoint_300000,question_D_hier90_linear10_two_phase_200k_seed99_13787259,300000,0.8715826272964478,3,2,quest,matrix_aux_detector_raw,406,1.0,0.9999730192088141
question_D_hier90_linear10_two_phase_200k_seed99_13787259__checkpoint_300000,question_D_hier90_linear10_two_phase_200k_seed99_13787259,300000,0.8715826272964478,3,3,quest,matrix_aux_detector_raw,406,0.6600985221674877,0.5899111699367411
question_D_hier90_linear10_two_phase_200k_seed99_13787259__checkpoint_300000,question_D_hier90_linear10_two_phase_200k_seed99_13787259,300000,0.8715826272964478,3,4,quest,matrix_aux_detector_raw,406,0.0,4.719964487546477e-10
question_D_hier90_linear10_two_phase_200k_seed99_13787259__checkpoint_300000,question_D_hier90_linear10_two_phase_200k_seed99_13787259,300000,0.8715826272964478,3,5,quest,matrix_aux_detector_raw,406,1.0,0.9971575121867833
question_D_hier90_linear10_two_phase_200k_seed99_13787259__checkpoint_300000,question_D_hier90_linear10_two_phase_200k_seed99_13787259,300000,0.8715826272964478,3,6,quest,matrix_aux_detector_raw,406,0.0,0.000147182416604227
question_D_hier90_linear10_two_phase_200k_seed99_13787259__checkpoint_300000,question_D_hier90_linear10_two_phase_200k_seed99_13787259,300000,0.8715826272964478,3,7,quest,matrix_aux_detector_raw,406,0.0,1.1946875483022031e-14
question_D_hier90_linear10_two_phase_200k_seed99_13787259__checkpoint_300000,question_D_hier90_linear10_two_phase_200k_seed99_13787259,300000,0.8715826272964478,4,0,quest,matrix_aux_detector_raw,406,1.0,0.999998961763429
question_D_hier90_linear10_two_phase_200k_seed99_13787259__checkpoint_300000,question_D_hier90_linear10_two_phase_200k_seed99_13787259,300000,0.8715826272964478,4,1,quest,matrix_aux_detector_raw,406,1.0,0.9999846786701033
question_D_hier90_linear10_two_phase_200k_seed99_13787259__checkpoint_300000,question_D_hier90_linear10_two_phase_200k_seed99_13787259,300000,0.8715826272964478,4,2,quest,matrix_aux_detector_raw,406,0.0,4.80874224397786e-11
question_D_hier90_linear10_two_phase_200k_seed99_13787259__checkpoint_300000,question_D_hier90_linear10_two_phase_200k_seed99_13787259,300000,0.8715826272964478,4,3,quest,matrix_aux_detector_raw,406,0.0,1.7450761245347226e-05
question_D_hier90_linear10_two_phase_200k_seed99_13787259__checkpoint_300000,question_D_hier90_linear10_two_phase_200k_seed99_13787259,300000,0.8715826272964478,4,4,quest,matrix_aux_detector_raw,406,1.0,0.9999999979446674
question_D_hier90_linear10_two_phase_200k_seed99_13787259__checkpoint_300000,question_D_hier90_linear10_two_phase_200k_seed99_13787259,300000,0.8715826272964478,4,5,quest,matrix_aux_detector_raw,406,0.0,1.8803288745053038e-07
question_D_hier90_linear10_two_phase_200k_seed99_13787259__checkpoint_300000,question_D_hier90_linear10_two_phase_200k_seed99_13787259,300000,0.8715826272964478,4,6,quest,matrix_aux_detector_raw,406,0.0,1.5772347430477072e-09
question_D_hier90_linear10_two_phase_200k_seed99_13787259__checkpoint_300000,question_D_hier90_linear10_two_phase_200k_seed99_13787259,300000,0.8715826272964478,4,7,quest,matrix_aux_detector_raw,406,0.0,4.144424733686766e-08
question_D_hier90_linear10_two_phase_200k_seed99_13787259__checkpoint_300000,question_D_hier90_linear10_two_phase_200k_seed99_13787259,300000,0.8715826272964478,5,0,quest,matrix_aux_detector_raw,406,0.014778325123152709,0.015284527327218144
question_D_hier90_linear10_two_phase_200k_seed99_13787259__checkpoint_300000,question_D_hier90_linear10_two_phase_200k_seed99_13787259,300000,0.8715826272964478,5,1,quest,matrix_aux_detector_raw,406,0.0024630541871921183,0.008423191545991216
question_D_hier90_linear10_two_phase_200k_seed99_13787259__checkpoint_300000,question_D_hier90_linear10_two_phase_200k_seed99_13787259,300000,0.8715826272964478,5,2,quest,matrix_aux_detector_raw,406,0.14532019704433496,0.08308661048788511
question_D_hier90_linear10_two_phase_200k_seed99_13787259__checkpoint_300000,question_D_hier90_linear10_two_phase_200k_seed99_13787259,300000,0.8715826272964478,5,3,quest,matrix_aux_detector_raw,406,0.0,5.278269402507612e-05
question_D_hier90_linear10_two_phase_200k_seed99_13787259__checkpoint_300000,question_D_hier90_linear10_two_phase_200k_seed99_13787259,300000,0.8715826272964478,5,4,quest,matrix_aux_detector_raw,406,0.0,0.00011522999275305239
question_D_hier90_linear10_two_phase_200k_seed99_13787259__checkpoint_300000,question_D_hier90_linear10_two_phase_200k_seed99_13787259,300000,0.8715826272964478,5,5,quest,matrix_aux_detector_raw,406,0.0,0.004137044457880565
question_D_hier90_linear10_two_phase_200k_seed99_13787259__checkpoint_300000,question_D_hier90_linear10_two_phase_200k_seed99_13787259,300000,0.8715826272964478,5,6,quest,matrix_aux_detector_raw,406,0.0,0.0010756244704466858
question_D_hier90_linear10_two_phase_200k_seed99_13787259__checkpoint_300000,question_D_hier90_linear10_two_phase_200k_seed99_13787259,300000,0.8715826272964478,5,7,quest,matrix_aux_detector_raw,406,0.0,1.5452993716165903e-05
